time,enrolled,available,waitlisted,total
2022-05-19T16:02:06,0,119988,0,119988
2022-05-19T16:12:24,0,119988,0,119988
2022-05-19T16:22:41,0,119988,0,119988
2022-05-19T16:33:00,0,119988,0,119988
2022-05-19T16:43:30,0,119988,0,119988
2022-05-19T16:53:47,0,119988,0,119988
2022-05-19T17:04:04,0,119988,0,119988
2022-05-19T17:14:22,0,119988,0,119988
2022-05-19T17:24:39,0,119988,0,119988
2022-05-19T17:34:54,0,119988,0,119988
2022-05-19T17:45:11,0,119988,0,119988
2022-05-19T17:55:46,0,119988,0,119988
2022-05-19T18:06:02,0,119988,0,119988
2022-05-19T18:16:17,0,119988,0,119988
2022-05-19T18:26:32,0,119988,0,119988
2022-05-19T18:36:48,0,119988,0,119988
2022-05-19T18:47:03,0,119988,0,119988
2022-05-19T18:57:23,0,119988,0,119988
2022-05-19T19:07:48,0,119988,0,119988
2022-05-19T19:18:15,0,119988,0,119988
2022-05-19T19:28:53,0,119988,0,119988
2022-05-19T19:39:23,0,119988,0,119988
2022-05-19T19:49:48,0,119988,0,119988
2022-05-19T20:00:13,0,119988,0,119988
2022-05-19T20:10:41,0,119988,0,119988
2022-05-19T20:21:02,0,119988,0,119988
2022-05-19T20:31:29,0,119988,0,119988
2022-05-19T20:41:46,0,119988,0,119988
2022-05-19T20:52:08,0,119988,0,119988
2022-05-19T21:02:30,0,119988,0,119988
2022-05-19T21:12:53,0,119988,0,119988
2022-05-19T21:23:16,0,119988,0,119988
2022-05-19T21:33:39,0,119988,0,119988
2022-05-19T21:44:01,0,119988,0,119988
2022-05-19T21:54:34,0,119988,0,119988
2022-05-19T22:04:56,0,119988,0,119988
2022-05-19T22:15:17,0,119988,0,119988
2022-05-19T22:25:35,0,119988,0,119988
2022-05-19T22:35:54,0,119988,0,119988
2022-05-19T22:46:10,0,119988,0,119988
2022-05-19T22:56:24,0,119988,0,119988
2022-05-19T23:06:39,0,119988,0,119988
2022-05-19T23:16:54,0,119988,0,119988
2022-05-19T23:27:14,0,119988,0,119988
2022-05-19T23:37:48,0,119988,0,119988
2022-05-19T23:48:02,0,119988,0,119988
2022-05-19T23:58:16,0,119988,0,119988
2022-05-20T00:08:34,0,119988,0,119988
2022-05-20T00:18:55,0,119988,0,119988
2022-05-20T00:29:09,0,119988,0,119988
2022-05-20T00:39:25,0,119988,0,119988
2022-05-20T00:49:41,0,119988,0,119988
2022-05-20T00:59:57,0,119988,0,119988
2022-05-20T01:10:13,0,119988,0,119988
2022-05-20T01:20:41,0,119988,0,119988
2022-05-20T01:30:54,0,119988,0,119988
2022-05-20T01:41:08,0,119988,0,119988
2022-05-20T01:51:24,0,119988,0,119988
2022-05-20T02:01:38,0,119988,0,119988
2022-05-20T02:11:53,0,119988,0,119988
2022-05-20T02:22:16,0,119988,0,119988
2022-05-20T02:32:33,0,119988,0,119988
2022-05-20T02:42:48,0,119988,0,119988
2022-05-20T02:53:02,0,119988,0,119988
2022-05-20T03:03:17,0,119988,0,119988
2022-05-20T03:13:31,0,119988,0,119988
2022-05-20T03:23:45,0,119988,0,119988
2022-05-20T03:33:59,0,119988,0,119988
2022-05-20T03:44:15,0,119988,0,119988
2022-05-20T03:54:30,0,119988,0,119988
2022-05-20T04:30:48,0,119988,0,119988
2022-05-20T04:41:05,0,119988,0,119988
2022-05-20T04:51:22,0,119988,0,119988
2022-05-20T05:01:38,0,119988,0,119988
2022-05-20T05:11:54,0,119988,0,119988
2022-05-20T05:22:09,0,119988,0,119988
2022-05-20T05:32:25,0,119988,0,119988
2022-05-20T05:42:40,0,119988,0,119988
2022-05-20T05:52:56,0,119988,0,119988
2022-05-20T06:03:12,0,119988,0,119988
2022-05-20T06:13:26,0,119988,0,119988
2022-05-20T06:23:43,0,119988,0,119988
2022-05-20T06:33:57,0,119988,0,119988
2022-05-20T06:44:11,0,119988,0,119988
2022-05-20T06:54:25,0,119988,0,119988
2022-05-20T07:04:41,0,119988,0,119988
2022-05-20T07:14:55,0,119988,0,119988
2022-05-20T07:25:09,0,119988,0,119988
2022-05-20T07:35:22,0,119988,0,119988
2022-05-20T07:45:37,0,119988,0,119988
2022-05-20T07:55:51,0,119988,0,119988
2022-05-20T08:06:05,0,119988,0,119988
2022-05-20T08:16:19,0,119988,0,119988
2022-05-20T08:26:35,0,119988,0,119988
2022-05-20T08:36:49,0,119988,0,119988
2022-05-20T08:47:04,0,119988,0,119988
2022-05-20T08:57:19,0,119988,0,119988
2022-05-20T09:07:34,0,119988,0,119988
2022-05-20T09:18:02,0,119988,0,119988
2022-05-20T09:28:18,0,119988,0,119988
2022-05-20T09:38:34,0,119988,0,119988
2022-05-20T09:48:50,0,119988,0,119988
2022-05-20T09:59:06,0,119988,0,119988
2022-05-20T10:09:23,0,119988,0,119988
2022-05-20T10:19:38,0,119988,0,119988
2022-05-20T10:29:54,0,119988,0,119988
2022-05-20T10:40:10,0,119988,0,119988
2022-05-20T10:50:38,0,119988,0,119988
2022-05-20T11:00:55,0,119988,0,119988
2022-05-20T11:11:11,0,119988,0,119988
2022-05-20T11:21:27,0,119988,0,119988
2022-05-20T11:31:43,0,119988,0,119988
2022-05-20T11:41:59,0,119988,0,119988
2022-05-20T11:52:29,0,119988,0,119988
2022-05-20T12:02:45,0,119988,0,119988
2022-05-20T12:13:00,0,119988,0,119988
2022-05-20T12:23:15,0,119988,0,119988
2022-05-20T12:33:30,0,119988,0,119988
2022-05-20T12:43:46,0,119988,0,119988
2022-05-20T12:54:02,0,119988,0,119988
2022-05-20T13:04:29,0,119988,0,119988
2022-05-20T13:14:45,0,119988,0,119988
2022-05-20T13:25:01,0,119988,0,119988
2022-05-20T13:35:18,0,119988,0,119988
2022-05-20T13:45:34,0,119988,0,119988
2022-05-20T13:55:50,0,119988,0,119988
2022-05-20T14:06:16,0,119988,0,119988
2022-05-20T14:16:32,0,119988,0,119988
2022-05-20T14:26:47,0,119988,0,119988
2022-05-20T14:37:03,0,119988,0,119988
2022-05-20T14:47:19,0,119988,0,119988
2022-05-20T14:57:34,0,119988,0,119988
2022-05-20T15:08:00,0,119988,0,119988
2022-05-20T15:18:15,0,119988,0,119988
2022-05-20T15:28:31,0,119988,0,119988
2022-05-20T15:38:45,0,119988,0,119988
2022-05-20T15:49:01,0,119988,0,119988
2022-05-20T15:59:15,0,119988,0,119988
2022-05-20T16:09:31,0,119988,0,119988
2022-05-20T16:19:56,0,119988,0,119988
2022-05-20T16:30:11,0,119988,0,119988
2022-05-20T16:40:25,0,119988,0,119988
2022-05-20T16:50:39,0,119988,0,119988
2022-05-20T17:00:53,0,119988,0,119988
2022-05-20T17:11:08,0,119988,0,119988
2022-05-20T17:21:22,0,119988,0,119988
2022-05-20T17:31:36,0,119988,0,119988
2022-05-20T17:41:50,0,119988,0,119988
2022-05-20T17:52:04,0,119988,0,119988
2022-05-20T18:02:18,0,119988,0,119988
2022-05-20T18:12:41,0,119988,0,119988
2022-05-20T18:22:55,0,119988,0,119988
2022-05-20T18:33:08,0,119988,0,119988
2022-05-20T18:43:21,0,119988,0,119988
2022-05-20T18:53:35,0,119988,0,119988
2022-05-20T19:03:48,0,119988,0,119988
2022-05-20T19:14:03,0,119988,0,119988
2022-05-20T19:24:17,0,119988,0,119988
2022-05-20T19:34:30,0,119988,0,119988
2022-05-20T19:44:45,0,119988,0,119988
2022-05-20T19:54:58,0,119988,0,119988
2022-05-20T20:05:22,0,119988,0,119988
2022-05-20T20:15:35,0,119988,0,119988
2022-05-20T20:25:49,0,119988,0,119988
2022-05-20T20:36:03,0,119988,0,119988
2022-05-20T20:46:16,0,119988,0,119988
2022-05-20T20:56:30,0,119988,0,119988
2022-05-20T21:06:43,0,119988,0,119988
2022-05-20T21:16:57,0,119988,0,119988
2022-05-20T21:27:21,0,119988,0,119988
2022-05-20T21:37:35,0,119988,0,119988
2022-05-20T21:47:48,0,119988,0,119988
2022-05-20T21:58:02,0,119988,0,119988
2022-05-20T22:08:17,0,119988,0,119988
2022-05-20T22:18:31,0,119988,0,119988
2022-05-20T22:28:45,0,119988,0,119988
2022-05-20T22:38:58,0,119988,0,119988
2022-05-20T22:49:12,0,119988,0,119988
2022-05-20T22:59:25,0,119988,0,119988
2022-05-20T23:09:40,0,119988,0,119988
2022-05-20T23:20:04,0,119988,0,119988
2022-05-20T23:30:18,0,119988,0,119988
2022-05-20T23:40:32,0,119988,0,119988
2022-05-20T23:50:45,0,119988,0,119988
2022-05-21T00:00:58,0,119988,0,119988
2022-05-21T00:11:14,0,119988,0,119988
2022-05-21T00:21:31,0,119988,0,119988
2022-05-21T00:31:46,0,119988,0,119988
2022-05-21T00:42:03,0,119988,0,119988
2022-05-21T00:52:18,0,119988,0,119988
2022-05-21T01:02:33,0,119988,0,119988
2022-05-21T01:12:49,0,119988,0,119988
2022-05-21T01:23:04,0,119988,0,119988
2022-05-21T01:33:19,0,119988,0,119988
2022-05-21T01:43:34,0,119988,0,119988
2022-05-21T01:53:49,0,119988,0,119988
2022-05-21T02:04:13,0,119988,0,119988
2022-05-21T02:14:27,0,119988,0,119988
2022-05-21T02:24:40,0,119988,0,119988
2022-05-21T02:34:53,0,119988,0,119988
2022-05-21T02:45:06,0,119988,0,119988
2022-05-21T02:55:19,0,119988,0,119988
2022-05-21T03:05:32,0,119988,0,119988
2022-05-21T03:15:47,0,119988,0,119988
2022-05-21T03:26:06,0,119988,0,119988
2022-05-21T03:36:21,0,119988,0,119988
2022-05-21T03:46:37,0,119988,0,119988
2022-05-21T03:56:52,0,119988,0,119988
2022-05-21T04:07:07,0,119988,0,119988
2022-05-21T04:22:28,0,119988,0,119988
2022-05-21T04:33:53,0,119988,0,119988
2022-05-21T04:44:25,0,119988,0,119988
2022-05-21T04:54:40,0,119988,0,119988
2022-05-21T05:04:56,0,119988,0,119988
2022-05-21T05:15:12,0,119988,0,119988
2022-05-21T05:25:28,0,119988,0,119988
2022-05-21T05:35:44,0,119988,0,119988
2022-05-21T05:45:59,0,119988,0,119988
2022-05-21T05:56:15,0,119988,0,119988
2022-05-21T06:06:31,0,119988,0,119988
2022-05-21T06:16:45,0,119988,0,119988
2022-05-21T06:27:02,0,119988,0,119988
2022-05-21T06:37:17,0,119988,0,119988
2022-05-21T06:47:33,0,119988,0,119988
2022-05-21T06:57:48,0,119988,0,119988
2022-05-21T07:08:04,0,119988,0,119988
2022-05-21T07:18:19,0,119988,0,119988
2022-05-21T07:28:34,0,119988,0,119988
2022-05-21T07:38:49,0,119988,0,119988
2022-05-21T07:49:04,0,119988,0,119988
2022-05-21T07:59:19,0,119988,0,119988
2022-05-21T08:09:33,0,119988,0,119988
2022-05-21T08:19:50,0,119988,0,119988
2022-05-21T08:30:04,0,119988,0,119988
2022-05-21T08:40:19,0,119988,0,119988
2022-05-21T08:50:56,0,119988,0,119988
2022-05-21T09:01:10,0,119988,0,119988
2022-05-21T09:11:23,0,119988,0,119988
2022-05-21T09:21:36,0,119988,0,119988
2022-05-21T09:31:49,0,119988,0,119988
2022-05-21T09:42:02,0,119988,0,119988
2022-05-21T09:52:15,0,119988,0,119988
2022-05-21T10:02:28,0,119988,0,119988
2022-05-21T10:12:42,0,119988,0,119988
2022-05-21T10:22:55,0,119988,0,119988
2022-05-21T10:33:08,0,119988,0,119988
2022-05-21T10:43:21,0,119988,0,119988
2022-05-21T10:53:34,0,119988,0,119988
2022-05-21T11:03:48,0,119988,0,119988
2022-05-21T11:14:13,0,119988,0,119988
2022-05-21T11:24:26,0,119988,0,119988
2022-05-21T11:34:40,0,119988,0,119988
2022-05-21T11:44:54,0,119988,0,119988
2022-05-21T11:55:07,0,119988,0,119988
2022-05-21T12:05:21,0,119988,0,119988
2022-05-21T12:15:35,0,119988,0,119988
2022-05-21T12:25:49,0,119988,0,119988
2022-05-21T12:36:22,0,119988,0,119988
2022-05-21T12:46:35,0,119988,0,119988
2022-05-21T12:56:49,0,119988,0,119988
2022-05-21T13:07:03,0,119988,0,119988
2022-05-21T13:17:16,0,119988,0,119988
2022-05-21T13:27:30,0,119988,0,119988
2022-05-21T13:37:43,0,119988,0,119988
2022-05-21T13:47:56,0,119988,0,119988
2022-05-21T13:58:09,0,119988,0,119988
2022-05-21T14:08:23,0,119988,0,119988
2022-05-21T14:18:47,0,119988,0,119988
2022-05-21T14:29:00,0,119988,0,119988
2022-05-21T14:39:13,0,119988,0,119988
2022-05-21T14:49:28,0,119988,0,119988
2022-05-21T14:59:43,0,119988,0,119988
2022-05-21T15:09:56,0,119988,0,119988
2022-05-21T15:20:10,0,119988,0,119988
2022-05-21T15:30:33,0,119988,0,119988
2022-05-21T15:40:47,0,119988,0,119988
2022-05-21T15:51:00,0,119988,0,119988
2022-05-21T16:01:14,0,119988,0,119988
2022-05-21T16:11:28,0,119988,0,119988
2022-05-21T16:21:41,0,119988,0,119988
2022-05-21T16:31:54,0,119988,0,119988
2022-05-21T16:42:08,0,119988,0,119988
2022-05-21T16:52:21,0,119988,0,119988
2022-05-21T17:02:53,0,119988,0,119988
2022-05-21T17:13:07,0,119988,0,119988
2022-05-21T17:23:21,0,119988,0,119988
2022-05-21T17:33:35,0,119988,0,119988
2022-05-21T17:43:48,0,119988,0,119988
2022-05-21T17:54:01,0,119988,0,119988
2022-05-21T18:04:14,0,119988,0,119988
2022-05-21T18:14:28,0,119988,0,119988
2022-05-21T18:24:41,0,119988,0,119988
2022-05-21T18:34:55,0,119988,0,119988
2022-05-21T18:45:09,0,119988,0,119988
2022-05-21T18:55:50,0,119988,0,119988
2022-05-21T19:06:03,0,119988,0,119988
2022-05-21T19:16:17,0,119988,0,119988
2022-05-21T19:26:30,0,119988,0,119988
2022-05-21T19:36:43,0,119988,0,119988
2022-05-21T19:46:58,0,119988,0,119988
2022-05-21T19:57:12,0,119988,0,119988
2022-05-21T20:07:27,0,119988,0,119988
2022-05-21T20:17:40,0,119988,0,119988
2022-05-21T20:27:53,0,119988,0,119988
2022-05-21T20:38:19,0,119988,0,119988
2022-05-21T20:48:32,0,119988,0,119988
2022-05-21T20:58:46,0,119988,0,119988
2022-05-21T21:08:59,0,119988,0,119988
2022-05-21T21:19:13,0,119988,0,119988
2022-05-21T21:29:26,0,119988,0,119988
2022-05-21T21:39:40,0,119988,0,119988
2022-05-21T21:49:53,0,119988,0,119988
2022-05-21T22:00:06,0,119988,0,119988
2022-05-21T22:10:19,0,119988,0,119988
2022-05-21T22:20:56,0,119988,0,119988
2022-05-21T22:31:09,0,119988,0,119988
2022-05-21T22:41:22,0,119988,0,119988
2022-05-21T22:51:35,0,119988,0,119988
2022-05-21T23:01:48,0,119988,0,119988
2022-05-21T23:12:02,0,119988,0,119988
2022-05-21T23:22:16,0,119988,0,119988
2022-05-21T23:32:29,0,119988,0,119988
2022-05-21T23:42:41,0,119988,0,119988
2022-05-21T23:52:54,0,119988,0,119988
2022-05-22T00:03:08,0,119988,0,119988
2022-05-22T00:13:22,0,119988,0,119988
2022-05-22T00:23:37,0,119988,0,119988
2022-05-22T00:34:03,0,119988,0,119988
2022-05-22T00:44:17,0,119988,0,119988
2022-05-22T00:54:30,0,119988,0,119988
2022-05-22T01:04:43,0,119988,0,119988
2022-05-22T01:14:55,0,119988,0,119988
2022-05-22T01:25:08,0,119988,0,119988
2022-05-22T01:35:21,0,119988,0,119988
2022-05-22T01:45:34,0,119988,0,119988
2022-05-22T01:55:47,0,119988,0,119988
2022-05-22T02:05:59,0,119988,0,119988
2022-05-22T02:16:12,0,119988,0,119988
2022-05-22T02:26:26,0,119988,0,119988
2022-05-22T02:36:43,0,119988,0,119988
2022-05-22T02:46:59,0,119988,0,119988
2022-05-22T02:57:14,0,119988,0,119988
2022-05-22T03:08:24,0,119988,0,119988
2022-05-22T03:18:40,0,119988,0,119988
2022-05-22T03:28:56,0,119988,0,119988
2022-05-22T03:39:12,0,119988,0,119988
2022-05-22T03:49:36,0,119988,0,119988
2022-05-22T03:59:51,0,119988,0,119988
2022-05-22T04:20:35,0,119988,0,119988
2022-05-22T04:31:17,0,119988,0,119988
2022-05-22T04:41:33,0,119988,0,119988
2022-05-22T04:51:49,0,119988,0,119988
2022-05-22T05:02:04,0,119988,0,119988
2022-05-22T05:12:21,0,119988,0,119988
2022-05-22T05:22:37,0,119988,0,119988
2022-05-22T05:32:52,0,119988,0,119988
2022-05-22T05:43:07,0,119988,0,119988
2022-05-22T05:53:23,0,119988,0,119988
2022-05-22T06:03:38,0,119988,0,119988
2022-05-22T06:13:53,0,119988,0,119988
2022-05-22T06:24:08,0,119988,0,119988
2022-05-22T06:34:23,0,119988,0,119988
2022-05-22T06:44:38,0,119988,0,119988
2022-05-22T06:54:52,0,119988,0,119988
2022-05-22T07:05:06,0,119988,0,119988
2022-05-22T07:15:19,0,119988,0,119988
2022-05-22T07:25:32,0,119988,0,119988
2022-05-22T07:35:45,0,119988,0,119988
2022-05-22T07:45:59,0,119988,0,119988
2022-05-22T07:56:12,0,119988,0,119988
2022-05-22T08:06:25,0,119988,0,119988
2022-05-22T08:16:37,0,119988,0,119988
2022-05-22T08:26:51,0,119988,0,119988
2022-05-22T08:37:04,0,119988,0,119988
2022-05-22T08:47:17,0,119988,0,119988
2022-05-22T08:57:30,0,119988,0,119988
2022-05-22T09:07:43,0,119988,0,119988
2022-05-22T09:17:56,0,119988,0,119988
2022-05-22T09:28:10,0,119988,0,119988
2022-05-22T09:38:23,0,119988,0,119988
2022-05-22T09:48:36,0,119988,0,119988
2022-05-22T09:58:49,0,119988,0,119988
2022-05-22T10:09:02,0,119988,0,119988
2022-05-22T10:19:16,0,119988,0,119988
2022-05-22T10:29:30,0,119988,0,119988
2022-05-22T10:39:44,0,119988,0,119988
2022-05-22T10:49:58,0,119988,0,119988
2022-05-22T11:00:11,0,119988,0,119988
2022-05-22T11:10:32,0,119988,0,119988
2022-05-22T11:20:45,0,119988,0,119988
2022-05-22T11:30:58,0,119988,0,119988
2022-05-22T11:41:12,0,119988,0,119988
2022-05-22T11:51:25,0,119988,0,119988
2022-05-22T12:01:39,0,119988,0,119988
2022-05-22T12:11:52,0,119988,0,119988
2022-05-22T12:22:05,0,119988,0,119988
2022-05-22T12:32:18,0,119988,0,119988
2022-05-22T12:42:32,0,119988,0,119988
2022-05-22T12:52:45,0,119988,0,119988
2022-05-22T13:02:58,0,119988,0,119988
2022-05-22T13:13:11,0,119988,0,119988
2022-05-22T13:23:33,0,119988,0,119988
2022-05-22T13:33:46,0,119988,0,119988
2022-05-22T13:43:59,0,119988,0,119988
2022-05-22T13:54:12,0,119988,0,119988
2022-05-22T14:04:28,0,119988,0,119988
2022-05-22T14:14:41,0,119988,0,119988
2022-05-22T14:24:54,0,119988,0,119988
2022-05-22T14:35:08,0,119988,0,119988
2022-05-22T14:45:21,0,119988,0,119988
2022-05-22T14:55:33,0,119988,0,119988
2022-05-22T15:05:47,0,119988,0,119988
2022-05-22T15:16:00,0,119988,0,119988
2022-05-22T15:26:14,0,119988,0,119988
2022-05-22T15:36:27,0,119988,0,119988
2022-05-22T15:46:52,0,119988,0,119988
2022-05-22T15:57:05,0,119988,0,119988
2022-05-22T16:07:19,0,119988,0,119988
2022-05-22T16:17:33,0,119988,0,119988
2022-05-22T16:27:46,0,119988,0,119988
2022-05-22T16:38:00,0,119988,0,119988
2022-05-22T16:48:13,0,119988,0,119988
2022-05-22T16:58:26,0,119988,0,119988
2022-05-22T17:08:40,0,119988,0,119988
2022-05-22T17:18:53,0,119988,0,119988
2022-05-22T17:29:06,0,119988,0,119988
2022-05-22T17:39:20,0,119988,0,119988
2022-05-22T17:49:43,0,119988,0,119988
2022-05-22T17:59:56,0,119988,0,119988
2022-05-22T18:10:10,0,119988,0,119988
2022-05-22T18:20:23,0,119988,0,119988
2022-05-22T18:30:36,0,119988,0,119988
2022-05-22T18:40:50,0,119988,0,119988
2022-05-22T18:51:03,0,119988,0,119988
2022-05-22T19:01:17,0,119988,0,119988
2022-05-22T19:11:30,0,119988,0,119988
2022-05-22T19:21:46,0,119988,0,119988
2022-05-22T19:31:59,0,119988,0,119988
2022-05-22T19:42:12,0,119988,0,119988
2022-05-22T19:52:25,0,119988,0,119988
2022-05-22T20:02:49,0,119988,0,119988
2022-05-22T20:13:02,0,119988,0,119988
2022-05-22T20:23:17,0,119988,0,119988
2022-05-22T20:33:32,0,119988,0,119988
2022-05-22T20:43:45,0,119988,0,119988
2022-05-22T20:53:58,0,119988,0,119988
2022-05-22T21:04:12,0,119988,0,119988
2022-05-22T21:14:25,0,119988,0,119988
2022-05-22T21:24:39,0,119988,0,119988
2022-05-22T21:35:01,0,119988,0,119988
2022-05-22T21:45:16,0,119988,0,119988
2022-05-22T21:55:29,0,119988,0,119988
2022-05-22T22:05:43,0,119988,0,119988
2022-05-22T22:15:57,0,119988,0,119988
2022-05-22T22:26:12,0,119988,0,119988
2022-05-22T22:36:26,0,119988,0,119988
2022-05-22T22:46:40,0,119988,0,119988
2022-05-22T22:56:53,0,119988,0,119988
2022-05-22T23:07:18,0,119988,0,119988
2022-05-22T23:17:31,0,119988,0,119988
2022-05-22T23:27:46,0,119988,0,119988
2022-05-22T23:37:59,0,119988,0,119988
2022-05-22T23:48:14,0,119988,0,119988
2022-05-22T23:58:29,0,119988,0,119988
2022-05-23T00:08:44,0,119988,0,119988
2022-05-23T00:19:03,0,119988,0,119988
2022-05-23T00:29:18,0,119988,0,119988
2022-05-23T00:39:32,0,119988,0,119988
2022-05-23T00:49:47,0,119988,0,119988
2022-05-23T01:00:01,0,119988,0,119988
2022-05-23T01:10:28,0,119988,0,119988
2022-05-23T01:20:43,0,119988,0,119988
2022-05-23T01:30:59,0,119988,0,119988
2022-05-23T01:41:13,0,119988,0,119988
2022-05-23T01:51:27,0,119988,0,119988
2022-05-23T02:01:42,0,119988,0,119988
2022-05-23T02:14:11,0,119988,0,119988
2022-05-23T02:24:33,0,119988,0,119988
2022-05-23T02:34:48,0,119988,0,119988
2022-05-23T02:45:02,0,119988,0,119988
2022-05-23T02:55:18,0,119988,0,119988
2022-05-23T03:05:33,0,119988,0,119988
2022-05-23T03:15:48,0,119988,0,119988
2022-05-23T03:26:10,0,119988,0,119988
2022-05-23T03:36:25,0,119988,0,119988
2022-05-23T03:46:40,0,119988,0,119988
2022-05-23T03:56:55,0,119988,0,119988
2022-05-23T04:19:23,0,119988,0,119988
2022-05-23T04:30:49,0,119988,0,119988
2022-05-23T04:41:22,0,119988,0,119988
2022-05-23T04:51:39,0,119988,0,119988
2022-05-23T05:01:55,0,119988,0,119988
2022-05-23T05:12:11,0,119988,0,119988
2022-05-23T05:22:27,0,119988,0,119988
2022-05-23T05:32:43,0,119988,0,119988
2022-05-23T05:42:59,0,119988,0,119988
2022-05-23T05:53:14,0,119988,0,119988
2022-05-23T06:03:30,0,119988,0,119988
2022-05-23T06:13:44,0,119988,0,119988
2022-05-23T06:23:59,0,119988,0,119988
2022-05-23T06:34:13,0,119988,0,119988
2022-05-23T06:44:27,0,119988,0,119988
2022-05-23T06:54:41,0,119988,0,119988
2022-05-23T07:04:55,0,119988,0,119988
2022-05-23T07:15:09,0,119988,0,119988
2022-05-23T07:25:23,0,119988,0,119988
2022-05-23T07:35:38,0,119988,0,119988
2022-05-23T07:45:53,0,119988,0,119988
2022-05-23T07:56:06,0,119988,0,119988
2022-05-23T08:06:21,0,119988,0,119988
2022-05-23T08:16:36,0,119988,0,119988
2022-05-23T08:27:02,0,119988,0,119988
2022-05-23T08:37:18,0,119988,0,119988
2022-05-23T08:47:34,0,119988,0,119988
2022-05-23T08:57:49,0,119988,0,119988
2022-05-23T09:08:07,0,119988,0,119988
2022-05-23T09:18:23,0,119988,0,119988
2022-05-23T09:28:40,0,119988,0,119988
2022-05-23T09:38:58,0,119988,0,119988
2022-05-23T09:49:33,0,119988,0,119988
2022-05-23T09:59:49,0,119988,0,119988
2022-05-23T10:10:08,0,119988,0,119988
2022-05-23T10:20:26,0,119988,0,119988
2022-05-23T10:30:44,0,119988,0,119988
2022-05-23T10:41:01,0,119988,0,119988
2022-05-23T10:51:32,0,119988,0,119988
2022-05-23T11:01:50,0,119988,0,119988
2022-05-23T11:12:07,0,119988,0,119988
2022-05-23T11:22:24,0,119988,0,119988
2022-05-23T11:33:04,0,119988,0,119988
2022-05-23T11:43:23,0,119988,0,119988
2022-05-23T11:53:41,0,119988,0,119988
2022-05-23T12:04:02,0,119988,0,119988
2022-05-23T12:14:31,0,119988,0,119988
2022-05-23T12:24:49,0,119988,0,119988
2022-05-23T12:35:08,0,119988,0,119988
2022-05-23T12:45:35,0,119988,0,119988
2022-05-23T12:55:53,0,119988,0,119988
2022-05-23T13:06:13,0,119988,0,119988
2022-05-23T13:16:33,0,119988,0,119988
2022-05-23T13:27:12,0,119988,0,119988
2022-05-23T13:37:30,0,119988,0,119988
2022-05-23T13:47:50,0,119988,0,119988
2022-05-23T13:58:10,0,119988,0,119988
2022-05-23T14:08:42,0,119988,0,119988
2022-05-23T14:19:01,0,119988,0,119988
2022-05-23T14:29:19,0,119988,0,119988
2022-05-23T14:39:50,0,119988,0,119988
2022-05-23T14:50:09,0,119988,0,119988
2022-05-23T15:00:27,0,119988,0,119988
2022-05-23T15:10:59,0,119988,0,119988
2022-05-23T15:21:18,0,119988,0,119988
2022-05-23T15:31:37,0,119988,0,119988
2022-05-23T15:41:58,0,119988,0,119988
2022-05-23T15:52:38,0,119988,0,119988
2022-05-23T16:03:01,0,119988,0,119988
2022-05-23T16:13:19,0,119988,0,119988
2022-05-23T16:23:49,0,119988,0,119988
2022-05-23T16:34:09,0,119988,0,119988
2022-05-23T16:44:26,0,119988,0,119988
2022-05-23T16:54:43,0,119988,0,119988
2022-05-23T17:05:12,0,119988,0,119988
2022-05-23T17:15:30,0,119988,0,119988
2022-05-23T17:25:47,0,119988,0,119988
2022-05-23T17:36:14,0,119988,0,119988
2022-05-23T17:46:30,0,119988,0,119988
2022-05-23T17:56:47,0,119988,0,119988
2022-05-23T18:07:05,0,119988,0,119988
2022-05-23T18:17:43,0,119988,0,119988
2022-05-23T18:27:59,0,119988,0,119988
2022-05-23T18:38:17,0,119988,0,119988
2022-05-23T18:48:32,0,119988,0,119988
2022-05-23T18:58:58,0,119988,0,119988
2022-05-23T19:09:14,0,119988,0,119988
2022-05-23T19:19:30,0,119988,0,119988
2022-05-23T19:29:46,0,119988,0,119988
2022-05-23T19:40:03,0,119988,0,119988
2022-05-23T19:50:19,0,119988,0,119988
2022-05-23T20:00:47,0,119988,0,119988
2022-05-23T20:11:03,0,119988,0,119988
2022-05-23T20:21:19,0,119988,0,119988
2022-05-23T20:31:37,0,119988,0,119988
2022-05-23T20:41:52,0,119988,0,119988
2022-05-23T20:52:19,0,119988,0,119988
2022-05-23T21:02:35,0,119988,0,119988
2022-05-23T21:12:50,0,119988,0,119988
2022-05-23T21:23:05,0,119988,0,119988
2022-05-23T21:33:22,0,119988,0,119988
2022-05-23T21:43:38,0,119988,0,119988
2022-05-23T21:54:13,0,119988,0,119988
2022-05-23T22:04:29,0,119988,0,119988
2022-05-23T22:14:43,0,119988,0,119988
2022-05-23T22:24:59,0,119988,0,119988
2022-05-23T22:35:14,0,119988,0,119988
2022-05-23T22:45:40,0,119988,0,119988
2022-05-23T22:55:55,0,119988,0,119988
2022-05-23T23:06:10,0,119988,0,119988
2022-05-23T23:16:25,0,119988,0,119988
2022-05-23T23:26:40,0,119988,0,119988
2022-05-23T23:37:07,0,119988,0,119988
2022-05-23T23:47:22,0,119988,0,119988
2022-05-23T23:57:36,0,119988,0,119988
2022-05-24T00:07:52,0,119988,0,119988
2022-05-24T00:18:11,0,119988,0,119988
2022-05-24T00:28:27,0,119988,0,119988
2022-05-24T00:38:43,0,119988,0,119988
2022-05-24T00:49:19,0,119988,0,119988
2022-05-24T00:59:34,0,119988,0,119988
2022-05-24T01:09:49,0,119988,0,119988
2022-05-24T01:20:05,0,119988,0,119988
2022-05-24T01:30:19,0,119988,0,119988
2022-05-24T01:40:33,0,119988,0,119988
2022-05-24T01:50:48,0,119988,0,119988
2022-05-24T02:01:03,0,119988,0,119988
2022-05-24T02:11:17,0,119988,0,119988
2022-05-24T02:21:41,0,119988,0,119988
2022-05-24T02:31:55,0,119988,0,119988
2022-05-24T02:42:08,0,119988,0,119988
2022-05-24T02:52:22,0,119988,0,119988
2022-05-24T03:02:36,0,119988,0,119988
2022-05-24T03:12:49,0,119988,0,119988
2022-05-24T03:23:03,0,119988,0,119988
2022-05-24T03:33:19,0,119988,0,119988
2022-05-24T03:43:44,0,119988,0,119988
2022-05-24T03:54:00,0,119988,0,119988
2022-05-24T04:06:00,0,119988,0,119988
2022-05-24T04:28:17,0,119988,0,119988
2022-05-24T04:38:35,0,119988,0,119988
2022-05-24T04:48:53,0,119988,0,119988
2022-05-24T04:59:10,0,119988,0,119988
2022-05-24T05:09:29,0,119988,0,119988
2022-05-24T05:19:46,0,119988,0,119988
2022-05-24T05:30:02,0,119988,0,119988
2022-05-24T05:40:19,0,119988,0,119988
2022-05-24T05:50:35,0,119988,0,119988
2022-05-24T06:00:51,0,119988,0,119988
2022-05-24T06:11:07,0,119988,0,119988
2022-05-24T06:21:23,0,119988,0,119988
2022-05-24T06:31:39,0,119988,0,119988
2022-05-24T06:41:55,0,119988,0,119988
2022-05-24T06:52:10,0,119988,0,119988
2022-05-24T07:02:27,0,119988,0,119988
2022-05-24T07:12:43,0,119988,0,119988
2022-05-24T07:22:59,0,119988,0,119988
2022-05-24T07:33:14,0,119988,0,119988
2022-05-24T07:43:32,0,119988,0,119988
2022-05-24T07:53:46,0,119988,0,119988
2022-05-24T08:04:01,0,119988,0,119988
2022-05-24T08:14:15,0,119988,0,119988
2022-05-24T08:24:30,0,119988,0,119988
2022-05-24T08:34:46,0,119988,0,119988
2022-05-24T08:45:02,0,119988,0,119988
2022-05-24T08:55:17,0,119988,0,119988
2022-05-24T09:05:44,0,119988,0,119988
2022-05-24T09:16:02,0,119988,0,119988
2022-05-24T09:26:19,0,119988,0,119988
2022-05-24T09:36:36,0,119988,0,119988
2022-05-24T09:46:53,0,119988,0,119988
2022-05-24T09:57:10,0,119988,0,119988
2022-05-24T10:07:39,0,119988,0,119988
2022-05-24T10:17:56,0,119988,0,119988
2022-05-24T10:28:15,0,119988,0,119988
2022-05-24T10:38:33,0,119988,0,119988
2022-05-24T10:49:01,0,119988,0,119988
2022-05-24T10:59:19,0,119988,0,119988
2022-05-24T11:09:40,0,119988,0,119988
2022-05-24T11:19:59,0,119988,0,119988
2022-05-24T11:30:30,0,119988,0,119988
2022-05-24T11:40:49,0,119988,0,119988
2022-05-24T11:51:07,0,119988,0,119988
2022-05-24T12:01:26,0,119988,0,119988
2022-05-24T12:11:55,0,119988,0,119988
2022-05-24T12:22:13,0,119988,0,119988
2022-05-24T12:32:31,0,119988,0,119988
2022-05-24T12:42:48,0,119988,0,119988
2022-05-24T12:53:16,0,119988,0,119988
2022-05-24T13:03:35,0,119988,0,119988
2022-05-24T13:13:56,0,119988,0,119988
2022-05-24T13:24:17,0,119988,0,119988
2022-05-24T13:34:50,0,119988,0,119988
2022-05-24T13:45:13,0,119988,0,119988
2022-05-24T13:58:24,0,119988,0,119988
2022-05-24T14:08:58,0,119988,0,119988
2022-05-24T14:19:20,0,119988,0,119988
2022-05-24T14:29:41,0,119988,0,119988
2022-05-24T14:40:13,0,119988,0,119988
2022-05-24T14:50:34,0,119988,0,119988
2022-05-24T15:00:53,0,119988,0,119988
2022-05-24T15:11:27,0,119988,0,119988
2022-05-24T15:21:46,0,119988,0,119988
2022-05-24T15:32:05,0,119988,0,119988
2022-05-24T15:42:25,0,119988,0,119988
2022-05-24T15:52:56,0,119988,0,119988
2022-05-24T16:03:16,0,119988,0,119988
2022-05-24T16:13:37,0,119988,0,119988
2022-05-24T16:23:56,0,119988,0,119988
2022-05-24T16:34:29,0,119988,0,119988
2022-05-24T16:44:55,0,119988,0,119988
2022-05-24T16:55:20,0,119988,0,119988
2022-05-24T17:05:49,0,119988,0,119988
2022-05-24T17:16:31,0,119988,0,119988
2022-05-24T17:26:55,0,119988,0,119988
2022-05-24T17:37:20,0,119988,0,119988
2022-05-24T17:47:46,0,119988,0,119988
2022-05-24T17:58:22,0,119988,0,119988
2022-05-24T18:08:54,0,119988,0,119988
2022-05-24T18:19:14,0,119988,0,119988
2022-05-24T18:29:36,0,119988,0,119988
2022-05-24T18:40:08,0,119988,0,119988
2022-05-24T18:50:26,0,119988,0,119988
2022-05-24T19:00:42,0,119988,0,119988
2022-05-24T19:11:01,0,119988,0,119988
2022-05-24T19:21:17,0,119988,0,119988
2022-05-24T19:31:34,0,119988,0,119988
2022-05-24T19:42:02,0,119988,0,119988
2022-05-24T19:52:19,0,119988,0,119988
2022-05-24T20:02:36,0,119988,0,119988
2022-05-24T20:12:52,0,119988,0,119988
2022-05-24T20:23:08,0,119988,0,119988
2022-05-24T20:33:37,0,119988,0,119988
2022-05-24T20:43:52,0,119988,0,119988
2022-05-24T20:54:09,0,119988,0,119988
2022-05-24T21:04:24,0,119988,0,119988
2022-05-24T21:14:40,0,119988,0,119988
2022-05-24T21:25:06,0,119988,0,119988
2022-05-24T21:35:23,0,119988,0,119988
2022-05-24T21:45:39,0,119988,0,119988
2022-05-24T21:55:54,0,119988,0,119988
2022-05-24T22:06:08,0,119988,0,119988
2022-05-24T22:16:22,0,119988,0,119988
2022-05-24T22:26:47,0,119988,0,119988
2022-05-24T22:37:02,0,119988,0,119988
2022-05-24T22:47:17,0,119988,0,119988
2022-05-24T22:57:31,0,119988,0,119988
2022-05-24T23:07:47,0,119988,0,119988
2022-05-24T23:18:12,0,119988,0,119988
2022-05-24T23:28:27,0,119988,0,119988
2022-05-24T23:38:41,0,119988,0,119988
2022-05-24T23:48:56,0,119988,0,119988
2022-05-24T23:59:10,0,119988,0,119988
2022-05-25T00:09:26,0,119988,0,119988
2022-05-25T00:19:47,0,119988,0,119988
2022-05-25T00:30:12,0,119988,0,119988
2022-05-25T00:40:29,0,119988,0,119988
2022-05-25T00:50:45,0,119988,0,119988
2022-05-25T01:01:00,0,119988,0,119988
2022-05-25T01:11:16,0,119988,0,119988
2022-05-25T01:21:32,0,119988,0,119988
2022-05-25T01:31:47,0,119988,0,119988
2022-05-25T01:42:01,0,119988,0,119988
2022-05-25T01:52:16,0,119988,0,119988
2022-05-25T02:02:32,0,119988,0,119988
2022-05-25T02:12:46,0,119988,0,119988
2022-05-25T02:23:00,0,119988,0,119988
2022-05-25T02:33:15,0,119988,0,119988
2022-05-25T02:43:31,0,119988,0,119988
2022-05-25T02:53:56,0,119988,0,119988
2022-05-25T03:04:12,0,119988,0,119988
2022-05-25T03:14:26,0,119988,0,119988
2022-05-25T03:24:40,0,119988,0,119988
2022-05-25T03:34:54,0,119988,0,119988
2022-05-25T03:45:08,0,119988,0,119988
2022-05-25T03:55:23,0,119988,0,119988
2022-05-25T04:05:37,0,119988,0,119988
2022-05-25T11:07:32,0,119988,0,119988
2022-05-25T11:17:52,0,119988,0,119988
2022-05-25T11:28:21,0,119988,0,119988
2022-05-25T11:38:41,0,119988,0,119988
2022-05-25T11:49:00,0,119988,0,119988
2022-05-25T11:59:21,0,119988,0,119988
2022-05-25T12:09:51,0,119988,0,119988
2022-05-25T12:20:09,0,119988,0,119988
2022-05-25T12:30:27,0,119988,0,119988
2022-05-25T12:40:44,0,119988,0,119988
2022-05-25T12:51:00,0,119988,0,119988
2022-05-25T13:01:17,0,119988,0,119988
2022-05-25T13:11:44,0,119988,0,119988
2022-05-25T13:22:01,0,119988,0,119988
2022-05-25T13:32:17,0,119988,0,119988
2022-05-25T13:42:34,0,119988,0,119988
2022-05-25T13:52:50,0,119988,0,119988
2022-05-25T14:03:07,0,119988,0,119988
2022-05-25T14:13:36,0,119988,0,119988
2022-05-25T14:23:53,0,119988,0,119988
2022-05-25T14:34:10,0,119988,0,119988
2022-05-25T14:44:28,0,119988,0,119988
2022-05-25T14:54:45,0,119988,0,119988
2022-05-25T15:05:03,0,119988,0,119988
2022-05-25T15:15:30,0,119988,0,119988
2022-05-25T15:25:48,0,119988,0,119988
2022-05-25T15:36:05,0,119988,0,119988
2022-05-25T15:46:23,0,119988,0,119988
2022-05-25T15:56:40,0,119988,0,119988
2022-05-25T16:06:59,0,119988,0,119988
2022-05-25T16:17:15,0,119988,0,119988
2022-05-25T16:27:42,0,119988,0,119988
2022-05-25T16:37:58,0,119988,0,119988
2022-05-25T16:48:14,0,119988,0,119988
2022-05-25T16:58:29,0,119988,0,119988
2022-05-25T17:08:46,0,119988,0,119988
2022-05-25T17:19:02,0,119988,0,119988
2022-05-25T17:29:18,0,119988,0,119988
2022-05-25T17:39:43,0,119988,0,119988
2022-05-25T17:49:59,0,119988,0,119988
2022-05-25T18:00:14,0,119988,0,119988
2022-05-25T18:10:29,0,119988,0,119988
2022-05-25T18:20:44,0,119988,0,119988
2022-05-25T18:30:58,0,119988,0,119988
2022-05-25T18:41:13,0,119988,0,119988
2022-05-25T18:51:29,0,119988,0,119988
2022-05-25T19:01:43,0,119988,0,119988
2022-05-25T19:11:59,0,119988,0,119988
2022-05-25T19:22:25,0,119988,0,119988
2022-05-25T19:32:40,0,119988,0,119988
2022-05-25T19:42:55,0,119988,0,119988
2022-05-25T19:53:09,0,119988,0,119988
2022-05-25T20:03:24,0,119988,0,119988
2022-05-25T20:13:40,0,119988,0,119988
2022-05-25T20:23:54,0,119988,0,119988
2022-05-25T20:34:08,0,119988,0,119988
2022-05-25T20:44:23,0,119988,0,119988
2022-05-25T20:54:48,0,119988,0,119988
2022-05-25T21:05:03,0,119988,0,119988
2022-05-25T21:15:18,0,119988,0,119988
2022-05-25T21:25:33,0,119988,0,119988
2022-05-25T21:35:48,0,119988,0,119988
2022-05-25T21:46:03,0,119988,0,119988
2022-05-25T21:56:18,0,119988,0,119988
2022-05-25T22:06:45,0,119988,0,119988
2022-05-25T22:17:00,0,119988,0,119988
2022-05-25T22:27:15,0,119988,0,119988
2022-05-25T22:37:30,0,119988,0,119988
2022-05-25T22:47:45,0,119988,0,119988
2022-05-25T22:57:59,0,119988,0,119988
2022-05-25T23:08:16,0,119988,0,119988
2022-05-25T23:18:31,0,119988,0,119988
2022-05-25T23:28:46,0,119988,0,119988
2022-05-25T23:39:01,0,119988,0,119988
2022-05-25T23:49:16,0,119988,0,119988
2022-05-25T23:59:41,0,119988,0,119988
2022-05-26T00:09:56,0,119988,0,119988
2022-05-26T00:20:13,0,119988,0,119988
2022-05-26T00:30:29,0,119988,0,119988
2022-05-26T00:40:46,0,119988,0,119988
2022-05-26T00:51:02,0,119988,0,119988
2022-05-26T01:01:18,0,119988,0,119988
2022-05-26T01:11:34,0,119988,0,119988
2022-05-26T01:21:51,0,119988,0,119988
2022-05-26T01:32:07,0,119988,0,119988
2022-05-26T01:42:23,0,119988,0,119988
2022-05-26T01:52:40,0,119988,0,119988
2022-05-26T02:02:56,0,119988,0,119988
2022-05-26T02:13:11,0,119988,0,119988
2022-05-26T02:23:25,0,119988,0,119988
2022-05-26T02:33:42,0,119988,0,119988
2022-05-26T02:43:56,0,119988,0,119988
2022-05-26T02:54:11,0,119988,0,119988
2022-05-26T03:04:25,0,119988,0,119988
2022-05-26T03:14:51,0,119988,0,119988
2022-05-26T03:25:08,0,119988,0,119988
2022-05-26T03:35:24,0,119988,0,119988
2022-05-26T03:45:40,0,119988,0,119988
2022-05-26T03:56:36,0,119988,0,119988
2022-05-26T04:08:46,0,119988,0,119988
2022-05-26T04:27:13,0,119988,0,119988
2022-05-26T04:37:52,0,119988,0,119988
2022-05-26T04:48:08,0,119988,0,119988
2022-05-26T04:58:24,0,119988,0,119988
2022-05-26T05:08:43,0,119988,0,119988
2022-05-26T05:19:00,0,119988,0,119988
2022-05-26T05:29:15,0,119988,0,119988
2022-05-26T05:39:32,0,119988,0,119988
2022-05-26T05:49:50,0,119988,0,119988
2022-05-26T06:00:08,0,119988,0,119988
2022-05-26T06:10:25,0,119988,0,119988
2022-05-26T06:20:41,0,119988,0,119988
2022-05-26T06:30:58,0,119988,0,119988
2022-05-26T06:41:15,0,119988,0,119988
2022-05-26T06:51:31,0,119988,0,119988
2022-05-26T07:01:47,0,119988,0,119988
2022-05-26T07:12:05,0,119988,0,119988
2022-05-26T07:22:21,0,119988,0,119988
2022-05-26T07:32:36,0,119988,0,119988
2022-05-26T07:42:52,0,119988,0,119988
2022-05-26T07:53:07,0,119988,0,119988
2022-05-26T08:03:21,0,119988,0,119988
2022-05-26T08:13:36,0,119988,0,119988
2022-05-26T08:23:51,0,119988,0,119988
2022-05-26T08:34:16,0,119988,0,119988
2022-05-26T08:44:32,0,119988,0,119988
2022-05-26T08:54:49,0,119988,0,119988
2022-05-26T09:05:05,0,119988,0,119988
2022-05-26T09:15:21,0,119988,0,119988
2022-05-26T09:25:36,0,119988,0,119988
2022-05-26T09:35:51,0,119988,0,119988
2022-05-26T09:46:08,0,119988,0,119988
2022-05-26T09:56:24,0,119988,0,119988
2022-05-26T10:06:42,0,119988,0,119988
2022-05-26T10:17:10,0,119988,0,119988
2022-05-26T10:27:27,0,119988,0,119988
2022-05-26T10:37:43,0,119988,0,119988
2022-05-26T10:48:00,0,119988,0,119988
2022-05-26T10:58:17,0,119988,0,119988
2022-05-26T11:08:36,0,119988,0,119988
2022-05-26T11:18:54,0,119988,0,119988
2022-05-26T11:29:30,0,119988,0,119988
2022-05-26T11:39:55,0,119988,0,119988
2022-05-26T11:50:21,0,119988,0,119988
2022-05-26T12:00:50,0,119988,0,119988
2022-05-26T12:11:16,0,119988,0,119988
2022-05-26T12:21:44,0,119988,0,119988
2022-05-26T12:32:15,0,119988,0,119988
2022-05-26T12:42:59,0,119988,0,119988
2022-05-26T12:53:29,0,119988,0,119988
2022-05-26T13:03:56,0,119988,0,119988
2022-05-26T13:14:24,0,119988,0,119988
2022-05-26T13:24:51,0,119988,0,119988
2022-05-26T13:35:15,0,119988,0,119988
2022-05-26T13:45:42,0,119988,0,119988
2022-05-26T13:56:06,0,119988,0,119988
2022-05-26T14:06:40,0,119988,0,119988
2022-05-26T14:17:05,0,119988,0,119988
2022-05-26T14:27:24,0,119988,0,119988
2022-05-26T14:37:40,0,119988,0,119988
2022-05-26T14:47:56,0,119988,0,119988
2022-05-26T14:58:13,0,119988,0,119988
2022-05-26T15:08:41,0,119988,0,119988
2022-05-26T15:18:58,0,119988,0,119988
2022-05-26T15:29:14,0,119988,0,119988
2022-05-26T15:39:30,0,119988,0,119988
2022-05-26T15:49:46,0,119988,0,119988
2022-05-26T16:00:02,0,119988,0,119988
2022-05-26T16:10:18,0,119988,0,119988
2022-05-26T16:20:43,0,119988,0,119988
2022-05-26T16:30:58,0,119988,0,119988
2022-05-26T16:41:14,0,119988,0,119988
2022-05-26T16:51:29,0,119988,0,119988
2022-05-26T17:01:44,0,119988,0,119988
2022-05-26T17:12:00,0,119988,0,119988
2022-05-26T17:22:17,0,119988,0,119988
2022-05-26T17:32:33,0,119988,0,119988
2022-05-26T17:42:58,0,119988,0,119988
2022-05-26T17:53:13,0,119988,0,119988
2022-05-26T18:03:29,0,119988,0,119988
2022-05-26T18:13:44,0,119988,0,119988
2022-05-26T18:23:59,0,119988,0,119988
2022-05-26T18:34:14,0,119988,0,119988
2022-05-26T18:44:28,0,119988,0,119988
2022-05-26T18:54:43,0,119988,0,119988
2022-05-26T19:04:59,0,119988,0,119988
2022-05-26T19:15:14,0,119988,0,119988
2022-05-26T19:25:40,0,119988,0,119988
2022-05-26T19:35:55,0,119988,0,119988
2022-05-26T19:46:09,0,119988,0,119988
2022-05-26T19:56:24,0,119988,0,119988
2022-05-26T20:06:38,0,119988,0,119988
2022-05-26T20:16:53,0,119988,0,119988
2022-05-26T20:27:08,0,119988,0,119988
2022-05-26T20:37:23,0,119988,0,119988
2022-05-26T20:47:37,0,119988,0,119988
2022-05-26T20:57:52,0,119988,0,119988
2022-05-26T21:08:16,0,119988,0,119988
2022-05-26T21:18:31,0,119988,0,119988
2022-05-26T21:28:46,0,119988,0,119988
2022-05-26T21:39:00,0,119988,0,119988
2022-05-26T21:49:14,0,119988,0,119988
2022-05-26T21:59:29,0,119988,0,119988
2022-05-26T22:09:53,0,119988,0,119988
2022-05-26T22:20:08,0,119988,0,119988
2022-05-26T22:30:23,0,119988,0,119988
2022-05-26T22:40:38,0,119988,0,119988
2022-05-26T22:50:52,0,119988,0,119988
2022-05-26T23:01:07,0,119988,0,119988
2022-05-26T23:11:22,0,119988,0,119988
2022-05-26T23:21:36,0,119988,0,119988
2022-05-26T23:31:52,0,119988,0,119988
2022-05-26T23:42:18,0,119988,0,119988
2022-05-26T23:52:33,0,119988,0,119988
2022-05-27T00:02:47,0,119988,0,119988
2022-05-27T00:13:04,0,119988,0,119988
2022-05-27T00:23:21,0,119988,0,119988
2022-05-27T00:33:37,0,119988,0,119988
2022-05-27T00:43:54,0,119988,0,119988
2022-05-27T00:54:11,0,119988,0,119988
2022-05-27T01:04:28,0,119988,0,119988
2022-05-27T01:14:44,0,119988,0,119988
2022-05-27T01:25:00,0,119988,0,119988
2022-05-27T01:35:16,0,119988,0,119988
2022-05-27T01:45:31,0,119988,0,119988
2022-05-27T01:55:58,0,119988,0,119988
2022-05-27T02:06:14,0,119988,0,119988
2022-05-27T02:16:29,0,119988,0,119988
2022-05-27T02:26:45,0,119988,0,119988
2022-05-27T02:37:10,0,119988,0,119988
2022-05-27T02:47:26,0,119988,0,119988
2022-05-27T02:57:42,0,119988,0,119988
2022-05-27T03:07:57,0,119988,0,119988
2022-05-27T03:18:12,0,119988,0,119988
2022-05-27T03:28:26,0,119988,0,119988
2022-05-27T03:38:42,0,119988,0,119988
2022-05-27T03:48:58,0,119988,0,119988
2022-05-27T03:59:14,0,119988,0,119988
2022-05-27T04:09:30,0,119988,0,119988
2022-05-27T04:37:39,0,119988,0,119988
2022-05-27T04:47:56,0,119988,0,119988
2022-05-27T04:58:14,0,119988,0,119988
2022-05-27T05:08:33,0,119988,0,119988
2022-05-27T05:18:51,0,119988,0,119988
2022-05-27T05:29:08,0,119988,0,119988
2022-05-27T05:39:25,0,119988,0,119988
2022-05-27T05:49:42,0,119988,0,119988
2022-05-27T05:59:59,0,119988,0,119988
2022-05-27T06:10:14,0,119988,0,119988
2022-05-27T06:20:30,0,119988,0,119988
2022-05-27T06:30:49,0,119988,0,119988
2022-05-27T06:41:04,0,119988,0,119988
2022-05-27T06:51:18,0,119988,0,119988
2022-05-27T07:01:32,0,119988,0,119988
2022-05-27T07:11:49,0,119988,0,119988
2022-05-27T07:22:04,0,119988,0,119988
2022-05-27T07:32:19,0,119988,0,119988
2022-05-27T07:42:35,0,119988,0,119988
2022-05-27T07:52:50,0,119988,0,119988
2022-05-27T08:03:15,0,119988,0,119988
2022-05-27T08:13:31,0,119988,0,119988
2022-05-27T08:23:47,0,119988,0,119988
2022-05-27T08:34:04,0,119988,0,119988
2022-05-27T08:44:20,0,119988,0,119988
2022-05-27T08:54:36,0,119988,0,119988
2022-05-27T09:04:52,0,119988,0,119988
2022-05-27T09:15:08,0,119988,0,119988
2022-05-27T09:25:24,0,119988,0,119988
2022-05-27T09:35:39,0,119988,0,119988
2022-05-27T09:45:55,0,119988,0,119988
2022-05-27T09:56:10,0,119988,0,119988
2022-05-27T10:06:26,0,119988,0,119988
2022-05-27T10:16:42,0,119988,0,119988
2022-05-27T10:26:59,0,119988,0,119988
2022-05-27T10:37:15,0,119988,0,119988
2022-05-27T10:47:41,0,119988,0,119988
2022-05-27T10:57:57,0,119988,0,119988
2022-05-27T11:08:13,0,119988,0,119988
2022-05-27T11:18:29,0,119988,0,119988
2022-05-27T11:28:45,0,119988,0,119988
2022-05-27T11:39:02,0,119988,0,119988
2022-05-27T11:49:18,0,119988,0,119988
2022-05-27T11:59:34,0,119988,0,119988
2022-05-27T12:09:51,0,119988,0,119988
2022-05-27T12:20:18,0,119988,0,119988
2022-05-27T12:30:34,0,119988,0,119988
2022-05-27T12:40:50,0,119988,0,119988
2022-05-27T12:51:06,0,119988,0,119988
2022-05-27T13:01:22,0,119988,0,119988
2022-05-27T13:11:38,0,119988,0,119988
2022-05-27T13:21:54,0,119988,0,119988
2022-05-27T13:32:09,0,119988,0,119988
2022-05-27T13:42:34,0,119988,0,119988
2022-05-27T13:52:50,0,119988,0,119988
2022-05-27T14:03:06,0,119988,0,119988
2022-05-27T14:13:22,0,119988,0,119988
2022-05-27T14:23:38,0,119988,0,119988
2022-05-27T14:33:53,0,119988,0,119988
2022-05-27T14:44:09,0,119988,0,119988
2022-05-27T14:54:24,0,119988,0,119988
2022-05-27T15:04:40,0,119988,0,119988
2022-05-27T15:15:05,0,119988,0,119988
2022-05-27T15:25:20,0,119988,0,119988
2022-05-27T15:35:37,0,119988,0,119988
2022-05-27T15:45:52,0,119988,0,119988
2022-05-27T15:56:08,0,119988,0,119988
2022-05-27T16:06:23,0,119988,0,119988
2022-05-27T16:16:39,0,119988,0,119988
2022-05-27T16:26:54,0,119988,0,119988
2022-05-27T16:37:19,0,119988,0,119988
2022-05-27T16:47:34,0,119988,0,119988
2022-05-27T16:57:48,0,119988,0,119988
2022-05-27T17:08:03,0,119988,0,119988
2022-05-27T17:18:18,0,119988,0,119988
2022-05-27T17:28:33,0,119988,0,119988
2022-05-27T17:38:48,0,119988,0,119988
2022-05-27T17:49:02,0,119988,0,119988
2022-05-27T17:59:16,0,119988,0,119988
2022-05-27T18:09:31,0,119988,0,119988
2022-05-27T18:19:55,0,119988,0,119988
2022-05-27T18:30:10,0,119988,0,119988
2022-05-27T18:40:24,0,119988,0,119988
2022-05-27T18:50:38,0,119988,0,119988
2022-05-27T19:00:52,0,119988,0,119988
2022-05-27T19:11:06,0,119988,0,119988
2022-05-27T19:21:20,0,119988,0,119988
2022-05-27T19:31:35,0,119988,0,119988
2022-05-27T19:41:49,0,119988,0,119988
2022-05-27T19:52:13,0,119988,0,119988
2022-05-27T20:02:27,0,119988,0,119988
2022-05-27T20:12:42,0,119988,0,119988
2022-05-27T20:22:56,0,119988,0,119988
2022-05-27T20:33:10,0,119988,0,119988
2022-05-27T20:43:25,0,119988,0,119988
2022-05-27T20:53:39,0,119988,0,119988
2022-05-27T21:03:54,0,119988,0,119988
2022-05-27T21:14:08,0,119988,0,119988
2022-05-27T21:24:23,0,119988,0,119988
2022-05-27T21:34:37,0,119988,0,119988
2022-05-27T21:44:51,0,119988,0,119988
2022-05-27T21:55:06,0,119988,0,119988
2022-05-27T22:05:20,0,119988,0,119988
2022-05-27T22:15:43,0,119988,0,119988
2022-05-27T22:25:58,0,119988,0,119988
2022-05-27T22:36:12,0,119988,0,119988
2022-05-27T22:46:27,0,119988,0,119988
2022-05-27T22:56:41,0,119988,0,119988
2022-05-27T23:06:56,0,119988,0,119988
2022-05-27T23:17:11,0,119988,0,119988
2022-05-27T23:27:26,0,119988,0,119988
2022-05-27T23:37:41,0,119988,0,119988
2022-05-27T23:47:56,0,119988,0,119988
2022-05-27T23:58:10,0,119988,0,119988
2022-05-28T00:10:03,0,119988,0,119988
2022-05-28T00:20:26,0,119988,0,119988
2022-05-28T00:30:46,0,119988,0,119988
2022-05-28T00:41:08,0,119988,0,119988
2022-05-28T00:51:39,0,119988,0,119988
2022-05-28T01:01:58,0,119988,0,119988
2022-05-28T01:12:22,0,119988,0,119988
2022-05-28T01:22:44,0,119988,0,119988
2022-05-28T01:33:06,0,119988,0,119988
2022-05-28T01:43:27,0,119988,0,119988
2022-05-28T01:53:49,0,119988,0,119988
2022-05-28T02:04:27,0,119988,0,119988
2022-05-28T02:14:54,0,119988,0,119988
2022-05-28T02:25:20,0,119988,0,119988
2022-05-28T02:35:56,0,119988,0,119988
2022-05-28T02:46:20,0,119988,0,119988
2022-05-28T02:56:41,0,119988,0,119988
2022-05-28T03:07:13,0,119988,0,119988
2022-05-28T03:17:35,0,119988,0,119988
2022-05-28T03:27:52,0,119988,0,119988
2022-05-28T03:38:13,0,119988,0,119988
2022-05-28T03:48:32,0,119988,0,119988
2022-05-28T03:58:58,0,119988,0,119988
2022-05-28T04:11:23,0,119988,0,119988
2022-05-28T04:25:46,0,119988,0,119988
2022-05-28T04:36:25,0,119988,0,119988
2022-05-28T04:46:41,0,119988,0,119988
2022-05-28T04:56:57,0,119988,0,119988
2022-05-28T05:07:13,0,119988,0,119988
2022-05-28T05:17:30,0,119988,0,119988
2022-05-28T05:27:46,0,119988,0,119988
2022-05-28T05:38:03,0,119988,0,119988
2022-05-28T05:48:21,0,119988,0,119988
2022-05-28T05:58:37,0,119988,0,119988
2022-05-28T06:08:53,0,119988,0,119988
2022-05-28T06:19:09,0,119988,0,119988
2022-05-28T06:29:25,0,119988,0,119988
2022-05-28T06:39:40,0,119988,0,119988
2022-05-28T06:49:56,0,119988,0,119988
2022-05-28T07:00:12,0,119988,0,119988
2022-05-28T07:10:29,0,119988,0,119988
2022-05-28T07:20:45,0,119988,0,119988
2022-05-28T07:31:01,0,119988,0,119988
2022-05-28T07:41:17,0,119988,0,119988
2022-05-28T07:51:33,0,119988,0,119988
2022-05-28T08:01:49,0,119988,0,119988
2022-05-28T08:12:13,0,119988,0,119988
2022-05-28T08:22:28,0,119988,0,119988
2022-05-28T08:32:43,0,119988,0,119988
2022-05-28T08:42:59,0,119988,0,119988
2022-05-28T08:53:13,0,119988,0,119988
2022-05-28T09:03:28,0,119988,0,119988
2022-05-28T09:13:43,0,119988,0,119988
2022-05-28T09:23:58,0,119988,0,119988
2022-05-28T09:34:13,0,119988,0,119988
2022-05-28T09:44:27,0,119988,0,119988
2022-05-28T09:54:50,0,119988,0,119988
2022-05-28T10:05:05,0,119988,0,119988
2022-05-28T10:15:19,0,119988,0,119988
2022-05-28T10:25:32,0,119988,0,119988
2022-05-28T10:35:46,0,119988,0,119988
2022-05-28T10:46:00,0,119988,0,119988
2022-05-28T10:56:13,0,119988,0,119988
2022-05-28T11:06:28,0,119988,0,119988
2022-05-28T11:16:42,0,119988,0,119988
2022-05-28T11:26:56,0,119988,0,119988
2022-05-28T11:37:13,0,119988,0,119988
2022-05-28T11:47:27,0,119988,0,119988
2022-05-28T11:57:41,0,119988,0,119988
2022-05-28T12:07:55,0,119988,0,119988
2022-05-28T12:18:08,0,119988,0,119988
2022-05-28T12:28:22,0,119988,0,119988
2022-05-28T12:38:36,0,119988,0,119988
2022-05-28T12:48:50,0,119988,0,119988
2022-05-28T12:59:04,0,119988,0,119988
2022-05-28T13:09:28,0,119988,0,119988
2022-05-28T13:19:42,0,119988,0,119988
2022-05-28T13:29:56,0,119988,0,119988
2022-05-28T13:40:10,0,119988,0,119988
2022-05-28T13:50:24,0,119988,0,119988
2022-05-28T14:00:38,0,119988,0,119988
2022-05-28T14:10:52,0,119988,0,119988
2022-05-28T14:21:14,0,119988,0,119988
2022-05-28T14:31:28,0,119988,0,119988
2022-05-28T14:41:43,0,119988,0,119988
2022-05-28T14:51:56,0,119988,0,119988
2022-05-28T15:02:10,0,119988,0,119988
2022-05-28T15:12:25,0,119988,0,119988
2022-05-28T15:22:38,0,119988,0,119988
2022-05-28T15:32:52,0,119988,0,119988
2022-05-28T15:43:06,0,119988,0,119988
2022-05-28T15:53:20,0,119988,0,119988
2022-05-28T16:03:34,0,119988,0,119988
2022-05-28T16:13:48,0,119988,0,119988
2022-05-28T16:24:02,0,119988,0,119988
2022-05-28T16:34:16,0,119988,0,119988
2022-05-28T16:44:40,0,119988,0,119988
2022-05-28T16:54:53,0,119988,0,119988
2022-05-28T17:05:08,0,119988,0,119988
2022-05-28T17:15:22,0,119988,0,119988
2022-05-28T17:25:36,0,119988,0,119988
2022-05-28T17:35:51,0,119988,0,119988
2022-05-28T17:46:05,0,119988,0,119988
2022-05-28T17:56:19,0,119988,0,119988
2022-05-28T18:06:33,0,119988,0,119988
2022-05-28T18:16:48,0,119988,0,119988
2022-05-28T18:27:02,0,119988,0,119988
2022-05-28T18:37:27,0,119988,0,119988
2022-05-28T18:47:41,0,119988,0,119988
2022-05-28T18:57:55,0,119988,0,119988
2022-05-28T19:08:10,0,119988,0,119988
2022-05-28T19:18:24,0,119988,0,119988
2022-05-28T19:28:38,0,119988,0,119988
2022-05-28T19:38:54,0,119988,0,119988
2022-05-28T19:49:09,0,119988,0,119988
2022-05-28T19:59:24,0,119988,0,119988
2022-05-28T20:09:37,0,119988,0,119988
2022-05-28T20:19:51,0,119988,0,119988
2022-05-28T20:30:05,0,119988,0,119988
2022-05-28T20:40:19,0,119988,0,119988
2022-05-28T20:50:42,0,119988,0,119988
2022-05-28T21:00:56,0,119988,0,119988
2022-05-28T21:11:11,0,119988,0,119988
2022-05-28T21:21:24,0,119988,0,119988
2022-05-28T21:31:39,0,119988,0,119988
2022-05-28T21:41:53,0,119988,0,119988
2022-05-28T21:52:07,0,119988,0,119988
2022-05-28T22:02:20,0,119988,0,119988
2022-05-28T22:12:34,0,119988,0,119988
2022-05-28T22:22:48,0,119988,0,119988
2022-05-28T22:33:14,0,119988,0,119988
2022-05-28T22:43:28,0,119988,0,119988
2022-05-28T22:53:41,0,119988,0,119988
2022-05-28T23:03:56,0,119988,0,119988
2022-05-28T23:14:10,0,119988,0,119988
2022-05-28T23:24:25,0,119988,0,119988
2022-05-28T23:34:39,0,119988,0,119988
2022-05-28T23:44:54,0,119988,0,119988
2022-05-28T23:55:08,0,119988,0,119988
2022-05-29T00:05:22,0,119988,0,119988
2022-05-29T00:15:39,0,119988,0,119988
2022-05-29T00:25:55,0,119988,0,119988
2022-05-29T00:36:19,0,119988,0,119988
2022-05-29T00:46:34,0,119988,0,119988
2022-05-29T00:56:50,0,119988,0,119988
2022-05-29T01:07:04,0,119988,0,119988
2022-05-29T01:17:19,0,119988,0,119988
2022-05-29T01:27:34,0,119988,0,119988
2022-05-29T01:37:49,0,119988,0,119988
2022-05-29T01:48:05,0,119988,0,119988
2022-05-29T01:58:20,0,119988,0,119988
2022-05-29T02:08:36,0,119988,0,119988
2022-05-29T02:18:52,0,119988,0,119988
2022-05-29T02:29:07,0,119988,0,119988
2022-05-29T02:39:23,0,119988,0,119988
2022-05-29T02:49:38,0,119988,0,119988
2022-05-29T02:59:52,0,119988,0,119988
2022-05-29T03:10:06,0,119988,0,119988
2022-05-29T03:20:21,0,119988,0,119988
2022-05-29T03:30:36,0,119988,0,119988
2022-05-29T03:41:01,0,119988,0,119988
2022-05-29T03:51:17,0,119988,0,119988
2022-05-29T04:01:32,0,119988,0,119988
2022-05-29T04:13:49,0,119988,0,119988
2022-05-29T04:40:04,0,119988,0,119988
2022-05-29T04:50:21,0,119988,0,119988
2022-05-29T05:00:38,0,119988,0,119988
2022-05-29T05:10:59,0,119988,0,119988
2022-05-29T05:21:15,0,119988,0,119988
2022-05-29T05:31:31,0,119988,0,119988
2022-05-29T05:41:47,0,119988,0,119988
2022-05-29T05:52:02,0,119988,0,119988
2022-05-29T06:02:17,0,119988,0,119988
2022-05-29T06:12:32,0,119988,0,119988
2022-05-29T06:22:47,0,119988,0,119988
2022-05-29T06:33:02,0,119988,0,119988
2022-05-29T06:43:15,0,119988,0,119988
2022-05-29T06:53:29,0,119988,0,119988
2022-05-29T07:03:42,0,119988,0,119988
2022-05-29T07:14:04,0,119988,0,119988
2022-05-29T07:24:18,0,119988,0,119988
2022-05-29T07:34:32,0,119988,0,119988
2022-05-29T07:44:46,0,119988,0,119988
2022-05-29T07:55:00,0,119988,0,119988
2022-05-29T08:05:14,0,119988,0,119988
2022-05-29T08:15:28,0,119988,0,119988
2022-05-29T08:25:42,0,119988,0,119988
2022-05-29T08:35:56,0,119988,0,119988
2022-05-29T08:46:09,0,119988,0,119988
2022-05-29T08:56:23,0,119988,0,119988
2022-05-29T09:06:37,0,119988,0,119988
2022-05-29T09:16:51,0,119988,0,119988
2022-05-29T09:27:04,0,119988,0,119988
2022-05-29T09:37:18,0,119988,0,119988
2022-05-29T09:47:41,0,119988,0,119988
2022-05-29T09:57:54,0,119988,0,119988
2022-05-29T10:08:08,0,119988,0,119988
2022-05-29T10:18:22,0,119988,0,119988
2022-05-29T10:28:36,0,119988,0,119988
2022-05-29T10:38:49,0,119988,0,119988
2022-05-29T10:49:03,0,119988,0,119988
2022-05-29T10:59:17,0,119988,0,119988
2022-05-29T11:09:31,0,119988,0,119988
2022-05-29T11:19:46,0,119988,0,119988
2022-05-29T11:30:00,0,119988,0,119988
2022-05-29T11:40:13,0,119988,0,119988
2022-05-29T11:50:28,0,119988,0,119988
2022-05-29T12:00:42,0,119988,0,119988
2022-05-29T12:11:07,0,119988,0,119988
2022-05-29T12:21:22,0,119988,0,119988
2022-05-29T12:31:36,0,119988,0,119988
2022-05-29T12:41:51,0,119988,0,119988
2022-05-29T12:52:05,0,119988,0,119988
2022-05-29T13:02:19,0,119988,0,119988
2022-05-29T13:12:33,0,119988,0,119988
2022-05-29T13:22:47,0,119988,0,119988
2022-05-29T13:33:02,0,119988,0,119988
2022-05-29T13:43:16,0,119988,0,119988
2022-05-29T13:53:30,0,119988,0,119988
2022-05-29T14:03:44,0,119988,0,119988
2022-05-29T14:14:08,0,119988,0,119988
2022-05-29T14:24:23,0,119988,0,119988
2022-05-29T14:34:37,0,119988,0,119988
2022-05-29T14:44:50,0,119988,0,119988
2022-05-29T14:55:04,0,119988,0,119988
2022-05-29T15:05:19,0,119988,0,119988
2022-05-29T15:15:33,0,119988,0,119988
2022-05-29T15:25:47,0,119988,0,119988
2022-05-29T15:36:01,0,119988,0,119988
2022-05-29T15:46:15,0,119988,0,119988
2022-05-29T15:56:29,0,119988,0,119988
2022-05-29T16:06:52,0,119988,0,119988
2022-05-29T16:17:07,0,119988,0,119988
2022-05-29T16:27:21,0,119988,0,119988
2022-05-29T16:37:35,0,119988,0,119988
2022-05-29T16:47:48,0,119988,0,119988
2022-05-29T16:58:03,0,119988,0,119988
2022-05-29T17:08:17,0,119988,0,119988
2022-05-29T17:18:31,0,119988,0,119988
2022-05-29T17:28:45,0,119988,0,119988
2022-05-29T17:38:59,0,119988,0,119988
2022-05-29T17:49:22,0,119988,0,119988
2022-05-29T17:59:35,0,119988,0,119988
2022-05-29T18:09:50,0,119988,0,119988
2022-05-29T18:20:04,0,119988,0,119988
2022-05-29T18:30:18,0,119988,0,119988
2022-05-29T18:40:33,0,119988,0,119988
2022-05-29T18:50:47,0,119988,0,119988
2022-05-29T19:01:00,0,119988,0,119988
2022-05-29T19:11:14,0,119988,0,119988
2022-05-29T19:21:39,0,119988,0,119988
2022-05-29T19:31:53,0,119988,0,119988
2022-05-29T19:42:07,0,119988,0,119988
2022-05-29T19:52:21,0,119988,0,119988
2022-05-29T20:02:35,0,119988,0,119988
2022-05-29T20:12:49,0,119988,0,119988
2022-05-29T20:23:03,0,119988,0,119988
2022-05-29T20:33:17,0,119988,0,119988
2022-05-29T20:43:32,0,119988,0,119988
2022-05-29T20:53:46,0,119988,0,119988
2022-05-29T21:03:59,0,119988,0,119988
2022-05-29T21:14:14,0,119988,0,119988
2022-05-29T21:24:28,0,119988,0,119988
2022-05-29T21:34:42,0,119988,0,119988
2022-05-29T21:45:06,0,119988,0,119988
2022-05-29T21:55:20,0,119988,0,119988
2022-05-29T22:05:34,0,119988,0,119988
2022-05-29T22:15:48,0,119988,0,119988
2022-05-29T22:26:03,0,119988,0,119988
2022-05-29T22:36:17,0,119988,0,119988
2022-05-29T22:46:31,0,119988,0,119988
2022-05-29T22:56:44,0,119988,0,119988
2022-05-29T23:06:59,0,119988,0,119988
2022-05-29T23:17:13,0,119988,0,119988
2022-05-29T23:27:38,0,119988,0,119988
2022-05-29T23:37:53,0,119988,0,119988
2022-05-29T23:48:07,0,119988,0,119988
2022-05-29T23:58:21,0,119988,0,119988
2022-05-30T00:08:36,0,119988,0,119988
2022-05-30T00:18:53,0,119988,0,119988
2022-05-30T00:29:10,0,119988,0,119988
2022-05-30T00:39:27,0,119988,0,119988
2022-05-30T00:49:43,0,119988,0,119988
2022-05-30T00:59:59,0,119988,0,119988
2022-05-30T01:10:23,0,119988,0,119988
2022-05-30T01:20:42,0,119988,0,119988
2022-05-30T01:30:59,0,119988,0,119988
2022-05-30T01:41:16,0,119988,0,119988
2022-05-30T01:51:32,0,119988,0,119988
2022-05-30T02:01:48,0,119988,0,119988
2022-05-30T02:12:04,0,119988,0,119988
2022-05-30T02:22:19,0,119988,0,119988
2022-05-30T02:32:34,0,119988,0,119988
2022-05-30T02:42:49,0,119988,0,119988
2022-05-30T02:53:03,0,119988,0,119988
2022-05-30T03:03:17,0,119988,0,119988
2022-05-30T03:13:32,0,119988,0,119988
2022-05-30T03:23:47,0,119988,0,119988
2022-05-30T03:34:01,0,119988,0,119988
2022-05-30T03:44:18,0,119988,0,119988
2022-05-30T03:54:33,0,119988,0,119988
2022-05-30T04:04:58,0,119988,0,119988
2022-05-30T04:21:12,0,119988,0,119988
2022-05-30T04:31:46,0,119988,0,119988
2022-05-30T04:42:03,0,119988,0,119988
2022-05-30T04:52:19,0,119988,0,119988
2022-05-30T05:02:37,0,119988,0,119988
2022-05-30T05:12:55,0,119988,0,119988
2022-05-30T05:23:11,0,119988,0,119988
2022-05-30T05:33:28,0,119988,0,119988
2022-05-30T05:43:48,0,119988,0,119988
2022-05-30T05:54:04,0,119988,0,119988
2022-05-30T06:04:20,0,119988,0,119988
2022-05-30T06:14:35,0,119988,0,119988
2022-05-30T06:24:52,0,119988,0,119988
2022-05-30T06:35:08,0,119988,0,119988
2022-05-30T06:45:23,0,119988,0,119988
2022-05-30T06:55:37,0,119988,0,119988
2022-05-30T07:05:53,0,119988,0,119988
2022-05-30T07:16:07,0,119988,0,119988
2022-05-30T07:26:21,0,119988,0,119988
2022-05-30T07:36:35,0,119988,0,119988
2022-05-30T07:47:05,0,119988,0,119988
2022-05-30T07:57:18,0,119988,0,119988
2022-05-30T08:07:33,0,119988,0,119988
2022-05-30T08:17:47,0,119988,0,119988
2022-05-30T08:28:01,0,119988,0,119988
2022-05-30T08:38:15,0,119988,0,119988
2022-05-30T08:48:29,0,119988,0,119988
2022-05-30T08:58:43,0,119988,0,119988
2022-05-30T09:08:57,0,119988,0,119988
2022-05-30T09:19:11,0,119988,0,119988
2022-05-30T09:29:24,0,119988,0,119988
2022-05-30T09:39:39,0,119988,0,119988
2022-05-30T09:49:54,0,119988,0,119988
2022-05-30T10:00:09,0,119988,0,119988
2022-05-30T10:10:25,0,119988,0,119988
2022-05-30T10:20:39,0,119988,0,119988
2022-05-30T10:31:11,0,119988,0,119988
2022-05-30T10:41:25,0,119988,0,119988
2022-05-30T10:51:40,0,119988,0,119988
2022-05-30T11:01:55,0,119988,0,119988
2022-05-30T11:12:10,0,119988,0,119988
2022-05-30T11:22:24,0,119988,0,119988
2022-05-30T11:32:39,0,119988,0,119988
2022-05-30T11:42:53,0,119988,0,119988
2022-05-30T11:53:07,0,119988,0,119988
2022-05-30T12:03:32,0,119988,0,119988
2022-05-30T12:13:46,0,119988,0,119988
2022-05-30T12:24:01,0,119988,0,119988
2022-05-30T12:34:16,0,119988,0,119988
2022-05-30T12:44:30,0,119988,0,119988
2022-05-30T12:54:44,0,119988,0,119988
2022-05-30T13:04:59,0,119988,0,119988
2022-05-30T13:15:13,0,119988,0,119988
2022-05-30T13:25:44,0,119988,0,119988
2022-05-30T13:35:58,0,119988,0,119988
2022-05-30T13:46:13,0,119988,0,119988
2022-05-30T13:56:27,0,119988,0,119988
2022-05-30T14:06:42,0,119988,0,119988
2022-05-30T14:16:57,0,119988,0,119988
2022-05-30T14:27:12,0,119988,0,119988
2022-05-30T14:37:26,0,119988,0,119988
2022-05-30T14:47:50,0,119988,0,119988
2022-05-30T14:58:05,0,119988,0,119988
2022-05-30T15:08:20,0,119988,0,119988
2022-05-30T15:18:35,0,119988,0,119988
2022-05-30T15:28:49,0,119988,0,119988
2022-05-30T15:39:04,0,119988,0,119988
2022-05-30T15:49:19,0,119988,0,119988
2022-05-30T15:59:34,0,119988,0,119988
2022-05-30T16:09:58,0,119988,0,119988
2022-05-30T16:20:13,0,119988,0,119988
2022-05-30T16:30:28,0,119988,0,119988
2022-05-30T16:40:42,0,119988,0,119988
2022-05-30T16:50:56,0,119988,0,119988
2022-05-30T17:01:11,0,119988,0,119988
2022-05-30T17:11:27,0,119988,0,119988
2022-05-30T17:22:00,0,119988,0,119988
2022-05-30T17:32:15,0,119988,0,119988
2022-05-30T17:42:29,0,119988,0,119988
2022-05-30T17:52:43,0,119988,0,119988
2022-05-30T18:02:58,0,119988,0,119988
2022-05-30T18:13:13,0,119988,0,119988
2022-05-30T18:23:27,0,119988,0,119988
2022-05-30T18:33:52,0,119988,0,119988
2022-05-30T18:44:06,0,119988,0,119988
2022-05-30T18:54:20,0,119988,0,119988
2022-05-30T19:04:36,0,119988,0,119988
2022-05-30T19:14:51,0,119988,0,119988
2022-05-30T19:25:05,0,119988,0,119988
2022-05-30T19:35:20,0,119988,0,119988
2022-05-30T19:45:44,0,119988,0,119988
2022-05-30T19:55:59,0,119988,0,119988
2022-05-30T20:06:13,0,119988,0,119988
2022-05-30T20:16:28,0,119988,0,119988
2022-05-30T20:26:43,0,119988,0,119988
2022-05-30T20:36:57,0,119988,0,119988
2022-05-30T20:47:12,0,119988,0,119988
2022-05-30T20:57:44,0,119988,0,119988
2022-05-30T21:07:59,0,119988,0,119988
2022-05-30T21:18:13,0,119988,0,119988
2022-05-30T21:28:29,0,119988,0,119988
2022-05-30T21:38:43,0,119988,0,119988
2022-05-30T21:48:58,0,119988,0,119988
2022-05-30T21:59:24,0,119988,0,119988
2022-05-30T22:09:39,0,119988,0,119988
2022-05-30T22:19:54,0,119988,0,119988
2022-05-30T22:30:11,0,119988,0,119988
2022-05-30T22:40:26,0,119988,0,119988
2022-05-30T22:50:41,0,119988,0,119988
2022-05-30T23:01:13,0,119988,0,119988
2022-05-30T23:11:28,0,119988,0,119988
2022-05-30T23:21:43,0,119988,0,119988
2022-05-30T23:31:58,0,119988,0,119988
2022-05-30T23:42:13,0,119988,0,119988
2022-05-30T23:52:27,0,119988,0,119988
2022-05-31T00:02:52,0,119988,0,119988
2022-05-31T00:13:10,0,119988,0,119988
2022-05-31T00:23:26,0,119988,0,119988
2022-05-31T00:33:40,0,119988,0,119988
2022-05-31T00:43:56,0,119988,0,119988
2022-05-31T00:54:10,0,119988,0,119988
2022-05-31T01:04:26,0,119988,0,119988
2022-05-31T01:15:04,0,119988,0,119988
2022-05-31T01:25:20,0,119988,0,119988
2022-05-31T01:35:36,0,119988,0,119988
2022-05-31T01:45:51,0,119988,0,119988
2022-05-31T01:56:05,0,119988,0,119988
2022-05-31T02:06:20,0,119988,0,119988
2022-05-31T02:16:37,0,119988,0,119988
2022-05-31T02:26:51,0,119988,0,119988
2022-05-31T02:37:08,0,119988,0,119988
2022-05-31T02:47:23,0,119988,0,119988
2022-05-31T02:57:47,0,119988,0,119988
2022-05-31T03:08:02,0,119988,0,119988
2022-05-31T03:18:17,0,119988,0,119988
2022-05-31T03:28:33,0,119988,0,119988
2022-05-31T03:38:48,0,119988,0,119988
2022-05-31T03:49:05,0,119988,0,119988
2022-05-31T03:59:21,0,119988,0,119988
2022-05-31T04:09:39,0,119988,0,119988
2022-05-31T04:37:02,0,119988,0,119988
2022-05-31T04:47:20,0,119988,0,119988
2022-05-31T04:57:37,0,119988,0,119988
2022-05-31T05:07:55,0,119988,0,119988
2022-05-31T05:18:12,0,119988,0,119988
2022-05-31T05:28:29,0,119988,0,119988
2022-05-31T05:38:46,0,119988,0,119988
2022-05-31T05:49:03,0,119988,0,119988
2022-05-31T05:59:19,0,119988,0,119988
2022-05-31T06:09:35,0,119988,0,119988
2022-05-31T06:19:50,0,119988,0,119988
2022-05-31T06:30:06,0,119988,0,119988
2022-05-31T06:40:20,0,119988,0,119988
2022-05-31T06:50:35,0,119988,0,119988
2022-05-31T07:00:55,0,119988,0,119988
2022-05-31T07:11:16,0,119988,0,119988
2022-05-31T07:21:36,0,119988,0,119988
2022-05-31T07:31:54,0,119988,0,119988
2022-05-31T07:42:15,0,119988,0,119988
2022-05-31T07:52:36,0,119988,0,119988
2022-05-31T08:02:54,0,119988,0,119988
2022-05-31T08:13:17,0,119988,0,119988
2022-05-31T08:23:36,0,119988,0,119988
2022-05-31T08:33:56,0,119988,0,119988
2022-05-31T08:44:30,0,119988,0,119988
2022-05-31T08:55:00,0,119988,0,119988
2022-05-31T09:05:34,0,119988,0,119988
2022-05-31T09:16:03,0,119988,0,119988
2022-05-31T09:26:29,0,119988,0,119988
2022-05-31T09:36:57,0,119988,0,119988
2022-05-31T09:47:24,0,119988,0,119988
2022-05-31T09:57:50,0,119988,0,119988
2022-05-31T10:08:29,0,119988,0,119988
2022-05-31T10:18:54,0,119988,0,119988
2022-05-31T10:29:17,0,119988,0,119988
2022-05-31T10:39:41,0,119988,0,119988
2022-05-31T10:50:02,0,119988,0,119988
2022-05-31T11:00:42,0,119988,0,119988
2022-05-31T11:11:05,0,119988,0,119988
2022-05-31T11:21:27,0,119988,0,119988
2022-05-31T11:31:49,0,119988,0,119988
2022-05-31T11:42:11,0,119988,0,119988
2022-05-31T11:52:45,0,119988,0,119988
2022-05-31T12:03:07,0,119988,0,119988
2022-05-31T12:13:28,0,119988,0,119988
2022-05-31T12:23:49,0,119988,0,119988
2022-05-31T12:34:11,0,119988,0,119988
2022-05-31T12:44:45,0,119988,0,119988
2022-05-31T12:55:06,0,119988,0,119988
2022-05-31T13:05:28,0,119988,0,119988
2022-05-31T13:15:50,0,119988,0,119988
2022-05-31T13:26:23,0,119988,0,119988
2022-05-31T13:36:45,0,119988,0,119988
2022-05-31T13:47:07,0,119988,0,119988
2022-05-31T13:57:30,0,119988,0,119988
2022-05-31T14:07:55,0,119988,0,119988
2022-05-31T14:18:38,0,119988,0,119988
2022-05-31T14:29:00,0,119988,0,119988
2022-05-31T14:39:23,0,119988,0,119988
2022-05-31T14:49:45,0,119988,0,119988
2022-05-31T15:00:08,0,119988,0,119988
2022-05-31T15:10:42,0,119988,0,119988
2022-05-31T15:21:04,0,119988,0,119988
2022-05-31T15:31:26,0,119988,0,119988
2022-05-31T15:41:48,0,119988,0,119988
2022-05-31T15:52:10,0,119988,0,119988
2022-05-31T16:02:42,0,119988,0,119988
2022-05-31T16:13:04,0,119988,0,119988
2022-05-31T16:23:26,0,119988,0,119988
2022-05-31T16:33:48,0,119988,0,119988
2022-05-31T16:44:09,0,119988,0,119988
2022-05-31T16:54:29,0,119988,0,119988
2022-05-31T17:05:02,0,119988,0,119988
2022-05-31T17:15:24,0,119988,0,119988
2022-05-31T17:25:44,0,119988,0,119988
2022-05-31T17:36:04,0,119988,0,119988
2022-05-31T17:46:24,0,119988,0,119988
2022-05-31T17:56:45,0,119988,0,119988
2022-05-31T18:07:18,0,119988,0,119988
2022-05-31T18:17:38,0,119988,0,119988
2022-05-31T18:27:58,0,119988,0,119988
2022-05-31T18:38:18,0,119988,0,119988
2022-05-31T18:48:41,0,119988,0,119988
2022-05-31T18:59:00,0,119988,0,119988
2022-05-31T19:09:33,0,119988,0,119988
2022-05-31T19:19:54,0,119988,0,119988
2022-05-31T19:30:15,0,119988,0,119988
2022-05-31T19:40:34,0,119988,0,119988
2022-05-31T19:50:55,0,119988,0,119988
2022-05-31T20:01:27,0,119988,0,119988
2022-05-31T20:11:49,0,119988,0,119988
2022-05-31T20:22:09,0,119988,0,119988
2022-05-31T20:32:29,0,119988,0,119988
2022-05-31T20:42:48,0,119988,0,119988
2022-05-31T20:53:08,0,119988,0,119988
2022-05-31T21:03:39,0,119988,0,119988
2022-05-31T21:13:59,0,119988,0,119988
2022-05-31T21:24:18,0,119988,0,119988
2022-05-31T21:34:37,0,119988,0,119988
2022-05-31T21:44:57,0,119988,0,119988
2022-05-31T21:55:37,0,119988,0,119988
2022-05-31T22:05:57,0,119988,0,119988
2022-05-31T22:16:17,0,119988,0,119988
2022-05-31T22:26:35,0,119988,0,119988
2022-05-31T22:36:56,0,119988,0,119988
2022-05-31T22:47:15,0,119988,0,119988
2022-05-31T22:57:34,0,119988,0,119988
2022-05-31T23:08:07,0,119988,0,119988
2022-05-31T23:18:25,0,119988,0,119988
2022-05-31T23:28:45,0,119988,0,119988
2022-05-31T23:39:05,0,119988,0,119988
2022-05-31T23:49:24,0,119988,0,119988
2022-05-31T23:59:43,0,119988,0,119988
2022-06-01T00:10:08,0,119988,0,119988
2022-06-01T00:20:41,0,119988,0,119988
2022-06-01T00:31:01,0,119988,0,119988
2022-06-01T00:41:23,0,119988,0,119988
2022-06-01T00:51:46,0,119988,0,119988
2022-06-01T01:02:07,0,119988,0,119988
2022-06-01T01:12:28,0,119988,0,119988
2022-06-01T01:22:48,0,119988,0,119988
2022-06-01T01:33:08,0,119988,0,119988
2022-06-01T01:43:28,0,119988,0,119988
2022-06-01T01:53:49,0,119988,0,119988
2022-06-01T02:04:09,0,119988,0,119988
2022-06-01T02:14:42,0,119988,0,119988
2022-06-01T02:25:02,0,119988,0,119988
2022-06-01T02:35:30,0,119988,0,119988
2022-06-01T02:45:50,0,119988,0,119988
2022-06-01T02:56:09,0,119988,0,119988
2022-06-01T03:06:29,0,119988,0,119988
2022-06-01T03:16:48,0,119988,0,119988
2022-06-01T03:27:07,0,119988,0,119988
2022-06-01T03:37:27,0,119988,0,119988
2022-06-01T03:47:47,0,119988,0,119988
2022-06-01T03:58:07,0,119988,0,119988
2022-06-01T04:08:28,0,119988,0,119988
2022-06-01T04:18:48,0,119988,0,119988
2022-06-01T04:33:17,0,119988,0,119988
2022-06-01T04:43:38,0,119988,0,119988
2022-06-01T04:53:58,0,119988,0,119988
2022-06-01T05:04:21,0,119988,0,119988
2022-06-01T05:16:07,0,119988,0,119988
2022-06-01T05:26:47,0,119988,0,119988
2022-06-01T05:37:08,0,119988,0,119988
2022-06-01T05:47:30,0,119988,0,119988
2022-06-01T05:57:52,0,119988,0,119988
2022-06-01T06:08:12,0,119988,0,119988
2022-06-01T06:18:33,0,119988,0,119988
2022-06-01T06:28:53,0,119988,0,119988
2022-06-01T06:39:13,0,119988,0,119988
2022-06-01T06:49:32,0,119988,0,119988
2022-06-01T06:59:51,0,119988,0,119988
2022-06-01T07:10:11,0,119988,0,119988
2022-06-01T07:20:30,0,119988,0,119988
2022-06-01T07:30:50,0,119988,0,119988
2022-06-01T07:41:10,0,119988,0,119988
2022-06-01T07:51:34,0,119988,0,119988
2022-06-01T08:01:54,0,119988,0,119988
2022-06-01T08:12:15,0,119988,0,119988
2022-06-01T08:22:36,0,119988,0,119988
2022-06-01T08:33:09,0,119988,0,119988
2022-06-01T08:43:29,0,119988,0,119988
2022-06-01T08:53:50,0,119988,0,119988
2022-06-01T09:04:11,0,119988,0,119988
2022-06-01T09:14:34,0,119988,0,119988
2022-06-01T09:24:56,0,119988,0,119988
2022-06-01T09:35:18,0,119988,0,119988
2022-06-01T09:45:41,0,119988,0,119988
2022-06-01T09:56:03,0,119988,0,119988
2022-06-01T10:06:26,0,119988,0,119988
2022-06-01T10:17:00,0,119988,0,119988
2022-06-01T10:27:25,0,119988,0,119988
2022-06-01T10:37:47,0,119988,0,119988
2022-06-01T10:48:10,0,119988,0,119988
2022-06-01T10:58:33,0,119988,0,119988
2022-06-01T11:09:03,0,119988,0,119988
2022-06-01T11:19:30,0,119988,0,119988
2022-06-01T11:30:10,0,119988,0,119988
2022-06-01T11:40:37,0,119988,0,119988
2022-06-01T11:51:05,0,119988,0,119988
2022-06-01T12:01:34,0,119988,0,119988
2022-06-01T12:12:05,0,119988,0,119988
2022-06-01T12:22:36,0,119988,0,119988
2022-06-01T12:33:18,0,119988,0,119988
2022-06-01T12:43:52,0,119988,0,119988
2022-06-01T12:54:29,0,119988,0,119988
2022-06-01T13:05:02,0,119988,0,119988
2022-06-01T13:15:33,0,119988,0,119988
2022-06-01T13:26:05,0,119988,0,119988
2022-06-01T13:36:46,0,119988,0,119988
2022-06-01T13:47:17,0,119988,0,119988
2022-06-01T13:57:48,0,119988,0,119988
2022-06-01T14:08:18,0,119988,0,119988
2022-06-01T14:18:47,0,119988,0,119988
2022-06-01T14:29:26,0,119988,0,119988
2022-06-01T14:39:54,0,119988,0,119988
2022-06-01T14:50:19,0,119988,0,119988
2022-06-01T15:00:43,0,119988,0,119988
2022-06-01T15:11:08,0,119988,0,119988
2022-06-01T15:21:46,0,119988,0,119988
2022-06-01T15:32:10,0,119988,0,119988
2022-06-01T15:42:34,0,119988,0,119988
2022-06-01T15:52:57,0,119988,0,119988
2022-06-01T16:03:22,0,119988,0,119988
2022-06-01T16:13:58,0,119988,0,119988
2022-06-01T16:24:22,0,119988,0,119988
2022-06-01T16:34:45,0,119988,0,119988
2022-06-01T16:45:09,0,119988,0,119988
2022-06-01T16:55:33,0,119988,0,119988
2022-06-01T17:06:10,0,119988,0,119988
2022-06-01T17:16:34,0,119988,0,119988
2022-06-01T17:26:57,0,119988,0,119988
2022-06-01T17:37:19,0,119988,0,119988
2022-06-01T17:47:41,0,119988,0,119988
2022-06-01T17:58:17,0,119988,0,119988
2022-06-01T18:08:41,0,119988,0,119988
2022-06-01T18:19:05,0,119988,0,119988
2022-06-01T18:29:28,0,119988,0,119988
2022-06-01T18:39:51,0,119988,0,119988
2022-06-01T18:50:26,0,119988,0,119988
2022-06-01T19:00:48,0,119988,0,119988
2022-06-01T19:11:10,0,119988,0,119988
2022-06-01T19:21:33,0,119988,0,119988
2022-06-01T19:31:57,0,119988,0,119988
2022-06-01T19:42:30,0,119988,0,119988
2022-06-01T19:52:52,0,119988,0,119988
2022-06-01T20:03:15,0,119988,0,119988
2022-06-01T20:13:37,0,119988,0,119988
2022-06-01T20:23:59,0,119988,0,119988
2022-06-01T20:34:34,0,119988,0,119988
2022-06-01T20:44:57,0,119988,0,119988
2022-06-01T20:55:18,0,119988,0,119988
2022-06-01T21:05:40,0,119988,0,119988
2022-06-01T21:16:01,0,119988,0,119988
2022-06-01T21:26:35,0,119988,0,119988
2022-06-01T21:36:57,0,119988,0,119988
2022-06-01T21:47:19,0,119988,0,119988
2022-06-01T21:57:40,0,119988,0,119988
2022-06-01T22:08:03,0,119988,0,119988
2022-06-01T22:18:38,0,119988,0,119988
2022-06-01T22:28:59,0,119988,0,119988
2022-06-01T22:39:21,0,119988,0,119988
2022-06-01T22:49:42,0,119988,0,119988
2022-06-01T23:00:03,0,119988,0,119988
2022-06-01T23:10:24,0,119988,0,119988
2022-06-01T23:20:57,0,119988,0,119988
2022-06-01T23:31:18,0,119988,0,119988
2022-06-01T23:41:40,0,119988,0,119988
2022-06-01T23:52:01,0,119988,0,119988
2022-06-02T00:02:23,0,119988,0,119988
2022-06-02T00:12:46,0,119988,0,119988
2022-06-02T00:23:22,0,119988,0,119988
2022-06-02T00:33:45,0,119988,0,119988
2022-06-02T00:44:08,0,119988,0,119988
2022-06-02T00:54:29,0,119988,0,119988
2022-06-02T01:04:52,0,119988,0,119988
2022-06-02T01:15:14,0,119988,0,119988
2022-06-02T01:25:37,0,119988,0,119988
2022-06-02T01:35:59,0,119988,0,119988
2022-06-02T01:46:20,0,119988,0,119988
2022-06-02T01:56:43,0,119988,0,119988
2022-06-02T02:07:11,0,119988,0,119988
2022-06-02T02:17:37,0,119988,0,119988
2022-06-02T02:28:11,0,119988,0,119988
2022-06-02T02:38:35,0,119988,0,119988
2022-06-02T02:48:59,0,119988,0,119988
2022-06-02T02:59:23,0,119988,0,119988
2022-06-02T03:09:46,0,119988,0,119988
2022-06-02T03:20:09,0,119988,0,119988
2022-06-02T03:30:35,0,119988,0,119988
2022-06-02T03:41:03,0,119988,0,119988
2022-06-02T03:51:29,0,119988,0,119988
2022-06-02T04:01:59,0,119988,0,119988
2022-06-02T04:15:19,0,119988,0,119988
2022-06-02T04:36:29,0,119988,0,119988
2022-06-02T04:46:59,0,119988,0,119988
2022-06-02T04:57:30,0,119988,0,119988
2022-06-02T05:08:00,0,119988,0,119988
2022-06-02T05:18:28,0,119988,0,119988
2022-06-02T05:28:56,0,119988,0,119988
2022-06-02T05:39:22,0,119988,0,119988
2022-06-02T05:49:49,0,119988,0,119988
2022-06-02T06:00:13,0,119988,0,119988
2022-06-02T06:10:36,0,119988,0,119988
2022-06-02T06:20:58,0,119988,0,119988
2022-06-02T06:31:21,0,119988,0,119988
2022-06-02T06:41:44,0,119988,0,119988
2022-06-02T06:52:05,0,119988,0,119988
2022-06-02T07:02:29,0,119988,0,119988
2022-06-02T07:12:52,0,119988,0,119988
2022-06-02T07:23:14,0,119988,0,119988
2022-06-02T07:33:36,0,119988,0,119988
2022-06-02T07:43:58,0,119988,0,119988
2022-06-02T07:54:19,0,119988,0,119988
2022-06-02T09:41:06,0,119988,0,119988
2022-06-02T09:51:30,0,119988,0,119988
2022-06-02T10:01:59,0,119988,0,119988
2022-06-02T10:12:25,0,119988,0,119988
2022-06-02T10:22:50,0,119988,0,119988
2022-06-02T10:33:25,0,119988,0,119988
2022-06-02T10:43:51,0,119988,0,119988
2022-06-02T10:54:16,0,119988,0,119988
2022-06-02T11:04:43,0,119988,0,119988
2022-06-02T11:15:09,0,119988,0,119988
2022-06-02T11:25:50,0,119988,0,119988
2022-06-02T11:36:16,0,119988,0,119988
2022-06-02T11:46:41,0,119988,0,119988
2022-06-02T11:57:06,0,119988,0,119988
2022-06-02T12:07:30,0,119988,0,119988
2022-06-02T12:17:54,0,119988,0,119988
2022-06-02T12:28:29,0,119988,0,119988
2022-06-02T12:38:54,0,119988,0,119988
2022-06-02T12:49:18,0,119988,0,119988
2022-06-02T12:59:42,0,119988,0,119988
2022-06-02T13:10:07,0,119988,0,119988
2022-06-02T13:20:35,0,119988,0,119988
2022-06-02T13:31:18,0,119988,0,119988
2022-06-02T13:41:52,0,119988,0,119988
2022-06-02T13:52:27,0,119988,0,119988
2022-06-02T14:03:06,0,119988,0,119988
2022-06-02T14:13:48,0,119988,0,119988
2022-06-02T14:24:24,0,119988,0,119988
2022-06-02T14:35:15,0,119988,0,119988
2022-06-02T14:45:48,0,119988,0,119988
2022-06-02T14:56:24,0,119988,0,119988
2022-06-02T15:06:58,0,119988,0,119988
2022-06-02T15:17:32,0,119988,0,119988
2022-06-02T15:28:06,0,119988,0,119988
2022-06-02T15:38:50,0,119988,0,119988
2022-06-02T15:49:23,0,119988,0,119988
2022-06-02T15:59:55,0,119988,0,119988
2022-06-02T16:10:27,0,119988,0,119988
2022-06-02T16:21:01,0,119988,0,119988
2022-06-02T16:31:31,0,119988,0,119988
2022-06-02T16:41:58,0,119988,0,119988
2022-06-02T16:52:36,0,119988,0,119988
2022-06-02T17:03:00,0,119988,0,119988
2022-06-02T17:13:24,0,119988,0,119988
2022-06-02T17:23:46,0,119988,0,119988
2022-06-02T17:34:08,0,119988,0,119988
2022-06-02T17:44:30,0,119988,0,119988
2022-06-02T17:54:52,0,119988,0,119988
2022-06-02T18:05:26,0,119988,0,119988
2022-06-02T18:15:48,0,119988,0,119988
2022-06-02T18:26:10,0,119988,0,119988
2022-06-02T18:36:32,0,119988,0,119988
2022-06-02T18:46:54,0,119988,0,119988
2022-06-02T18:57:16,0,119988,0,119988
2022-06-02T19:07:39,0,119988,0,119988
2022-06-02T19:18:01,0,119988,0,119988
2022-06-02T19:28:34,0,119988,0,119988
2022-06-02T19:38:55,0,119988,0,119988
2022-06-02T19:49:17,0,119988,0,119988
2022-06-02T19:59:38,0,119988,0,119988
2022-06-02T20:10:00,0,119988,0,119988
2022-06-02T20:20:23,0,119988,0,119988
2022-06-02T20:30:45,0,119988,0,119988
2022-06-02T20:41:08,0,119988,0,119988
2022-06-02T20:51:30,0,119988,0,119988
2022-06-02T21:01:52,0,119988,0,119988
2022-06-02T21:12:26,0,119988,0,119988
2022-06-02T21:22:47,0,119988,0,119988
2022-06-02T21:33:09,0,119988,0,119988
2022-06-02T21:43:31,0,119988,0,119988
2022-06-02T21:53:53,0,119988,0,119988
2022-06-02T22:04:15,0,119988,0,119988
2022-06-02T22:14:37,0,119988,0,119988
2022-06-02T22:24:58,0,119988,0,119988
2022-06-02T22:35:25,0,119988,0,119988
2022-06-02T22:46:06,0,119988,0,119988
2022-06-02T22:56:32,0,119988,0,119988
2022-06-02T23:06:59,0,119988,0,119988
2022-06-02T23:17:26,0,119988,0,119988
2022-06-02T23:27:54,0,119988,0,119988
2022-06-02T23:38:21,0,119988,0,119988
2022-06-02T23:48:52,0,119988,0,119988
2022-06-02T23:59:22,0,119988,0,119988
2022-06-03T00:09:54,0,119988,0,119988
2022-06-03T00:20:44,0,119988,0,119988
2022-06-03T00:31:15,0,119988,0,119988
2022-06-03T00:41:49,0,119988,0,119988
2022-06-03T00:52:20,0,119988,0,119988
2022-06-03T01:02:52,0,119988,0,119988
2022-06-03T01:13:28,0,119988,0,119988
2022-06-03T01:23:55,0,119988,0,119988
2022-06-03T01:34:22,0,119988,0,119988
2022-06-03T01:44:47,0,119988,0,119988
2022-06-03T01:55:11,0,119988,0,119988
2022-06-03T02:05:34,0,119988,0,119988
2022-06-03T02:15:56,0,119988,0,119988
2022-06-03T02:26:17,0,119988,0,119988
2022-06-03T02:36:53,0,119988,0,119988
2022-06-03T02:47:17,0,119988,0,119988
2022-06-03T02:57:41,0,119988,0,119988
2022-06-03T03:08:03,0,119988,0,119988
2022-06-03T03:18:25,0,119988,0,119988
2022-06-03T03:28:47,0,119988,0,119988
2022-06-03T03:39:09,0,119988,0,119988
2022-06-03T03:49:32,0,119988,0,119988
2022-06-03T04:02:14,0,119988,0,119988
2022-06-03T04:24:26,0,119988,0,119988
2022-06-03T04:35:12,0,119988,0,119988
2022-06-03T04:45:36,0,119988,0,119988
2022-06-03T04:55:59,0,119988,0,119988
2022-06-03T05:06:25,0,119988,0,119988
2022-06-03T05:16:49,0,119988,0,119988
2022-06-03T05:27:13,0,119988,0,119988
2022-06-03T05:37:37,0,119988,0,119988
2022-06-03T05:48:02,0,119988,0,119988
2022-06-03T05:58:27,0,119988,0,119988
2022-06-03T06:08:50,0,119988,0,119988
2022-06-03T06:19:13,0,119988,0,119988
2022-06-03T06:29:38,0,119988,0,119988
2022-06-03T06:40:01,0,119988,0,119988
2022-06-03T06:50:22,0,119988,0,119988
2022-06-03T07:00:43,0,119988,0,119988
2022-06-03T07:11:07,0,119988,0,119988
2022-06-03T07:21:29,0,119988,0,119988
2022-06-03T07:31:51,0,119988,0,119988
2022-06-03T07:42:13,0,119988,0,119988
2022-06-03T07:52:35,0,119988,0,119988
2022-06-03T08:02:57,0,119988,0,119988
2022-06-03T08:13:19,0,119988,0,119988
2022-06-03T08:23:41,0,119988,0,119988
2022-06-03T08:34:04,0,119988,0,119988
2022-06-03T08:44:27,0,119988,0,119988
2022-06-03T08:54:49,0,119988,0,119988
2022-06-03T09:05:16,0,119988,0,119988
2022-06-03T09:15:40,0,119988,0,119988
2022-06-03T09:26:17,0,119988,0,119988
2022-06-03T09:36:40,0,119988,0,119988
2022-06-03T09:47:04,0,119988,0,119988
2022-06-03T09:57:27,0,119988,0,119988
2022-06-03T10:07:51,0,119988,0,119988
2022-06-03T10:18:15,0,119988,0,119988
2022-06-03T10:28:39,0,119988,0,119988
2022-06-03T10:39:03,0,119988,0,119988
2022-06-03T10:49:28,0,119988,0,119988
2022-06-03T10:59:54,0,119988,0,119988
2022-06-03T11:10:32,0,119988,0,119988
2022-06-03T11:20:57,0,119988,0,119988
2022-06-03T11:31:22,0,119988,0,119988
2022-06-03T11:41:46,0,119988,0,119988
2022-06-03T11:52:11,0,119988,0,119988
2022-06-03T12:02:36,0,119988,0,119988
2022-06-03T12:13:00,0,119988,0,119988
2022-06-03T12:23:24,0,119988,0,119988
2022-06-03T12:33:49,0,119988,0,119988
2022-06-03T12:44:13,0,119988,0,119988
2022-06-03T12:54:38,0,119988,0,119988
2022-06-03T13:05:02,0,119988,0,119988
2022-06-03T13:15:26,0,119988,0,119988
2022-06-03T13:26:03,0,119988,0,119988
2022-06-03T13:36:28,0,119988,0,119988
2022-06-03T13:47:00,0,119988,0,119988
2022-06-03T13:57:24,0,119988,0,119988
2022-06-03T14:07:50,0,119988,0,119988
2022-06-03T14:18:50,0,119988,0,119988
2022-06-03T14:29:18,0,119988,0,119988
2022-06-03T14:39:56,0,119988,0,119988
2022-06-03T14:50:24,0,119988,0,119988
2022-06-03T15:00:50,0,119988,0,119988
2022-06-03T15:11:15,0,119988,0,119988
2022-06-03T15:21:40,0,119988,0,119988
2022-06-03T15:32:04,0,119988,0,119988
2022-06-03T15:42:29,0,119988,0,119988
2022-06-03T15:52:53,0,119988,0,119988
2022-06-03T16:03:18,0,119988,0,119988
2022-06-03T16:13:42,0,119988,0,119988
2022-06-03T16:24:07,0,119988,0,119988
2022-06-03T16:34:31,0,119988,0,119988
2022-06-03T16:45:07,0,119988,0,119988
2022-06-03T16:55:31,0,119988,0,119988
2022-06-03T17:05:55,0,119988,0,119988
2022-06-03T17:16:19,0,119988,0,119988
2022-06-03T17:26:43,0,119988,0,119988
2022-06-03T17:37:11,0,119988,0,119988
2022-06-03T17:47:34,0,119988,0,119988
2022-06-03T17:57:57,0,119988,0,119988
2022-06-03T18:08:31,0,119988,0,119988
2022-06-03T18:18:54,0,119988,0,119988
2022-06-03T18:29:18,0,119988,0,119988
2022-06-03T18:39:40,0,119988,0,119988
2022-06-03T18:50:03,0,119988,0,119988
2022-06-03T19:00:26,0,119988,0,119988
2022-06-03T19:10:49,0,119988,0,119988
2022-06-03T19:21:11,0,119988,0,119988
2022-06-03T19:31:34,0,119988,0,119988
2022-06-03T19:41:57,0,119988,0,119988
2022-06-03T19:52:19,0,119988,0,119988
2022-06-03T20:02:55,0,119988,0,119988
2022-06-03T20:13:18,0,119988,0,119988
2022-06-03T20:23:41,0,119988,0,119988
2022-06-03T20:34:04,0,119988,0,119988
2022-06-03T20:44:26,0,119988,0,119988
2022-06-03T20:54:49,0,119988,0,119988
2022-06-03T21:05:12,0,119988,0,119988
2022-06-03T21:15:34,0,119988,0,119988
2022-06-03T21:25:57,0,119988,0,119988
2022-06-03T21:36:20,0,119988,0,119988
2022-06-03T21:46:52,0,119988,0,119988
2022-06-03T21:57:15,0,119988,0,119988
2022-06-03T22:07:37,0,119988,0,119988
2022-06-03T22:18:02,0,119988,0,119988
2022-06-03T22:28:29,0,119988,0,119988
2022-06-03T22:38:59,0,119988,0,119988
2022-06-03T22:49:25,0,119988,0,119988
2022-06-03T22:59:55,0,119988,0,119988
2022-06-03T23:10:38,0,119988,0,119988
2022-06-03T23:21:09,0,119988,0,119988
2022-06-03T23:31:38,0,119988,0,119988
2022-06-03T23:42:04,0,119988,0,119988
2022-06-03T23:52:34,0,119988,0,119988
2022-06-04T00:03:03,0,119988,0,119988
2022-06-04T00:13:29,0,119988,0,119988
2022-06-04T00:24:00,0,119988,0,119988
2022-06-04T00:34:29,0,119988,0,119988
2022-06-04T00:45:13,0,119988,0,119988
2022-06-04T00:55:43,0,119988,0,119988
2022-06-04T01:06:13,0,119988,0,119988
2022-06-04T01:16:44,0,119988,0,119988
2022-06-04T01:27:15,0,119988,0,119988
2022-06-04T01:37:46,0,119988,0,119988
2022-06-04T01:48:17,0,119988,0,119988
2022-06-04T01:58:45,0,119988,0,119988
2022-06-04T02:09:11,0,119988,0,119988
2022-06-04T02:19:37,0,119988,0,119988
2022-06-04T02:29:59,0,119988,0,119988
2022-06-04T02:40:21,0,119988,0,119988
2022-06-04T02:50:43,0,119988,0,119988
2022-06-04T03:01:05,0,119988,0,119988
2022-06-04T03:11:27,0,119988,0,119988
2022-06-04T03:21:49,0,119988,0,119988
2022-06-04T03:32:10,0,119988,0,119988
2022-06-04T03:42:35,0,119988,0,119988
2022-06-04T03:53:00,0,119988,0,119988
2022-06-04T04:03:35,0,119988,0,119988
2022-06-04T04:24:17,0,119988,0,119988
2022-06-04T04:34:58,0,119988,0,119988
2022-06-04T04:45:23,0,119988,0,119988
2022-06-04T04:55:47,0,119988,0,119988
2022-06-04T05:06:12,0,119988,0,119988
2022-06-04T05:16:36,0,119988,0,119988
2022-06-04T05:27:01,0,119988,0,119988
2022-06-04T05:37:25,0,119988,0,119988
2022-06-04T05:47:50,0,119988,0,119988
2022-06-04T05:58:15,0,119988,0,119988
2022-06-04T06:08:39,0,119988,0,119988
2022-06-04T06:19:02,0,119988,0,119988
2022-06-04T06:29:26,0,119988,0,119988
2022-06-04T06:39:50,0,119988,0,119988
2022-06-04T06:50:14,0,119988,0,119988
2022-06-04T07:00:38,0,119988,0,119988
2022-06-04T07:11:02,0,119988,0,119988
2022-06-04T07:21:27,0,119988,0,119988
2022-06-04T07:31:53,0,119988,0,119988
2022-06-04T07:42:18,0,119988,0,119988
2022-06-04T07:52:42,0,119988,0,119988
2022-06-04T08:03:07,0,119988,0,119988
2022-06-04T08:13:31,0,119988,0,119988
2022-06-04T08:23:55,0,119988,0,119988
2022-06-04T08:34:27,0,119988,0,119988
2022-06-04T08:44:50,0,119988,0,119988
2022-06-04T08:55:14,0,119988,0,119988
2022-06-04T09:05:37,0,119988,0,119988
2022-06-04T09:16:00,0,119988,0,119988
2022-06-04T09:26:24,0,119988,0,119988
2022-06-04T09:36:47,0,119988,0,119988
2022-06-04T09:47:09,0,119988,0,119988
2022-06-04T09:57:32,0,119988,0,119988
2022-06-04T10:07:54,0,119988,0,119988
2022-06-04T10:18:17,0,119988,0,119988
2022-06-04T10:28:40,0,119988,0,119988
2022-06-04T10:39:02,0,119988,0,119988
2022-06-04T10:49:25,0,119988,0,119988
2022-06-04T10:59:47,0,119988,0,119988
2022-06-04T11:10:10,0,119988,0,119988
2022-06-04T11:20:35,0,119988,0,119988
2022-06-04T11:31:09,0,119988,0,119988
2022-06-04T11:41:31,0,119988,0,119988
2022-06-04T11:51:53,0,119988,0,119988
2022-06-04T12:02:15,0,119988,0,119988
2022-06-04T12:12:37,0,119988,0,119988
2022-06-04T12:23:00,0,119988,0,119988
2022-06-04T12:33:24,0,119988,0,119988
2022-06-04T12:43:47,0,119988,0,119988
2022-06-04T12:54:09,0,119988,0,119988
2022-06-04T13:04:43,0,119988,0,119988
2022-06-04T13:15:06,0,119988,0,119988
2022-06-04T13:25:28,0,119988,0,119988
2022-06-04T13:35:50,0,119988,0,119988
2022-06-04T13:46:13,0,119988,0,119988
2022-06-04T13:56:35,0,119988,0,119988
2022-06-04T14:06:58,0,119988,0,119988
2022-06-04T14:17:20,0,119988,0,119988
2022-06-04T14:27:43,0,119988,0,119988
2022-06-04T14:38:18,0,119988,0,119988
2022-06-04T14:48:41,0,119988,0,119988
2022-06-04T14:59:03,0,119988,0,119988
2022-06-04T15:09:26,0,119988,0,119988
2022-06-04T15:19:48,0,119988,0,119988
2022-06-04T15:30:10,0,119988,0,119988
2022-06-04T15:40:32,0,119988,0,119988
2022-06-04T15:50:55,0,119988,0,119988
2022-06-04T16:01:17,0,119988,0,119988
2022-06-04T16:11:39,0,119988,0,119988
2022-06-04T16:22:01,0,119988,0,119988
2022-06-04T16:32:24,0,119988,0,119988
2022-06-04T16:42:47,0,119988,0,119988
2022-06-04T16:53:20,0,119988,0,119988
2022-06-04T17:03:43,0,119988,0,119988
2022-06-04T17:14:05,0,119988,0,119988
2022-06-04T17:24:28,0,119988,0,119988
2022-06-04T17:34:50,0,119988,0,119988
2022-06-04T17:45:12,0,119988,0,119988
2022-06-04T17:55:35,0,119988,0,119988
2022-06-04T18:05:57,0,119988,0,119988
2022-06-04T18:16:20,0,119988,0,119988
2022-06-04T18:26:43,0,119988,0,119988
2022-06-04T18:37:06,0,119988,0,119988
2022-06-04T18:47:28,0,119988,0,119988
2022-06-04T18:57:51,0,119988,0,119988
2022-06-04T19:08:24,0,119988,0,119988
2022-06-04T19:18:46,0,119988,0,119988
2022-06-04T19:29:08,0,119988,0,119988
2022-06-04T19:39:30,0,119988,0,119988
2022-06-04T19:49:51,0,119988,0,119988
2022-06-04T20:00:14,0,119988,0,119988
2022-06-04T20:10:36,0,119988,0,119988
2022-06-04T20:20:58,0,119988,0,119988
2022-06-04T20:31:20,0,119988,0,119988
2022-06-04T20:41:42,0,119988,0,119988
2022-06-04T20:52:05,0,119988,0,119988
2022-06-04T21:02:40,0,119988,0,119988
2022-06-04T21:13:02,0,119988,0,119988
2022-06-04T21:23:25,0,119988,0,119988
2022-06-04T21:33:47,0,119988,0,119988
2022-06-04T21:44:09,0,119988,0,119988
2022-06-04T21:54:31,0,119988,0,119988
2022-06-04T22:04:54,0,119988,0,119988
2022-06-04T22:15:16,0,119988,0,119988
2022-06-04T22:25:38,0,119988,0,119988
2022-06-04T22:36:01,0,119988,0,119988
2022-06-04T22:46:23,0,119988,0,119988
2022-06-04T22:56:46,0,119988,0,119988
2022-06-04T23:07:21,0,119988,0,119988
2022-06-04T23:17:44,0,119988,0,119988
2022-06-04T23:28:06,0,119988,0,119988
2022-06-04T23:38:29,0,119988,0,119988
2022-06-04T23:48:51,0,119988,0,119988
2022-06-04T23:59:13,0,119988,0,119988
2022-06-05T00:09:37,0,119988,0,119988
2022-06-05T00:20:02,0,119988,0,119988
2022-06-05T00:30:24,0,119988,0,119988
2022-06-05T00:40:49,0,119988,0,119988
2022-06-05T00:51:24,0,119988,0,119988
2022-06-05T01:01:47,0,119988,0,119988
2022-06-05T01:12:10,0,119988,0,119988
2022-06-05T01:22:33,0,119988,0,119988
2022-06-05T01:32:56,0,119988,0,119988
2022-06-05T01:43:20,0,119988,0,119988
2022-06-05T01:53:44,0,119988,0,119988
2022-06-05T02:04:15,0,119988,0,119988
2022-06-05T02:14:38,0,119988,0,119988
2022-06-05T02:25:02,0,119988,0,119988
2022-06-05T02:35:26,0,119988,0,119988
2022-06-05T02:45:49,0,119988,0,119988
2022-06-05T02:56:12,0,119988,0,119988
2022-06-05T03:06:34,0,119988,0,119988
2022-06-05T03:16:57,0,119988,0,119988
2022-06-05T03:27:30,0,119988,0,119988
2022-06-05T03:37:54,0,119988,0,119988
2022-06-05T03:48:18,0,119988,0,119988
2022-06-05T03:58:42,0,119988,0,119988
2022-06-05T04:09:07,0,119988,0,119988
2022-06-05T04:24:13,0,119988,0,119988
2022-06-05T04:35:59,0,119988,0,119988
2022-06-05T04:46:29,0,119988,0,119988
2022-06-05T04:56:53,0,119988,0,119988
2022-06-05T05:07:22,0,119988,0,119988
2022-06-05T05:17:47,0,119988,0,119988
2022-06-05T05:28:12,0,119988,0,119988
2022-06-05T05:38:37,0,119988,0,119988
2022-06-05T05:49:01,0,119988,0,119988
2022-06-05T05:59:24,0,119988,0,119988
2022-06-05T06:09:47,0,119988,0,119988
2022-06-05T06:20:10,0,119988,0,119988
2022-06-05T06:30:33,0,119988,0,119988
2022-06-05T06:40:55,0,119988,0,119988
2022-06-05T06:51:17,0,119988,0,119988
2022-06-05T07:01:39,0,119988,0,119988
2022-06-05T07:12:02,0,119988,0,119988
2022-06-05T07:22:27,0,119988,0,119988
2022-06-05T07:32:49,0,119988,0,119988
2022-06-05T07:43:12,0,119988,0,119988
2022-06-05T07:53:36,0,119988,0,119988
2022-06-05T08:03:58,0,119988,0,119988
2022-06-05T08:14:21,0,119988,0,119988
2022-06-05T08:24:43,0,119988,0,119988
2022-06-05T08:35:07,0,119988,0,119988
2022-06-05T08:45:29,0,119988,0,119988
2022-06-05T08:55:51,0,119988,0,119988
2022-06-05T09:06:14,0,119988,0,119988
2022-06-05T09:16:36,0,119988,0,119988
2022-06-05T09:26:58,0,119988,0,119988
2022-06-05T09:37:20,0,119988,0,119988
2022-06-05T09:47:42,0,119988,0,119988
2022-06-05T09:58:05,0,119988,0,119988
2022-06-05T10:08:29,0,119988,0,119988
2022-06-05T10:19:10,0,119988,0,119988
2022-06-05T10:29:33,0,119988,0,119988
2022-06-05T10:39:56,0,119988,0,119988
2022-06-05T10:50:19,0,119988,0,119988
2022-06-05T11:00:42,0,119988,0,119988
2022-06-05T11:11:05,0,119988,0,119988
2022-06-05T11:21:28,0,119988,0,119988
2022-06-05T11:31:51,0,119988,0,119988
2022-06-05T11:42:13,0,119988,0,119988
2022-06-05T11:52:35,0,119988,0,119988
2022-06-05T12:02:57,0,119988,0,119988
2022-06-05T12:13:20,0,119988,0,119988
2022-06-05T12:23:42,0,119988,0,119988
2022-06-05T12:34:05,0,119988,0,119988
2022-06-05T12:44:27,0,119988,0,119988
2022-06-05T12:54:51,0,119988,0,119988
2022-06-05T13:05:14,0,119988,0,119988
2022-06-05T13:15:47,0,119988,0,119988
2022-06-05T13:26:09,0,119988,0,119988
2022-06-05T13:36:31,0,119988,0,119988
2022-06-05T13:46:54,0,119988,0,119988
2022-06-05T13:57:16,0,119988,0,119988
2022-06-05T14:07:38,0,119988,0,119988
2022-06-05T14:18:00,0,119988,0,119988
2022-06-05T14:28:23,0,119988,0,119988
2022-06-05T14:38:45,0,119988,0,119988
2022-06-05T14:49:09,0,119988,0,119988
2022-06-05T14:59:58,0,119988,0,119988
2022-06-05T15:10:20,0,119988,0,119988
2022-06-05T15:20:43,0,119988,0,119988
2022-06-05T15:31:05,0,119988,0,119988
2022-06-05T15:41:30,0,119988,0,119988
2022-06-05T15:51:52,0,119988,0,119988
2022-06-05T16:02:15,0,119988,0,119988
2022-06-05T16:12:37,0,119988,0,119988
2022-06-05T16:23:00,0,119988,0,119988
2022-06-05T16:33:23,0,119988,0,119988
2022-06-05T16:43:45,0,119988,0,119988
2022-06-05T16:54:07,0,119988,0,119988
2022-06-05T17:04:40,0,119988,0,119988
2022-06-05T17:15:03,0,119988,0,119988
2022-06-05T17:25:26,0,119988,0,119988
2022-06-05T17:35:48,0,119988,0,119988
2022-06-05T17:46:11,0,119988,0,119988
2022-06-05T17:56:33,0,119988,0,119988
2022-06-05T18:06:56,0,119988,0,119988
2022-06-05T18:17:18,0,119988,0,119988
2022-06-05T18:27:43,0,119988,0,119988
2022-06-05T18:38:05,0,119988,0,119988
2022-06-05T18:48:29,0,119988,0,119988
2022-06-05T18:58:51,0,119988,0,119988
2022-06-05T19:09:14,0,119988,0,119988
2022-06-05T19:19:55,0,119988,0,119988
2022-06-05T19:30:17,0,119988,0,119988
2022-06-05T19:40:39,0,119988,0,119988
2022-06-05T19:51:02,0,119988,0,119988
2022-06-05T20:01:25,0,119988,0,119988
2022-06-05T20:11:47,0,119988,0,119988
2022-06-05T20:22:10,0,119988,0,119988
2022-06-05T20:32:33,0,119988,0,119988
2022-06-05T20:42:55,0,119988,0,119988
2022-06-05T20:53:18,0,119988,0,119988
2022-06-05T21:03:40,0,119988,0,119988
2022-06-05T21:14:03,0,119988,0,119988
2022-06-05T21:24:44,0,119988,0,119988
2022-06-05T21:35:06,0,119988,0,119988
2022-06-05T21:45:29,0,119988,0,119988
2022-06-05T21:55:52,0,119988,0,119988
2022-06-05T22:06:14,0,119988,0,119988
2022-06-05T22:16:37,0,119988,0,119988
2022-06-05T22:26:59,0,119988,0,119988
2022-06-05T22:37:22,0,119988,0,119988
2022-06-05T22:47:45,0,119988,0,119988
2022-06-05T22:58:08,0,119988,0,119988
2022-06-05T23:08:33,0,119988,0,119988
2022-06-05T23:18:55,0,119988,0,119988
2022-06-05T23:29:20,0,119988,0,119988
2022-06-05T23:39:53,0,119988,0,119988
2022-06-05T23:50:16,0,119988,0,119988
2022-06-06T00:00:39,0,119988,0,119988
2022-06-06T00:11:02,0,119988,0,119988
2022-06-06T00:21:28,0,119988,0,119988
2022-06-06T00:31:53,0,119988,0,119988
2022-06-06T00:42:19,0,119988,0,119988
2022-06-06T00:52:42,0,119988,0,119988
2022-06-06T01:03:04,0,119988,0,119988
2022-06-06T01:13:38,0,119988,0,119988
2022-06-06T01:24:02,0,119988,0,119988
2022-06-06T01:34:26,0,119988,0,119988
2022-06-06T01:44:51,0,119988,0,119988
2022-06-06T01:55:15,0,119988,0,119988
2022-06-06T02:05:49,0,119988,0,119988
2022-06-06T02:16:24,0,119988,0,119988
2022-06-06T02:26:52,0,119988,0,119988
2022-06-06T02:37:20,0,119988,0,119988
2022-06-06T02:47:50,0,119988,0,119988
2022-06-06T02:58:16,0,119988,0,119988
2022-06-06T03:08:40,0,119988,0,119988
2022-06-06T03:19:08,0,119988,0,119988
2022-06-06T03:29:38,0,119988,0,119988
2022-06-06T03:40:05,0,119988,0,119988
2022-06-06T03:50:36,0,119988,0,119988
2022-06-06T04:01:08,0,119988,0,119988
2022-06-06T04:24:14,0,119988,0,119988
2022-06-06T04:34:56,0,119988,0,119988
2022-06-06T04:45:23,0,119988,0,119988
2022-06-06T04:55:56,0,119988,0,119988
2022-06-06T05:06:32,0,119988,0,119988
2022-06-06T05:17:06,0,119988,0,119988
2022-06-06T05:27:41,0,119988,0,119988
2022-06-06T05:38:14,0,119988,0,119988
2022-06-06T05:48:47,0,119988,0,119988
2022-06-06T05:59:23,0,119988,0,119988
2022-06-06T06:09:56,0,119988,0,119988
2022-06-06T06:20:24,0,119988,0,119988
2022-06-06T06:30:49,0,119988,0,119988
2022-06-06T06:41:15,0,119988,0,119988
2022-06-06T06:51:39,0,119988,0,119988
2022-06-06T07:02:01,0,119988,0,119988
2022-06-06T07:12:25,0,119988,0,119988
2022-06-06T07:22:48,0,119988,0,119988
2022-06-06T07:33:11,0,119988,0,119988
2022-06-06T07:43:35,0,119988,0,119988
2022-06-06T07:53:58,0,119988,0,119988
2022-06-06T08:04:21,0,119988,0,119988
2022-06-06T08:14:44,0,119988,0,119988
2022-06-06T08:25:08,0,119988,0,119988
2022-06-06T08:35:32,0,119988,0,119988
2022-06-06T08:45:55,0,119988,0,119988
2022-06-06T08:56:19,0,119988,0,119988
2022-06-06T09:06:43,0,119988,0,119988
2022-06-06T09:17:07,0,119988,0,119988
2022-06-06T09:27:31,0,119988,0,119988
2022-06-06T09:38:07,0,119988,0,119988
2022-06-06T09:48:31,0,119988,0,119988
2022-06-06T09:58:56,0,119988,0,119988
2022-06-06T10:09:21,0,119988,0,119988
2022-06-06T10:19:45,0,119988,0,119988
2022-06-06T10:30:10,0,119988,0,119988
2022-06-06T10:40:35,0,119988,0,119988
2022-06-06T10:51:01,0,119988,0,119988
2022-06-06T11:01:25,0,119988,0,119988
2022-06-06T11:11:50,0,119988,0,119988
2022-06-06T11:22:14,0,119988,0,119988
2022-06-06T11:32:50,0,119988,0,119988
2022-06-06T11:43:14,0,119988,0,119988
2022-06-06T11:53:39,0,119988,0,119988
2022-06-06T12:04:03,0,119988,0,119988
2022-06-06T12:14:27,0,119988,0,119988
2022-06-06T12:24:52,0,119988,0,119988
2022-06-06T12:35:16,0,119988,0,119988
2022-06-06T12:45:39,0,119988,0,119988
2022-06-06T12:56:14,0,119988,0,119988
2022-06-06T13:06:38,0,119988,0,119988
2022-06-06T13:17:02,0,119988,0,119988
2022-06-06T13:27:26,0,119988,0,119988
2022-06-06T13:37:50,0,119988,0,119988
2022-06-06T13:48:15,0,119988,0,119988
2022-06-06T13:58:39,0,119988,0,119988
2022-06-06T14:09:04,0,119988,0,119988
2022-06-06T14:19:29,0,119988,0,119988
2022-06-06T14:29:53,0,119988,0,119988
2022-06-06T14:40:18,0,119988,0,119988
2022-06-06T14:50:53,0,119988,0,119988
2022-06-06T15:01:18,0,119988,0,119988
2022-06-06T15:11:44,0,119988,0,119988
2022-06-06T15:22:09,0,119988,0,119988
2022-06-06T15:32:34,0,119988,0,119988
2022-06-06T15:42:58,0,119988,0,119988
2022-06-06T15:53:22,0,119988,0,119988
2022-06-06T16:03:46,0,119988,0,119988
2022-06-06T16:14:23,0,119988,0,119988
2022-06-06T16:24:47,0,119988,0,119988
2022-06-06T16:35:11,0,119988,0,119988
2022-06-06T16:45:34,0,119988,0,119988
2022-06-06T16:55:57,0,119988,0,119988
2022-06-06T17:06:21,0,119988,0,119988
2022-06-06T17:16:45,0,119988,0,119988
2022-06-06T17:27:08,0,119988,0,119988
2022-06-06T17:37:31,0,119988,0,119988
2022-06-06T17:47:54,0,119988,0,119988
2022-06-06T17:58:17,0,119988,0,119988
2022-06-06T18:08:53,0,119988,0,119988
2022-06-06T18:19:16,0,119988,0,119988
2022-06-06T18:29:39,0,119988,0,119988
2022-06-06T18:40:02,0,119988,0,119988
2022-06-06T18:50:25,0,119988,0,119988
2022-06-06T19:00:47,0,119988,0,119988
2022-06-06T19:11:11,0,119988,0,119988
2022-06-06T19:21:34,0,119988,0,119988
2022-06-06T19:32:01,0,119988,0,119988
2022-06-06T19:42:28,0,119988,0,119988
2022-06-06T19:53:05,0,119988,0,119988
2022-06-06T20:03:33,0,119988,0,119988
2022-06-06T20:14:01,0,119988,0,119988
2022-06-06T20:24:31,0,119988,0,119988
2022-06-06T20:34:59,0,119988,0,119988
2022-06-06T20:45:30,0,119988,0,119988
2022-06-06T20:56:01,0,119988,0,119988
2022-06-06T21:06:34,0,119988,0,119988
2022-06-06T21:17:08,0,119988,0,119988
2022-06-06T21:27:42,0,119988,0,119988
2022-06-06T21:38:16,0,119988,0,119988
2022-06-06T21:48:49,0,119988,0,119988
2022-06-06T21:59:24,0,119988,0,119988
2022-06-06T22:10:08,0,119988,0,119988
2022-06-06T22:20:34,0,119988,0,119988
2022-06-06T22:31:00,0,119988,0,119988
2022-06-06T22:41:25,0,119988,0,119988
2022-06-06T22:51:47,0,119988,0,119988
2022-06-06T23:02:10,0,119988,0,119988
2022-06-06T23:12:33,0,119988,0,119988
2022-06-06T23:22:56,0,119988,0,119988
2022-06-06T23:33:19,0,119988,0,119988
2022-06-06T23:43:42,0,119988,0,119988
2022-06-06T23:54:05,0,119988,0,119988
2022-06-07T00:04:28,0,119988,0,119988
2022-06-07T00:14:52,0,119988,0,119988
2022-06-07T00:25:17,0,119988,0,119988
2022-06-07T00:35:42,0,119988,0,119988
2022-06-07T00:46:18,0,119988,0,119988
2022-06-07T00:56:44,0,119988,0,119988
2022-06-07T01:07:08,0,119988,0,119988
2022-06-07T01:17:33,0,119988,0,119988
2022-06-07T01:27:56,0,119988,0,119988
2022-06-07T01:38:20,0,119988,0,119988
2022-06-07T01:48:44,0,119988,0,119988
2022-06-07T01:59:09,0,119988,0,119988
2022-06-07T02:09:33,0,119988,0,119988
2022-06-07T02:19:56,0,119988,0,119988
2022-06-07T02:30:20,0,119988,0,119988
2022-06-07T02:40:42,0,119988,0,119988
2022-06-07T02:51:04,0,119988,0,119988
2022-06-07T03:01:25,0,119988,0,119988
2022-06-07T03:11:48,0,119988,0,119988
2022-06-07T03:22:10,0,119988,0,119988
2022-06-07T03:32:32,0,119988,0,119988
2022-06-07T03:42:55,0,119988,0,119988
2022-06-07T03:53:18,0,119988,0,119988
2022-06-07T04:03:43,0,119988,0,119988
2022-06-07T04:26:56,0,119988,0,119988
2022-06-07T04:37:38,0,119988,0,119988
2022-06-07T04:48:04,0,119988,0,119988
2022-06-07T04:58:29,0,119988,0,119988
2022-06-07T05:08:55,0,119988,0,119988
2022-06-07T05:19:20,0,119988,0,119988
2022-06-07T05:29:45,0,119988,0,119988
2022-06-07T05:40:08,0,119988,0,119988
2022-06-07T05:50:31,0,119988,0,119988
2022-06-07T06:00:57,0,119988,0,119988
2022-06-07T06:11:22,0,119988,0,119988
2022-06-07T06:21:46,0,119988,0,119988
2022-06-07T06:32:11,0,119988,0,119988
2022-06-07T06:42:36,0,119988,0,119988
2022-06-07T06:53:00,0,119988,0,119988
2022-06-07T07:03:25,0,119988,0,119988
2022-06-07T07:13:49,0,119988,0,119988
2022-06-07T07:24:16,0,119988,0,119988
2022-06-07T07:34:41,0,119988,0,119988
2022-06-07T07:45:06,0,119988,0,119988
2022-06-07T07:55:31,0,119988,0,119988
2022-06-07T08:05:55,0,119988,0,119988
2022-06-07T08:16:19,0,119988,0,119988
2022-06-07T08:26:44,0,119988,0,119988
2022-06-07T08:37:08,0,119988,0,119988
2022-06-07T08:47:32,0,119988,0,119988
2022-06-07T08:57:56,0,119988,0,119988
2022-06-07T09:08:21,0,119988,0,119988
2022-06-07T09:18:46,0,119988,0,119988
2022-06-07T09:29:10,0,119988,0,119988
2022-06-07T09:39:34,0,119988,0,119988
2022-06-07T09:49:59,0,119988,0,119988
2022-06-07T10:00:23,0,119988,0,119988
2022-06-07T10:10:58,0,119988,0,119988
2022-06-07T10:21:32,0,119988,0,119988
2022-06-07T10:31:56,0,119988,0,119988
2022-06-07T10:42:21,0,119988,0,119988
2022-06-07T10:52:46,0,119988,0,119988
2022-06-07T11:03:11,0,119988,0,119988
2022-06-07T11:13:37,0,119988,0,119988
2022-06-07T11:24:02,0,119988,0,119988
2022-06-07T11:34:26,0,119988,0,119988
2022-06-07T11:44:51,0,119988,0,119988
2022-06-07T11:55:16,0,119988,0,119988
2022-06-07T12:05:40,0,119988,0,119988
2022-06-07T12:16:05,0,119988,0,119988
2022-06-07T12:26:40,0,119988,0,119988
2022-06-07T12:37:04,0,119988,0,119988
2022-06-07T12:47:28,0,119988,0,119988
2022-06-07T12:57:51,0,119988,0,119988
2022-06-07T13:08:16,0,119988,0,119988
2022-06-07T13:18:42,0,119988,0,119988
2022-06-07T13:29:11,0,119988,0,119988
2022-06-07T13:39:40,0,119988,0,119988
2022-06-07T13:50:20,0,119988,0,119988
2022-06-07T14:00:50,0,119988,0,119988
2022-06-07T14:11:19,0,119988,0,119988
2022-06-07T14:21:47,0,119988,0,119988
2022-06-07T14:32:15,0,119988,0,119988
2022-06-07T14:42:46,0,119988,0,119988
2022-06-07T14:53:18,0,119988,0,119988
2022-06-07T15:04:03,0,119988,0,119988
2022-06-07T15:14:31,0,119988,0,119988
2022-06-07T15:25:04,0,119988,0,119988
2022-06-07T15:35:38,0,119988,0,119988
2022-06-07T15:46:09,0,119988,0,119988
2022-06-07T15:56:38,0,119988,0,119988
2022-06-07T16:07:16,0,119988,0,119988
2022-06-07T16:17:45,0,119988,0,119988
2022-06-07T16:28:14,0,119988,0,119988
2022-06-07T16:38:43,0,119988,0,119988
2022-06-07T16:49:11,0,119988,0,119988
2022-06-07T16:59:37,0,119988,0,119988
2022-06-07T17:10:03,0,119988,0,119988
2022-06-07T17:20:28,0,119988,0,119988
2022-06-07T17:30:51,0,119988,0,119988
2022-06-07T17:41:14,0,119988,0,119988
2022-06-07T17:51:37,0,119988,0,119988
2022-06-07T18:02:01,0,119988,0,119988
2022-06-07T18:12:24,0,119988,0,119988
2022-06-07T18:22:57,0,119988,0,119988
2022-06-07T18:33:21,0,119988,0,119988
2022-06-07T18:43:44,0,119988,0,119988
2022-06-07T18:54:07,0,119988,0,119988
2022-06-07T19:04:30,0,119988,0,119988
2022-06-07T19:14:52,0,119988,0,119988
2022-06-07T19:25:15,0,119988,0,119988
2022-06-07T19:35:38,0,119988,0,119988
2022-06-07T19:46:01,0,119988,0,119988
2022-06-07T19:56:24,0,119988,0,119988
2022-06-07T20:06:47,0,119988,0,119988
2022-06-07T20:17:10,0,119988,0,119988
2022-06-07T20:27:34,0,119988,0,119988
2022-06-07T20:37:56,0,119988,0,119988
2022-06-07T20:48:29,0,119988,0,119988
2022-06-07T20:58:52,0,119988,0,119988
2022-06-07T21:09:15,0,119988,0,119988
2022-06-07T21:19:37,0,119988,0,119988
2022-06-07T21:30:00,0,119988,0,119988
2022-06-07T21:40:23,0,119988,0,119988
2022-06-07T21:50:46,0,119988,0,119988
2022-06-07T22:01:08,0,119988,0,119988
2022-06-07T22:11:31,0,119988,0,119988
2022-06-07T22:21:54,0,119988,0,119988
2022-06-07T22:32:17,0,119988,0,119988
2022-06-07T22:42:40,0,119988,0,119988
2022-06-07T22:53:05,0,119988,0,119988
2022-06-07T23:03:28,0,119988,0,119988
2022-06-07T23:14:04,0,119988,0,119988
2022-06-07T23:24:27,0,119988,0,119988
2022-06-07T23:34:50,0,119988,0,119988
2022-06-07T23:45:13,0,119988,0,119988
2022-06-07T23:55:35,0,119988,0,119988
2022-06-08T00:05:59,0,119988,0,119988
2022-06-08T00:16:26,0,119988,0,119988
2022-06-08T00:26:51,0,119988,0,119988
2022-06-08T00:37:15,0,119988,0,119988
2022-06-08T00:47:40,0,119988,0,119988
2022-06-08T00:58:06,0,119988,0,119988
2022-06-08T01:08:31,0,119988,0,119988
2022-06-08T01:18:56,0,119988,0,119988
2022-06-08T01:29:21,0,119988,0,119988
2022-06-08T01:39:45,0,119988,0,119988
2022-06-08T01:50:09,0,119988,0,119988
2022-06-08T02:00:32,0,119988,0,119988
2022-06-08T02:10:55,0,119988,0,119988
2022-06-08T02:21:20,0,119988,0,119988
2022-06-08T02:31:53,0,119988,0,119988
2022-06-08T02:42:17,0,119988,0,119988
2022-06-08T02:52:41,0,119988,0,119988
2022-06-08T03:03:05,0,119988,0,119988
2022-06-08T03:13:28,0,119988,0,119988
2022-06-08T03:23:50,0,119988,0,119988
2022-06-08T03:34:12,0,119988,0,119988
2022-06-08T03:44:36,0,119988,0,119988
2022-06-08T03:54:59,0,119988,0,119988
2022-06-08T04:07:51,0,119988,0,119988
2022-06-08T04:26:41,0,119988,0,119988
2022-06-08T04:37:28,0,119988,0,119988
2022-06-08T04:47:53,0,119988,0,119988
2022-06-08T04:58:17,0,119988,0,119988
2022-06-08T05:08:44,0,119988,0,119988
2022-06-08T05:19:08,0,119988,0,119988
2022-06-08T05:29:34,0,119988,0,119988
2022-06-08T05:39:59,0,119988,0,119988
2022-06-08T05:50:23,0,119988,0,119988
2022-06-08T06:00:48,0,119988,0,119988
2022-06-08T06:11:18,0,119988,0,119988
2022-06-08T06:21:46,0,119988,0,119988
2022-06-08T06:32:14,0,119988,0,119988
2022-06-08T06:42:44,0,119988,0,119988
2022-06-08T06:53:13,0,119988,0,119988
2022-06-08T07:03:45,0,119988,0,119988
2022-06-08T07:14:16,0,119988,0,119988
2022-06-08T07:24:44,0,119988,0,119988
2022-06-08T07:35:13,0,119988,0,119988
2022-06-08T07:45:43,0,119988,0,119988
2022-06-08T07:56:12,0,119988,0,119988
2022-06-08T08:06:38,0,119988,0,119988
2022-06-08T08:17:09,0,119988,0,119988
2022-06-08T08:27:40,0,119988,0,119988
2022-06-08T08:38:11,0,119988,0,119988
2022-06-08T08:48:43,0,119988,0,119988
2022-06-08T08:59:14,0,119988,0,119988
2022-06-08T09:09:44,0,119988,0,119988
2022-06-08T09:20:16,0,119988,0,119988
2022-06-08T09:30:47,0,119988,0,119988
2022-06-08T09:41:16,0,119988,0,119988
2022-06-08T09:51:45,0,119988,0,119988
2022-06-08T10:02:13,0,119988,0,119988
2022-06-08T10:12:49,0,119988,0,119988
2022-06-08T10:23:14,0,119988,0,119988
2022-06-08T10:33:39,0,119988,0,119988
2022-06-08T10:44:03,0,119988,0,119988
2022-06-08T10:54:27,0,119988,0,119988
2022-06-08T11:04:53,0,119988,0,119988
2022-06-08T11:15:17,0,119988,0,119988
2022-06-08T11:25:43,0,119988,0,119988
2022-06-08T11:36:08,0,119988,0,119988
2022-06-08T11:46:33,0,119988,0,119988
2022-06-08T11:56:58,0,119988,0,119988
2022-06-08T12:07:22,0,119988,0,119988
2022-06-08T12:17:59,0,119988,0,119988
2022-06-08T12:28:23,0,119988,0,119988
2022-06-08T12:38:47,0,119988,0,119988
2022-06-08T12:49:11,0,119988,0,119988
2022-06-08T12:59:36,0,119988,0,119988
2022-06-08T13:10:01,0,119988,0,119988
2022-06-08T13:20:26,0,119988,0,119988
2022-06-08T13:30:51,0,119988,0,119988
2022-06-08T13:41:16,0,119988,0,119988
2022-06-08T13:51:41,0,119988,0,119988
2022-06-08T14:02:06,0,119988,0,119988
2022-06-08T14:12:44,0,119988,0,119988
2022-06-08T14:23:09,0,119988,0,119988
2022-06-08T14:33:34,0,119988,0,119988
2022-06-08T14:43:59,0,119988,0,119988
2022-06-08T14:54:23,0,119988,0,119988
2022-06-08T15:04:48,0,119988,0,119988
2022-06-08T15:15:12,0,119988,0,119988
2022-06-08T15:25:48,0,119988,0,119988
2022-06-08T15:36:13,0,119988,0,119988
2022-06-08T15:46:37,0,119988,0,119988
2022-06-08T15:57:01,0,119988,0,119988
2022-06-08T16:07:26,0,119988,0,119988
2022-06-08T16:17:50,0,119988,0,119988
2022-06-08T16:28:14,0,119988,0,119988
2022-06-08T16:38:38,0,119988,0,119988
2022-06-08T16:49:03,0,119988,0,119988
2022-06-08T16:59:27,0,119988,0,119988
2022-06-08T17:10:03,0,119988,0,119988
2022-06-08T17:20:27,0,119988,0,119988
2022-06-08T17:30:51,0,119988,0,119988
2022-06-08T17:41:14,0,119988,0,119988
2022-06-08T17:51:38,0,119988,0,119988
2022-06-08T18:02:01,0,119988,0,119988
2022-06-08T18:12:25,0,119988,0,119988
2022-06-08T18:22:48,0,119988,0,119988
2022-06-08T18:33:11,0,119988,0,119988
2022-06-08T18:43:35,0,119988,0,119988
2022-06-08T18:53:59,0,119988,0,119988
2022-06-08T19:04:22,0,119988,0,119988
2022-06-08T19:14:45,0,119988,0,119988
2022-06-08T19:25:09,0,119988,0,119988
2022-06-08T19:35:42,0,119988,0,119988
2022-06-08T19:46:05,0,119988,0,119988
2022-06-08T19:56:28,0,119988,0,119988
2022-06-08T20:06:52,0,119988,0,119988
2022-06-08T20:17:15,0,119988,0,119988
2022-06-08T20:27:38,0,119988,0,119988
2022-06-08T20:38:01,0,119988,0,119988
2022-06-08T20:48:24,0,119988,0,119988
2022-06-08T20:58:48,0,119988,0,119988
2022-06-08T21:09:12,0,119988,0,119988
2022-06-08T21:19:35,0,119988,0,119988
2022-06-08T21:29:59,0,119988,0,119988
2022-06-08T21:40:22,0,119988,0,119988
2022-06-08T21:50:54,0,119988,0,119988
2022-06-08T22:01:18,0,119988,0,119988
2022-06-08T22:11:41,0,119988,0,119988
2022-06-08T22:22:04,0,119988,0,119988
2022-06-08T22:32:28,0,119988,0,119988
2022-06-08T22:42:51,0,119988,0,119988
2022-06-08T22:53:16,0,119988,0,119988
2022-06-08T23:03:40,0,119988,0,119988
2022-06-08T23:14:03,0,119988,0,119988
2022-06-08T23:24:27,0,119988,0,119988
2022-06-08T23:34:50,0,119988,0,119988
2022-06-08T23:45:14,0,119988,0,119988
2022-06-08T23:55:37,0,119988,0,119988
2022-06-09T00:06:00,0,119988,0,119988
2022-06-09T00:16:29,0,119988,0,119988
2022-06-09T00:26:53,0,119988,0,119988
2022-06-09T00:37:27,0,119988,0,119988
2022-06-09T00:47:51,0,119988,0,119988
2022-06-09T00:58:16,0,119988,0,119988
2022-06-09T01:08:39,0,119988,0,119988
2022-06-09T01:19:04,0,119988,0,119988
2022-06-09T01:29:29,0,119988,0,119988
2022-06-09T01:39:53,0,119988,0,119988
2022-06-09T01:50:18,0,119988,0,119988
2022-06-09T02:00:42,0,119988,0,119988
2022-06-09T02:11:06,0,119988,0,119988
2022-06-09T02:21:29,0,119988,0,119988
2022-06-09T02:31:52,0,119988,0,119988
2022-06-09T02:42:16,0,119988,0,119988
2022-06-09T02:52:39,0,119988,0,119988
2022-06-09T03:03:01,0,119988,0,119988
2022-06-09T03:13:24,0,119988,0,119988
2022-06-09T03:23:46,0,119988,0,119988
2022-06-09T03:34:09,0,119988,0,119988
2022-06-09T03:44:33,0,119988,0,119988
2022-06-09T03:54:57,0,119988,0,119988
2022-06-09T04:05:20,0,119988,0,119988
2022-06-09T04:15:44,0,119988,0,119988
2022-06-09T04:32:11,0,119988,0,119988
2022-06-09T04:42:39,0,119988,0,119988
2022-06-09T04:53:06,0,119988,0,119988
2022-06-09T05:03:33,0,119988,0,119988
2022-06-09T05:13:58,0,119988,0,119988
2022-06-09T05:24:23,0,119988,0,119988
2022-06-09T05:34:47,0,119988,0,119988
2022-06-09T05:45:11,0,119988,0,119988
2022-06-09T05:55:36,0,119988,0,119988
2022-06-09T06:06:00,0,119988,0,119988
2022-06-09T06:16:25,0,119988,0,119988
2022-06-09T06:26:50,0,119988,0,119988
2022-06-09T06:37:15,0,119988,0,119988
2022-06-09T06:47:39,0,119988,0,119988
2022-06-09T06:58:03,0,119988,0,119988
2022-06-09T07:08:29,0,119988,0,119988
2022-06-09T07:18:54,0,119988,0,119988
2022-06-09T07:29:19,0,119988,0,119988
2022-06-09T07:39:46,0,119988,0,119988
2022-06-09T07:50:12,0,119988,0,119988
2022-06-09T08:00:41,0,119988,0,119988
2022-06-09T08:11:06,0,119988,0,119988
2022-06-09T08:21:30,0,119988,0,119988
2022-06-09T08:31:55,0,119988,0,119988
2022-06-09T08:42:19,0,119988,0,119988
2022-06-09T08:52:42,0,119988,0,119988
2022-06-09T09:03:07,0,119988,0,119988
2022-06-09T09:13:31,0,119988,0,119988
2022-06-09T09:23:56,0,119988,0,119988
2022-06-09T09:34:20,0,119988,0,119988
2022-06-09T09:44:45,0,119988,0,119988
2022-06-09T09:55:09,0,119988,0,119988
2022-06-09T10:05:34,0,119988,0,119988
2022-06-09T10:16:00,0,119988,0,119988
2022-06-09T10:26:25,0,119988,0,119988
2022-06-09T10:36:59,0,119988,0,119988
2022-06-09T10:47:24,0,119988,0,119988
2022-06-09T10:57:49,0,119988,0,119988
2022-06-09T11:08:14,0,119988,0,119988
2022-06-09T11:18:38,0,119988,0,119988
2022-06-09T11:29:04,0,119988,0,119988
2022-06-09T11:39:28,0,119988,0,119988
2022-06-09T11:49:52,0,119988,0,119988
2022-06-09T12:00:16,0,119988,0,119988
2022-06-09T12:10:40,0,119988,0,119988
2022-06-09T12:21:05,0,119988,0,119988
2022-06-09T12:31:41,0,119988,0,119988
2022-06-09T12:42:11,0,119988,0,119988
2022-06-09T12:52:46,0,119988,0,119988
2022-06-09T13:03:20,0,119988,0,119988
2022-06-09T13:13:58,0,119988,0,119988
2022-06-09T13:24:36,0,119988,0,119988
2022-06-09T13:35:11,0,119988,0,119988
2022-06-09T13:46:01,0,119988,0,119988
2022-06-09T13:56:39,0,119988,0,119988
2022-06-09T14:07:16,0,119988,0,119988
2022-06-09T14:17:52,0,119988,0,119988
2022-06-09T14:28:25,0,119988,0,119988
2022-06-09T14:38:57,0,119988,0,119988
2022-06-09T14:49:29,0,119988,0,119988
2022-06-09T15:00:02,0,119988,0,119988
2022-06-09T15:10:34,0,119988,0,119988
2022-06-09T15:21:17,0,119988,0,119988
2022-06-09T15:31:47,0,119988,0,119988
2022-06-09T15:42:16,0,119988,0,119988
2022-06-09T15:52:44,0,119988,0,119988
2022-06-09T16:03:10,0,119988,0,119988
2022-06-09T16:13:44,0,119988,0,119988
2022-06-09T16:24:09,0,119988,0,119988
2022-06-09T16:34:34,0,119988,0,119988
2022-06-09T16:45:03,0,119988,0,119988
2022-06-09T16:55:28,0,119988,0,119988
2022-06-09T17:05:53,0,119988,0,119988
2022-06-09T17:16:19,0,119988,0,119988
2022-06-09T17:26:45,0,119988,0,119988
2022-06-09T17:37:15,0,119988,0,119988
2022-06-09T17:47:54,0,119988,0,119988
2022-06-09T17:58:24,0,119988,0,119988
2022-06-09T18:08:52,0,119988,0,119988
2022-06-09T18:19:22,0,119988,0,119988
2022-06-09T18:29:49,0,119988,0,119988
2022-06-09T18:40:17,0,119988,0,119988
2022-06-09T18:50:47,0,119988,0,119988
2022-06-09T19:01:17,0,119988,0,119988
2022-06-09T19:11:49,0,119988,0,119988
2022-06-09T19:22:25,0,119988,0,119988
2022-06-09T19:33:07,0,119988,0,119988
2022-06-09T19:43:56,0,119988,0,119988
2022-06-09T19:54:27,0,119988,0,119988
2022-06-09T20:04:56,0,119988,0,119988
2022-06-09T20:15:27,0,119988,0,119988
2022-06-09T20:25:56,0,119988,0,119988
2022-06-09T20:36:26,0,119988,0,119988
2022-06-09T20:46:55,0,119988,0,119988
2022-06-09T20:57:22,0,119988,0,119988
2022-06-09T21:07:49,0,119988,0,119988
2022-06-09T21:18:14,0,119988,0,119988
2022-06-09T21:28:39,0,119988,0,119988
2022-06-09T21:39:03,0,119988,0,119988
2022-06-09T21:49:27,0,119988,0,119988
2022-06-09T21:59:51,0,119988,0,119988
2022-06-09T22:10:16,0,119988,0,119988
2022-06-09T22:20:40,0,119988,0,119988
2022-06-09T22:31:15,0,119988,0,119988
2022-06-09T22:41:39,0,119988,0,119988
2022-06-09T22:52:04,0,119988,0,119988
2022-06-09T23:02:28,0,119988,0,119988
2022-06-09T23:12:52,0,119988,0,119988
2022-06-09T23:23:17,0,119988,0,119988
2022-06-09T23:33:41,0,119988,0,119988
2022-06-09T23:44:06,0,119988,0,119988
2022-06-09T23:54:30,0,119988,0,119988
2022-06-10T00:04:55,0,119988,0,119988
2022-06-10T00:15:23,0,119988,0,119988
2022-06-10T00:25:50,0,119988,0,119988
2022-06-10T00:36:15,0,119988,0,119988
2022-06-10T00:46:41,0,119988,0,119988
2022-06-10T00:57:07,0,119988,0,119988
2022-06-10T01:07:45,0,119988,0,119988
2022-06-10T01:18:12,0,119988,0,119988
2022-06-10T01:28:39,0,119988,0,119988
2022-06-10T01:39:05,0,119988,0,119988
2022-06-10T01:49:31,0,119988,0,119988
2022-06-10T01:59:57,0,119988,0,119988
2022-06-10T02:10:21,0,119988,0,119988
2022-06-10T02:20:48,0,119988,0,119988
2022-06-10T02:31:24,0,119988,0,119988
2022-06-10T02:41:51,0,119988,0,119988
2022-06-10T02:52:16,0,119988,0,119988
2022-06-10T03:02:41,0,119988,0,119988
2022-06-10T03:13:06,0,119988,0,119988
2022-06-10T03:23:29,0,119988,0,119988
2022-06-10T03:33:54,0,119988,0,119988
2022-06-10T03:44:19,0,119988,0,119988
2022-06-10T03:54:45,0,119988,0,119988
2022-06-10T04:05:10,0,119988,0,119988
2022-06-10T04:15:36,0,119988,0,119988
2022-06-10T04:31:21,0,119988,0,119988
2022-06-10T04:42:05,0,119988,0,119988
2022-06-10T04:52:33,0,119988,0,119988
2022-06-10T05:03:00,0,119988,0,119988
2022-06-10T05:13:27,0,119988,0,119988
2022-06-10T05:23:53,0,119988,0,119988
2022-06-10T05:34:19,0,119988,0,119988
2022-06-10T05:44:45,0,119988,0,119988
2022-06-10T05:55:11,0,119988,0,119988
2022-06-10T06:05:36,0,119988,0,119988
2022-06-10T06:16:02,0,119988,0,119988
2022-06-10T06:26:30,0,119988,0,119988
2022-06-10T06:36:55,0,119988,0,119988
2022-06-10T06:47:19,0,119988,0,119988
2022-06-10T06:57:42,0,119988,0,119988
2022-06-10T07:08:07,0,119988,0,119988
2022-06-10T07:18:31,0,119988,0,119988
2022-06-10T07:28:55,0,119988,0,119988
2022-06-10T07:39:20,0,119988,0,119988
2022-06-10T07:49:45,0,119988,0,119988
2022-06-10T08:00:09,0,119988,0,119988
2022-06-10T08:10:34,0,119988,0,119988
2022-06-10T08:20:59,0,119988,0,119988
2022-06-10T08:31:24,0,119988,0,119988
2022-06-10T08:41:49,0,119988,0,119988
2022-06-10T08:52:14,0,119988,0,119988
2022-06-10T09:02:40,0,119988,0,119988
2022-06-10T09:13:06,0,119988,0,119988
2022-06-10T09:23:50,0,119988,0,119988
2022-06-10T09:34:16,0,119988,0,119988
2022-06-10T09:44:43,0,119988,0,119988
2022-06-10T09:55:11,0,119988,0,119988
2022-06-10T10:05:41,0,119988,0,119988
2022-06-10T10:16:10,0,119988,0,119988
2022-06-10T10:26:42,0,119988,0,119988
2022-06-10T10:37:14,0,119988,0,119988
2022-06-10T10:47:47,0,119988,0,119988
2022-06-10T10:58:16,0,119988,0,119988
2022-06-10T11:09:03,0,119988,0,119988
2022-06-10T11:19:42,0,119988,0,119988
2022-06-10T11:30:22,0,119988,0,119988
2022-06-10T11:41:04,0,119988,0,119988
2022-06-10T11:51:47,0,119988,0,119988
2022-06-10T12:02:24,0,119988,0,119988
2022-06-10T12:12:55,0,119988,0,119988
2022-06-10T12:23:25,0,119988,0,119988
2022-06-10T12:34:08,0,119988,0,119988
2022-06-10T12:44:36,0,119988,0,119988
2022-06-10T12:55:06,0,119988,0,119988
2022-06-10T13:05:34,0,119988,0,119988
2022-06-10T13:16:01,0,119988,0,119988
2022-06-10T13:26:27,0,119988,0,119988
2022-06-10T13:36:54,0,119988,0,119988
2022-06-10T13:47:21,0,119988,0,119988
2022-06-10T13:57:57,0,119988,0,119988
2022-06-10T14:08:23,0,119988,0,119988
2022-06-10T14:18:50,0,119988,0,119988
2022-06-10T14:29:16,0,119988,0,119988
2022-06-10T14:39:42,0,119988,0,119988
2022-06-10T14:50:09,0,119988,0,119988
2022-06-10T15:00:39,0,119988,0,119988
2022-06-10T15:11:04,0,119988,0,119988
2022-06-10T15:21:30,0,119988,0,119988
2022-06-10T15:32:06,0,119988,0,119988
2022-06-10T15:42:32,0,119988,0,119988
2022-06-10T15:52:58,0,119988,0,119988
2022-06-10T16:03:24,0,119988,0,119988
2022-06-10T16:13:50,0,119988,0,119988
2022-06-10T16:24:15,0,119988,0,119988
2022-06-10T16:34:41,0,119988,0,119988
2022-06-10T16:45:25,0,119988,0,119988
2022-06-10T16:55:51,0,119988,0,119988
2022-06-10T17:06:16,0,119988,0,119988
2022-06-10T17:16:42,0,119988,0,119988
2022-06-10T17:27:07,0,119988,0,119988
2022-06-10T17:37:33,0,119988,0,119988
2022-06-10T17:47:58,0,119988,0,119988
2022-06-10T17:58:23,0,119988,0,119988
2022-06-10T18:08:48,0,119988,0,119988
2022-06-10T18:19:13,0,119988,0,119988
2022-06-10T18:29:48,0,119988,0,119988
2022-06-10T18:40:13,0,119988,0,119988
2022-06-10T18:50:37,0,119988,0,119988
2022-06-10T19:01:02,0,119988,0,119988
2022-06-10T19:11:26,0,119988,0,119988
2022-06-10T19:21:51,0,119988,0,119988
2022-06-10T19:32:16,0,119988,0,119988
2022-06-10T19:42:41,0,119988,0,119988
2022-06-10T19:53:05,0,119988,0,119988
2022-06-10T20:03:30,0,119988,0,119988
2022-06-10T20:13:55,0,119988,0,119988
2022-06-10T20:24:19,0,119988,0,119988
2022-06-10T20:35:02,0,119988,0,119988
2022-06-10T20:45:27,0,119988,0,119988
2022-06-10T20:55:51,0,119988,0,119988
2022-06-10T21:06:15,0,119988,0,119988
2022-06-10T21:16:40,0,119988,0,119988
2022-06-10T21:27:05,0,119988,0,119988
2022-06-10T21:37:29,0,119988,0,119988
2022-06-10T21:47:54,0,119988,0,119988
2022-06-10T21:58:18,0,119988,0,119988
2022-06-10T22:08:44,0,119988,0,119988
2022-06-10T22:19:09,0,119988,0,119988
2022-06-10T22:29:33,0,119988,0,119988
2022-06-10T22:40:09,0,119988,0,119988
2022-06-10T22:50:36,0,119988,0,119988
2022-06-10T23:01:01,0,119988,0,119988
2022-06-10T23:11:26,0,119988,0,119988
2022-06-10T23:21:52,0,119988,0,119988
2022-06-10T23:32:17,0,119988,0,119988
2022-06-10T23:42:42,0,119988,0,119988
2022-06-10T23:53:06,0,119988,0,119988
2022-06-11T00:03:32,0,119988,0,119988
2022-06-11T00:13:59,0,119988,0,119988
2022-06-11T00:24:26,0,119988,0,119988
2022-06-11T00:34:53,0,119988,0,119988
2022-06-11T00:45:20,0,119988,0,119988
2022-06-11T00:55:46,0,119988,0,119988
2022-06-11T01:06:26,0,119988,0,119988
2022-06-11T01:16:53,0,119988,0,119988
2022-06-11T01:27:20,0,119988,0,119988
2022-06-11T01:37:48,0,119988,0,119988
2022-06-11T01:48:14,0,119988,0,119988
2022-06-11T01:58:40,0,119988,0,119988
2022-06-11T02:09:05,0,119988,0,119988
2022-06-11T02:19:30,0,119988,0,119988
2022-06-11T02:29:54,0,119988,0,119988
2022-06-11T02:40:19,0,119988,0,119988
2022-06-11T02:50:44,0,119988,0,119988
2022-06-11T03:01:09,0,119988,0,119988
2022-06-11T03:11:34,0,119988,0,119988
2022-06-11T03:21:59,0,119988,0,119988
2022-06-11T03:32:23,0,119988,0,119988
2022-06-11T03:42:48,0,119988,0,119988
2022-06-11T03:53:14,0,119988,0,119988
2022-06-11T04:03:39,0,119988,0,119988
2022-06-11T04:27:05,0,119988,0,119988
2022-06-11T04:37:55,0,119988,0,119988
2022-06-11T04:48:22,0,119988,0,119988
2022-06-11T04:58:49,0,119988,0,119988
2022-06-11T05:09:14,0,119988,0,119988
2022-06-11T05:19:39,0,119988,0,119988
2022-06-11T05:30:04,0,119988,0,119988
2022-06-11T05:40:29,0,119988,0,119988
2022-06-11T05:51:13,0,119988,0,119988
2022-06-11T06:01:40,0,119988,0,119988
2022-06-11T06:12:07,0,119988,0,119988
2022-06-11T06:22:33,0,119988,0,119988
2022-06-11T06:33:00,0,119988,0,119988
2022-06-11T06:43:26,0,119988,0,119988
2022-06-11T06:53:52,0,119988,0,119988
2022-06-11T07:04:19,0,119988,0,119988
2022-06-11T07:14:45,0,119988,0,119988
2022-06-11T07:25:12,0,119988,0,119988
2022-06-11T07:35:38,0,119988,0,119988
2022-06-11T07:46:05,0,119988,0,119988
2022-06-11T07:56:32,0,119988,0,119988
2022-06-11T08:06:59,0,119988,0,119988
2022-06-11T08:17:25,0,119988,0,119988
2022-06-11T08:27:52,0,119988,0,119988
2022-06-11T08:38:18,0,119988,0,119988
2022-06-11T08:48:45,0,119988,0,119988
2022-06-11T08:59:11,0,119988,0,119988
2022-06-11T09:09:37,0,119988,0,119988
2022-06-11T09:20:04,0,119988,0,119988
2022-06-11T09:30:31,0,119988,0,119988
2022-06-11T09:40:57,0,119988,0,119988
2022-06-11T09:51:24,0,119988,0,119988
2022-06-11T10:01:50,0,119988,0,119988
2022-06-11T10:12:19,0,119988,0,119988
2022-06-11T10:22:45,0,119988,0,119988
2022-06-11T10:33:19,0,119988,0,119988
2022-06-11T10:43:44,0,119988,0,119988
2022-06-11T10:54:10,0,119988,0,119988
2022-06-11T11:04:37,0,119988,0,119988
2022-06-11T11:15:03,0,119988,0,119988
2022-06-11T11:25:29,0,119988,0,119988
2022-06-11T11:35:55,0,119988,0,119988
2022-06-11T11:46:19,0,119988,0,119988
2022-06-11T11:56:43,0,119988,0,119988
2022-06-11T12:07:09,0,119988,0,119988
2022-06-11T12:17:34,0,119988,0,119988
2022-06-11T12:27:59,0,119988,0,119988
2022-06-11T12:38:35,0,119988,0,119988
2022-06-11T12:49:00,0,119988,0,119988
2022-06-11T12:59:25,0,119988,0,119988
2022-06-11T13:09:50,0,119988,0,119988
2022-06-11T13:20:14,0,119988,0,119988
2022-06-11T13:30:39,0,119988,0,119988
2022-06-11T13:41:03,0,119988,0,119988
2022-06-11T13:51:28,0,119988,0,119988
2022-06-11T14:01:53,0,119988,0,119988
2022-06-11T14:12:17,0,119988,0,119988
2022-06-11T14:22:42,0,119988,0,119988
2022-06-11T14:33:06,0,119988,0,119988
2022-06-11T14:43:30,0,119988,0,119988
2022-06-11T14:54:04,0,119988,0,119988
2022-06-11T15:04:28,0,119988,0,119988
2022-06-11T15:14:52,0,119988,0,119988
2022-06-11T15:25:17,0,119988,0,119988
2022-06-11T15:35:41,0,119988,0,119988
2022-06-11T15:46:05,0,119988,0,119988
2022-06-11T15:56:29,0,119988,0,119988
2022-06-11T16:06:54,0,119988,0,119988
2022-06-11T16:17:18,0,119988,0,119988
2022-06-11T16:27:52,0,119988,0,119988
2022-06-11T16:38:16,0,119988,0,119988
2022-06-11T16:48:41,0,119988,0,119988
2022-06-11T16:59:05,0,119988,0,119988
2022-06-11T17:09:30,0,119988,0,119988
2022-06-11T17:19:54,0,119988,0,119988
2022-06-11T17:30:19,0,119988,0,119988
2022-06-11T17:40:43,0,119988,0,119988
2022-06-11T17:51:17,0,119988,0,119988
2022-06-11T18:01:42,0,119988,0,119988
2022-06-11T18:12:06,0,119988,0,119988
2022-06-11T18:22:31,0,119988,0,119988
2022-06-11T18:32:55,0,119988,0,119988
2022-06-11T18:43:19,0,119988,0,119988
2022-06-11T18:53:43,0,119988,0,119988
2022-06-11T19:04:07,0,119988,0,119988
2022-06-11T19:14:43,0,119988,0,119988
2022-06-11T19:25:07,0,119988,0,119988
2022-06-11T19:35:31,0,119988,0,119988
2022-06-11T19:45:55,0,119988,0,119988
2022-06-11T19:56:19,0,119988,0,119988
2022-06-11T20:06:43,0,119988,0,119988
2022-06-11T20:17:08,0,119988,0,119988
2022-06-11T20:27:32,0,119988,0,119988
2022-06-11T20:37:56,0,119988,0,119988
2022-06-11T20:48:30,0,119988,0,119988
2022-06-11T20:58:54,0,119988,0,119988
2022-06-11T21:09:18,0,119988,0,119988
2022-06-11T21:19:42,0,119988,0,119988
2022-06-11T21:30:06,0,119988,0,119988
2022-06-11T21:40:30,0,119988,0,119988
2022-06-11T21:50:54,0,119988,0,119988
2022-06-11T22:01:19,0,119988,0,119988
2022-06-11T22:11:50,0,119988,0,119988
2022-06-11T22:22:22,0,119988,0,119988
2022-06-11T22:32:51,0,119988,0,119988
2022-06-11T22:43:29,0,119988,0,119988
2022-06-11T22:53:58,0,119988,0,119988
2022-06-11T23:04:29,0,119988,0,119988
2022-06-11T23:15:02,0,119988,0,119988
2022-06-11T23:25:34,0,119988,0,119988
2022-06-11T23:36:05,0,119988,0,119988
2022-06-11T23:46:37,0,119988,0,119988
2022-06-11T23:57:07,0,119988,0,119988
2022-06-12T00:07:40,0,119988,0,119988
2022-06-12T00:18:16,0,119988,0,119988
2022-06-12T00:28:47,0,119988,0,119988
2022-06-12T00:39:31,0,119988,0,119988
2022-06-12T00:50:03,0,119988,0,119988
2022-06-12T01:00:35,0,119988,0,119988
2022-06-12T01:11:08,0,119988,0,119988
2022-06-12T01:21:38,0,119988,0,119988
2022-06-12T01:32:07,0,119988,0,119988
2022-06-12T01:42:35,0,119988,0,119988
2022-06-12T01:53:00,0,119988,0,119988
2022-06-12T02:03:40,0,119988,0,119988
2022-06-12T02:14:05,0,119988,0,119988
2022-06-12T02:24:31,0,119988,0,119988
2022-06-12T02:34:56,0,119988,0,119988
2022-06-12T02:45:21,0,119988,0,119988
2022-06-12T02:55:55,0,119988,0,119988
2022-06-12T03:06:20,0,119988,0,119988
2022-06-12T03:16:44,0,119988,0,119988
2022-06-12T03:27:09,0,119988,0,119988
2022-06-12T03:37:33,0,119988,0,119988
2022-06-12T03:47:59,0,119988,0,119988
2022-06-12T03:58:25,0,119988,0,119988
2022-06-12T04:17:57,0,119988,0,119988
2022-06-12T04:28:48,0,119988,0,119988
2022-06-12T04:39:16,0,119988,0,119988
2022-06-12T04:49:43,0,119988,0,119988
2022-06-12T05:00:09,0,119988,0,119988
2022-06-12T05:10:37,0,119988,0,119988
2022-06-12T05:21:03,0,119988,0,119988
2022-06-12T05:31:29,0,119988,0,119988
2022-06-12T05:41:55,0,119988,0,119988
2022-06-12T05:52:24,0,119988,0,119988
2022-06-12T06:02:49,0,119988,0,119988
2022-06-12T06:13:14,0,119988,0,119988
2022-06-12T06:23:40,0,119988,0,119988
2022-06-12T06:34:05,0,119988,0,119988
2022-06-12T06:44:29,0,119988,0,119988
2022-06-12T06:55:09,0,119988,0,119988
2022-06-12T07:05:33,0,119988,0,119988
2022-06-12T07:15:57,0,119988,0,119988
2022-06-12T07:26:22,0,119988,0,119988
2022-06-12T07:36:46,0,119988,0,119988
2022-06-12T07:47:11,0,119988,0,119988
2022-06-12T07:57:35,0,119988,0,119988
2022-06-12T08:08:00,0,119988,0,119988
2022-06-12T08:18:24,0,119988,0,119988
2022-06-12T08:29:01,0,119988,0,119988
2022-06-12T08:39:25,0,119988,0,119988
2022-06-12T08:49:50,0,119988,0,119988
2022-06-12T09:00:15,0,119988,0,119988
2022-06-12T09:10:40,0,119988,0,119988
2022-06-12T09:21:05,0,119988,0,119988
2022-06-12T09:31:31,0,119988,0,119988
2022-06-12T09:41:57,0,119988,0,119988
2022-06-12T09:52:23,0,119988,0,119988
2022-06-12T10:02:50,0,119988,0,119988
2022-06-12T10:13:25,0,119988,0,119988
2022-06-12T10:23:51,0,119988,0,119988
2022-06-12T10:34:17,0,119988,0,119988
2022-06-12T10:44:44,0,119988,0,119988
2022-06-12T10:55:10,0,119988,0,119988
2022-06-12T11:05:37,0,119988,0,119988
2022-06-12T11:16:02,0,119988,0,119988
2022-06-12T11:26:26,0,119988,0,119988
2022-06-12T11:37:03,0,119988,0,119988
2022-06-12T11:47:27,0,119988,0,119988
2022-06-12T11:57:51,0,119988,0,119988
2022-06-12T12:08:16,0,119988,0,119988
2022-06-12T12:18:41,0,119988,0,119988
2022-06-12T12:29:06,0,119988,0,119988
2022-06-12T12:39:30,0,119988,0,119988
2022-06-12T12:50:13,0,119988,0,119988
2022-06-12T13:00:38,0,119988,0,119988
2022-06-12T13:11:03,0,119988,0,119988
2022-06-12T13:21:27,0,119988,0,119988
2022-06-12T13:31:52,0,119988,0,119988
2022-06-12T13:42:17,0,119988,0,119988
2022-06-12T13:52:41,0,119988,0,119988
2022-06-12T14:03:05,0,119988,0,119988
2022-06-12T14:13:40,0,119988,0,119988
2022-06-12T14:24:05,0,119988,0,119988
2022-06-12T14:34:29,0,119988,0,119988
2022-06-12T14:44:53,0,119988,0,119988
2022-06-12T14:55:18,0,119988,0,119988
2022-06-12T15:05:42,0,119988,0,119988
2022-06-12T15:16:07,0,119988,0,119988
2022-06-12T15:26:42,0,119988,0,119988
2022-06-12T15:37:07,0,119988,0,119988
2022-06-12T15:47:31,0,119988,0,119988
2022-06-12T15:57:56,0,119988,0,119988
2022-06-12T16:08:21,0,119988,0,119988
2022-06-12T16:19:07,0,119988,0,119988
2022-06-12T16:29:31,0,119988,0,119988
2022-06-12T16:39:56,0,119988,0,119988
2022-06-12T16:50:20,0,119988,0,119988
2022-06-12T17:00:44,0,119988,0,119988
2022-06-12T17:11:28,0,119988,0,119988
2022-06-12T17:21:53,0,119988,0,119988
2022-06-12T17:32:17,0,119988,0,119988
2022-06-12T17:42:42,0,119988,0,119988
2022-06-12T17:53:07,0,119988,0,119988
2022-06-12T18:03:31,0,119988,0,119988
2022-06-12T18:14:06,0,119988,0,119988
2022-06-12T18:24:31,0,119988,0,119988
2022-06-12T18:34:56,0,119988,0,119988
2022-06-12T18:45:21,0,119988,0,119988
2022-06-12T18:55:45,0,119988,0,119988
2022-06-12T19:06:10,0,119988,0,119988
2022-06-12T19:16:34,0,119988,0,119988
2022-06-12T19:26:59,0,119988,0,119988
2022-06-12T19:37:34,0,119988,0,119988
2022-06-12T19:47:58,0,119988,0,119988
2022-06-12T19:58:23,0,119988,0,119988
2022-06-12T20:08:47,0,119988,0,119988
2022-06-12T20:19:12,0,119988,0,119988
2022-06-12T20:29:48,0,119988,0,119988
2022-06-12T20:40:13,0,119988,0,119988
2022-06-12T20:50:37,0,119988,0,119988
2022-06-12T21:01:02,0,119988,0,119988
2022-06-12T21:11:26,0,119988,0,119988
2022-06-12T21:22:02,0,119988,0,119988
2022-06-12T21:32:27,0,119988,0,119988
2022-06-12T21:42:52,0,119988,0,119988
2022-06-12T21:53:16,0,119988,0,119988
2022-06-12T22:03:41,0,119988,0,119988
2022-06-12T22:14:17,0,119988,0,119988
2022-06-12T22:24:42,0,119988,0,119988
2022-06-12T22:35:08,0,119988,0,119988
2022-06-12T22:45:33,0,119988,0,119988
2022-06-12T22:55:58,0,119988,0,119988
2022-06-12T23:06:24,0,119988,0,119988
2022-06-12T23:16:52,0,119988,0,119988
2022-06-12T23:27:29,0,119988,0,119988
2022-06-12T23:37:57,0,119988,0,119988
2022-06-12T23:48:27,0,119988,0,119988
2022-06-12T23:58:56,0,119988,0,119988
2022-06-13T00:09:25,0,119988,0,119988
2022-06-13T00:20:02,0,119988,0,119988
2022-06-13T00:30:45,0,119988,0,119988
2022-06-13T00:41:18,0,119988,0,119988
2022-06-13T00:51:49,0,119988,0,119988
2022-06-13T01:02:21,0,119988,0,119988
2022-06-13T01:13:00,0,119988,0,119988
2022-06-13T01:23:32,0,119988,0,119988
2022-06-13T01:34:09,0,119988,0,119988
2022-06-13T01:44:46,0,119988,0,119988
2022-06-13T01:55:24,0,119988,0,119988
2022-06-13T02:06:31,0,119988,0,119988
2022-06-13T02:17:07,0,119988,0,119988
2022-06-13T02:27:40,0,119988,0,119988
2022-06-13T02:38:14,0,119988,0,119988
2022-06-13T02:48:48,0,119988,0,119988
2022-06-13T02:59:18,0,119988,0,119988
2022-06-13T03:09:45,0,119988,0,119988
2022-06-13T03:20:11,0,119988,0,119988
2022-06-13T03:30:37,0,119988,0,119988
2022-06-13T03:41:02,0,119988,0,119988
2022-06-13T03:51:27,0,119988,0,119988
2022-06-13T04:04:06,0,119988,0,119988
2022-06-13T04:24:01,0,119988,0,119988
2022-06-13T04:34:51,0,119988,0,119988
2022-06-13T04:45:19,0,119988,0,119988
2022-06-13T04:55:45,0,119988,0,119988
2022-06-13T05:06:13,0,119988,0,119988
2022-06-13T05:16:40,0,119988,0,119988
2022-06-13T05:27:06,0,119988,0,119988
2022-06-13T05:37:32,0,119988,0,119988
2022-06-13T05:47:58,0,119988,0,119988
2022-06-13T05:58:25,0,119988,0,119988
2022-06-13T06:08:50,0,119988,0,119988
2022-06-13T06:19:17,0,119988,0,119988
2022-06-13T06:29:44,0,119988,0,119988
2022-06-13T06:40:09,0,119988,0,119988
2022-06-13T06:50:35,0,119988,0,119988
2022-06-13T07:01:00,0,119988,0,119988
2022-06-13T07:11:29,0,119988,0,119988
2022-06-13T07:21:54,0,119988,0,119988
2022-06-13T07:32:19,0,119988,0,119988
2022-06-13T07:42:45,0,119988,0,119988
2022-06-13T07:53:09,0,119988,0,119988
2022-06-13T08:03:45,0,119988,0,119988
2022-06-13T08:14:11,0,119988,0,119988
2022-06-13T08:24:38,0,119988,0,119988
2022-06-13T08:35:04,0,119988,0,119988
2022-06-13T08:45:30,0,119988,0,119988
2022-06-13T08:55:57,0,119988,0,119988
2022-06-13T09:06:25,0,119988,0,119988
2022-06-13T09:16:51,0,119988,0,119988
2022-06-13T09:27:30,0,119988,0,119988
2022-06-13T09:37:58,0,119988,0,119988
2022-06-13T09:48:27,0,119988,0,119988
2022-06-13T09:58:55,0,119988,0,119988
2022-06-13T10:09:25,0,119988,0,119988
2022-06-13T10:19:53,0,119988,0,119988
2022-06-13T10:30:31,0,119988,0,119988
2022-06-13T10:40:59,0,119988,0,119988
2022-06-13T10:51:26,0,119988,0,119988
2022-06-13T11:01:54,0,119988,0,119988
2022-06-13T11:12:24,0,119988,0,119988
2022-06-13T11:22:52,0,119988,0,119988
2022-06-13T11:33:30,0,119988,0,119988
2022-06-13T11:43:58,0,119988,0,119988
2022-06-13T11:54:26,0,119988,0,119988
2022-06-13T12:04:56,0,119988,0,119988
2022-06-13T12:15:23,0,119988,0,119988
2022-06-13T12:26:01,0,119988,0,119988
2022-06-13T12:36:28,0,119988,0,119988
2022-06-13T12:46:55,0,119988,0,119988
2022-06-13T12:57:25,0,119988,0,119988
2022-06-13T13:07:53,0,119988,0,119988
2022-06-13T13:18:33,0,119988,0,119988
2022-06-13T13:29:00,0,119988,0,119988
2022-06-13T13:39:28,0,119988,0,119988
2022-06-13T13:49:58,0,119988,0,119988
2022-06-13T14:00:30,0,119988,0,119988
2022-06-13T14:11:01,0,119988,0,119988
2022-06-13T14:21:43,0,119988,0,119988
2022-06-13T14:32:16,0,119988,0,119988
2022-06-13T14:42:51,0,119988,0,119988
2022-06-13T14:53:22,0,119988,0,119988
2022-06-13T15:03:56,0,119988,0,119988
2022-06-13T15:14:29,0,119988,0,119988
2022-06-13T15:25:12,0,119988,0,119988
2022-06-13T15:35:50,0,119988,0,119988
2022-06-13T15:46:24,0,119988,0,119988
2022-06-13T15:56:59,0,119988,0,119988
2022-06-13T16:07:31,0,119988,0,119988
2022-06-13T16:18:02,0,119988,0,119988
2022-06-13T16:28:49,0,119988,0,119988
2022-06-13T16:39:21,0,119988,0,119988
2022-06-13T16:49:55,0,119988,0,119988
2022-06-13T17:00:29,0,119988,0,119988
2022-06-13T17:11:02,0,119988,0,119988
2022-06-13T17:21:46,0,119988,0,119988
2022-06-13T17:32:20,0,119988,0,119988
2022-06-13T17:42:53,0,119988,0,119988
2022-06-13T17:53:26,0,119988,0,119988
2022-06-13T18:03:55,0,119988,0,119988
2022-06-13T18:14:36,0,119988,0,119988
2022-06-13T18:25:03,0,119988,0,119988
2022-06-13T18:35:29,0,119988,0,119988
2022-06-13T18:45:57,0,119988,0,119988
2022-06-13T18:56:23,0,119988,0,119988
2022-06-13T19:07:02,0,119988,0,119988
2022-06-13T19:17:28,0,119988,0,119988
2022-06-13T19:27:57,0,119988,0,119988
2022-06-13T19:38:24,0,119988,0,119988
2022-06-13T19:49:01,0,119988,0,119988
2022-06-13T19:59:27,0,119988,0,119988
2022-06-13T20:09:53,0,119988,0,119988
2022-06-13T20:20:18,0,119988,0,119988
2022-06-13T20:30:46,0,119988,0,119988
2022-06-13T20:41:12,0,119988,0,119988
2022-06-13T20:51:50,0,119988,0,119988
2022-06-13T21:02:16,0,119988,0,119988
2022-06-13T21:12:45,0,119988,0,119988
2022-06-13T21:23:12,0,119988,0,119988
2022-06-13T21:33:49,0,119988,0,119988
2022-06-13T21:44:16,0,119988,0,119988
2022-06-13T21:54:42,0,119988,0,119988
2022-06-13T22:05:10,0,119988,0,119988
2022-06-13T22:15:36,0,119988,0,119988
2022-06-13T22:26:16,0,119988,0,119988
2022-06-13T22:36:42,0,119988,0,119988
2022-06-13T22:47:08,0,119988,0,119988
2022-06-13T22:57:33,0,119988,0,119988
2022-06-13T23:08:02,0,119988,0,119988
2022-06-13T23:18:29,0,119988,0,119988
2022-06-13T23:29:06,0,119988,0,119988
2022-06-13T23:39:33,0,119988,0,119988
2022-06-13T23:49:59,0,119988,0,119988
2022-06-14T00:00:24,0,119988,0,119988
2022-06-14T00:10:55,0,119988,0,119988
2022-06-14T00:21:25,0,119988,0,119988
2022-06-14T00:32:06,0,119988,0,119988
2022-06-14T00:42:34,0,119988,0,119988
2022-06-14T00:53:02,0,119988,0,119988
2022-06-14T01:03:32,0,119988,0,119988
2022-06-14T01:14:00,0,119988,0,119988
2022-06-14T01:24:28,0,119988,0,119988
2022-06-14T01:35:09,0,119988,0,119988
2022-06-14T01:45:37,0,119988,0,119988
2022-06-14T01:56:04,0,119988,0,119988
2022-06-14T02:06:31,0,119988,0,119988
2022-06-14T02:16:57,0,119988,0,119988
2022-06-14T02:27:23,0,119988,0,119988
2022-06-14T02:37:48,0,119988,0,119988
2022-06-14T02:48:15,0,119988,0,119988
2022-06-14T02:58:40,0,119988,0,119988
2022-06-14T03:09:05,0,119988,0,119988
2022-06-14T03:19:29,0,119988,0,119988
2022-06-14T03:29:53,0,119988,0,119988
2022-06-14T03:40:30,0,119988,0,119988
2022-06-14T03:50:56,0,119988,0,119988
2022-06-14T04:01:22,0,119988,0,119988
2022-06-14T04:23:58,0,119988,0,119988
2022-06-14T04:34:50,0,119988,0,119988
2022-06-14T04:45:20,0,119988,0,119988
2022-06-14T04:55:48,0,119988,0,119988
2022-06-14T05:06:17,0,119988,0,119988
2022-06-14T05:16:44,0,119988,0,119988
2022-06-14T05:27:11,0,119988,0,119988
2022-06-14T05:37:37,0,119988,0,119988
2022-06-14T05:48:06,0,119988,0,119988
2022-06-14T05:58:33,0,119988,0,119988
2022-06-14T06:08:59,0,119988,0,119988
2022-06-14T06:19:26,0,119988,0,119988
2022-06-14T06:30:03,0,119988,0,119988
2022-06-14T06:40:29,0,119988,0,119988
2022-06-14T06:50:56,0,119988,0,119988
2022-06-14T07:01:22,0,119988,0,119988
2022-06-14T07:11:52,0,119988,0,119988
2022-06-14T07:22:19,0,119988,0,119988
2022-06-14T07:32:46,0,119988,0,119988
2022-06-14T07:43:14,0,119988,0,119988
2022-06-14T07:53:52,0,119988,0,119988
2022-06-14T08:04:19,0,119988,0,119988
2022-06-14T08:14:47,0,119988,0,119988
2022-06-14T08:25:15,0,119988,0,119988
2022-06-14T08:35:42,0,119988,0,119988
2022-06-14T08:46:10,0,119988,0,119988
2022-06-14T08:56:48,0,119988,0,119988
2022-06-14T09:07:17,0,119988,0,119988
2022-06-14T09:17:48,0,119988,0,119988
2022-06-14T09:28:18,0,119988,0,119988
2022-06-14T09:38:48,0,119988,0,119988
2022-06-14T09:49:29,0,119988,0,119988
2022-06-14T09:59:58,0,119988,0,119988
2022-06-14T10:10:28,0,119988,0,119988
2022-06-14T10:21:00,0,119988,0,119988
2022-06-14T10:31:29,0,119988,0,119988
2022-06-14T10:42:11,0,119988,0,119988
2022-06-14T10:52:40,0,119988,0,119988
2022-06-14T11:03:08,0,119988,0,119988
2022-06-14T11:13:37,0,119988,0,119988
2022-06-14T11:24:19,0,119988,0,119988
2022-06-14T11:34:48,0,119988,0,119988
2022-06-14T11:45:17,0,119988,0,119988
2022-06-14T11:55:46,0,119988,0,119988
2022-06-14T12:06:28,0,119988,0,119988
2022-06-14T12:16:57,0,119988,0,119988
2022-06-14T12:27:26,0,119988,0,119988
2022-06-14T12:37:54,0,119988,0,119988
2022-06-14T12:48:34,0,119988,0,119988
2022-06-14T12:59:03,0,119988,0,119988
2022-06-14T13:09:32,0,119988,0,119988
2022-06-14T13:20:12,0,119988,0,119988
2022-06-14T13:30:40,0,119988,0,119988
2022-06-14T13:41:09,0,119988,0,119988
2022-06-14T13:51:37,0,119988,0,119988
2022-06-14T14:02:06,0,119988,0,119988
2022-06-14T14:12:46,0,119988,0,119988
2022-06-14T14:23:15,0,119988,0,119988
2022-06-14T14:33:44,0,119988,0,119988
2022-06-14T14:44:25,0,119988,0,119988
2022-06-14T14:54:54,0,119988,0,119988
2022-06-14T15:05:23,0,119988,0,119988
2022-06-14T15:16:03,0,119988,0,119988
2022-06-14T15:26:32,0,119988,0,119988
2022-06-14T15:37:00,0,119988,0,119988
2022-06-14T15:47:28,0,119988,0,119988
2022-06-14T15:58:08,0,119988,0,119988
2022-06-14T16:08:35,0,119988,0,119988
2022-06-14T16:19:03,0,119988,0,119988
2022-06-14T16:29:30,0,119988,0,119988
2022-06-14T16:40:08,0,119988,0,119988
2022-06-14T16:50:35,0,119988,0,119988
2022-06-14T17:01:02,0,119988,0,119988
2022-06-14T17:11:30,0,119988,0,119988
2022-06-14T17:22:09,0,119988,0,119988
2022-06-14T17:32:35,0,119988,0,119988
2022-06-14T17:43:02,0,119988,0,119988
2022-06-14T17:53:29,0,119988,0,119988
2022-06-14T18:03:55,0,119988,0,119988
2022-06-14T18:14:35,0,119988,0,119988
2022-06-14T18:25:02,0,119988,0,119988
2022-06-14T18:35:30,0,119988,0,119988
2022-06-14T18:45:59,0,119988,0,119988
2022-06-14T18:56:25,0,119988,0,119988
2022-06-14T19:07:06,0,119988,0,119988
2022-06-14T19:17:33,0,119988,0,119988
2022-06-14T19:28:00,0,119988,0,119988
2022-06-14T19:38:38,0,119988,0,119988
2022-06-14T19:49:04,0,119988,0,119988
2022-06-14T19:59:31,0,119988,0,119988
2022-06-14T20:09:58,0,119988,0,119988
2022-06-14T20:20:39,0,119988,0,119988
2022-06-14T20:31:05,0,119988,0,119988
2022-06-14T20:41:31,0,119988,0,119988
2022-06-14T20:51:57,0,119988,0,119988
2022-06-14T21:02:36,0,119988,0,119988
2022-06-14T21:13:03,0,119988,0,119988
2022-06-14T21:23:30,0,119988,0,119988
2022-06-14T21:33:56,0,119988,0,119988
2022-06-14T21:44:35,0,119988,0,119988
2022-06-14T21:55:01,0,119988,0,119988
2022-06-14T22:05:28,0,119988,0,119988
2022-06-14T22:15:54,0,119988,0,119988
2022-06-14T22:26:32,0,119988,0,119988
2022-06-14T22:36:59,0,119988,0,119988
2022-06-14T22:47:26,0,119988,0,119988
2022-06-14T22:57:53,0,119988,0,119988
2022-06-14T23:08:33,0,119988,0,119988
2022-06-14T23:18:59,0,119988,0,119988
2022-06-14T23:29:26,0,119988,0,119988
2022-06-14T23:39:53,0,119988,0,119988
2022-06-14T23:50:30,0,119988,0,119988
2022-06-15T00:00:57,0,119988,0,119988
2022-06-15T00:11:30,0,119988,0,119988
2022-06-15T00:22:01,0,119988,0,119988
2022-06-15T00:32:29,0,119988,0,119988
2022-06-15T00:43:11,0,119988,0,119988
2022-06-15T00:53:39,0,119988,0,119988
2022-06-15T01:04:09,0,119988,0,119988
2022-06-15T01:14:39,0,119988,0,119988
2022-06-15T01:25:07,0,119988,0,119988
2022-06-15T01:35:35,0,119988,0,119988
2022-06-15T01:46:16,0,119988,0,119988
2022-06-15T01:56:44,0,119988,0,119988
2022-06-15T02:07:14,0,119988,0,119988
2022-06-15T02:17:40,0,119988,0,119988
2022-06-15T02:28:06,0,119988,0,119988
2022-06-15T02:38:32,0,119988,0,119988
2022-06-15T02:49:11,0,119988,0,119988
2022-06-15T02:59:37,0,119988,0,119988
2022-06-15T03:10:08,0,119988,0,119988
2022-06-15T03:20:38,0,119988,0,119988
2022-06-15T03:31:09,0,119988,0,119988
2022-06-15T03:41:39,0,119988,0,119988
2022-06-15T03:52:10,0,119988,0,119988
2022-06-15T04:02:46,0,119988,0,119988
2022-06-15T04:22:51,0,119988,0,119988
2022-06-15T04:33:54,0,119988,0,119988
2022-06-15T04:44:33,0,119988,0,119988
2022-06-15T04:55:08,0,119988,0,119988
2022-06-15T05:05:40,0,119988,0,119988
2022-06-15T05:16:10,0,119988,0,119988
2022-06-15T05:26:50,0,119988,0,119988
2022-06-15T05:37:27,0,119988,0,119988
2022-06-15T05:48:05,0,119988,0,119988
2022-06-15T05:58:40,0,119988,0,119988
2022-06-15T06:09:17,0,119988,0,119988
2022-06-15T06:19:51,0,119988,0,119988
2022-06-15T06:30:25,0,119988,0,119988
2022-06-15T06:41:12,0,119988,0,119988
2022-06-15T06:51:46,0,119988,0,119988
2022-06-15T07:02:18,0,119988,0,119988
2022-06-15T07:12:48,0,119988,0,119988
2022-06-15T07:23:19,0,119988,0,119988
2022-06-15T07:33:47,0,119988,0,119988
2022-06-15T07:44:15,0,119988,0,119988
2022-06-15T07:54:43,0,119988,0,119988
2022-06-15T08:05:23,0,119988,0,119988
2022-06-15T08:15:55,0,119988,0,119988
2022-06-15T08:26:23,0,119988,0,119988
2022-06-15T08:36:53,0,119988,0,119988
2022-06-15T08:47:24,0,119988,0,119988
2022-06-15T08:57:52,0,119988,0,119988
2022-06-15T09:08:35,0,119988,0,119988
2022-06-15T09:19:05,0,119988,0,119988
2022-06-15T09:29:34,0,119988,0,119988
2022-06-15T09:40:03,0,119988,0,119988
2022-06-15T09:50:32,0,119988,0,119988
2022-06-15T10:01:12,0,119988,0,119988
2022-06-15T10:11:41,0,119988,0,119988
2022-06-15T10:22:09,0,119988,0,119988
2022-06-15T10:32:38,0,119988,0,119988
2022-06-15T10:43:06,0,119988,0,119988
2022-06-15T10:53:47,0,119988,0,119988
2022-06-15T11:04:16,0,119988,0,119988
2022-06-15T11:14:46,0,119988,0,119988
2022-06-15T11:25:15,0,119988,0,119988
2022-06-15T11:35:57,0,119988,0,119988
2022-06-15T11:46:28,0,119988,0,119988
2022-06-15T11:56:56,0,119988,0,119988
2022-06-15T12:07:25,0,119988,0,119988
2022-06-15T12:18:05,0,119988,0,119988
2022-06-15T12:28:33,0,119988,0,119988
2022-06-15T12:39:00,0,119988,0,119988
2022-06-15T12:49:28,0,119988,0,119988
2022-06-15T12:59:56,0,119988,0,119988
2022-06-15T13:10:37,0,119988,0,119988
2022-06-15T13:21:06,0,119988,0,119988
2022-06-15T13:31:36,0,119988,0,119988
2022-06-15T13:42:06,0,119988,0,119988
2022-06-15T13:52:49,0,119988,0,119988
2022-06-15T14:03:18,0,119988,0,119988
2022-06-15T14:13:48,0,119988,0,119988
2022-06-15T14:24:20,0,119988,0,119988
2022-06-15T14:34:51,0,119988,0,119988
2022-06-15T14:45:20,0,119988,0,119988
2022-06-15T14:56:02,0,119988,0,119988
2022-06-15T15:06:31,0,119988,0,119988
2022-06-15T15:16:59,0,119988,0,119988
2022-06-15T15:27:27,0,119988,0,119988
2022-06-15T15:37:54,0,119988,0,119988
2022-06-15T15:48:33,0,119988,0,119988
2022-06-15T15:59:00,0,119988,0,119988
2022-06-15T16:09:27,0,119988,0,119988
2022-06-15T16:19:55,0,119988,0,119988
2022-06-15T16:30:22,0,119988,0,119988
2022-06-15T16:40:49,0,119988,0,119988
2022-06-15T16:51:28,0,119988,0,119988
2022-06-15T17:01:55,0,119988,0,119988
2022-06-15T17:12:23,0,119988,0,119988
2022-06-15T17:22:50,0,119988,0,119988
2022-06-15T17:33:16,0,119988,0,119988
2022-06-15T17:43:42,0,119988,0,119988
2022-06-15T17:54:21,0,119988,0,119988
2022-06-15T18:04:47,0,119988,0,119988
2022-06-15T18:15:13,0,119988,0,119988
2022-06-15T18:25:43,0,119988,0,119988
2022-06-15T18:36:09,0,119988,0,119988
2022-06-15T18:46:35,0,119988,0,119988
2022-06-15T18:57:14,0,119988,0,119988
2022-06-15T19:07:45,0,119988,0,119988
2022-06-15T19:18:14,0,119988,0,119988
2022-06-15T19:28:44,0,119988,0,119988
2022-06-15T19:39:16,0,119988,0,119988
2022-06-15T19:49:48,0,119988,0,119988
2022-06-15T20:00:33,0,119988,0,119988
2022-06-15T20:11:10,0,119988,0,119988
2022-06-15T20:21:42,0,119988,0,119988
2022-06-15T20:32:14,0,119988,0,119988
2022-06-15T20:42:49,0,119988,0,119988
2022-06-15T20:53:20,0,119988,0,119988
2022-06-15T21:04:05,0,119988,0,119988
2022-06-15T21:14:40,0,119988,0,119988
2022-06-15T21:25:14,0,119988,0,119988
2022-06-15T21:35:48,0,119988,0,119988
2022-06-15T21:46:34,0,119988,0,119988
2022-06-15T21:57:08,0,119988,0,119988
2022-06-15T22:07:42,0,119988,0,119988
2022-06-15T22:18:16,0,119988,0,119988
2022-06-15T22:29:03,0,119988,0,119988
2022-06-15T22:39:34,0,119988,0,119988
2022-06-15T22:50:04,0,119988,0,119988
2022-06-15T23:00:34,0,119988,0,119988
2022-06-15T23:11:01,0,119988,0,119988
2022-06-15T23:21:41,0,119988,0,119988
2022-06-15T23:32:08,0,119988,0,119988
2022-06-15T23:42:34,0,119988,0,119988
2022-06-15T23:53:00,0,119988,0,119988
2022-06-16T00:03:26,0,119988,0,119988
2022-06-16T00:13:54,0,119988,0,119988
2022-06-16T00:24:22,0,119988,0,119988
2022-06-16T00:35:03,0,119988,0,119988
2022-06-16T00:45:31,0,119988,0,119988
2022-06-16T00:55:58,0,119988,0,119988
2022-06-16T01:06:27,0,119988,0,119988
2022-06-16T01:16:54,0,119988,0,119988
2022-06-16T01:27:20,0,119988,0,119988
2022-06-16T01:37:45,0,119988,0,119988
2022-06-16T01:48:11,0,119988,0,119988
2022-06-16T01:58:54,0,119988,0,119988
2022-06-16T02:09:21,0,119988,0,119988
2022-06-16T02:19:47,0,119988,0,119988
2022-06-16T02:30:13,0,119988,0,119988
2022-06-16T02:40:40,0,119988,0,119988
2022-06-16T02:51:06,0,119988,0,119988
2022-06-16T03:01:30,0,119988,0,119988
2022-06-16T03:11:55,0,119988,0,119988
2022-06-16T03:22:19,0,119988,0,119988
2022-06-16T03:32:44,0,119988,0,119988
2022-06-16T03:43:09,0,119988,0,119988
2022-06-16T03:53:33,0,119988,0,119988
2022-06-16T04:03:57,0,119988,0,119988
2022-06-16T04:24:30,0,119988,0,119988
2022-06-16T04:35:18,0,119988,0,119988
2022-06-16T04:45:46,0,119988,0,119988
2022-06-16T04:56:16,0,119988,0,119988
2022-06-16T05:06:44,0,119988,0,119988
2022-06-16T05:17:14,0,119988,0,119988
2022-06-16T05:27:42,0,119988,0,119988
2022-06-16T05:38:09,0,119988,0,119988
2022-06-16T05:48:37,0,119988,0,119988
2022-06-16T05:59:07,0,119988,0,119988
2022-06-16T06:09:34,0,119988,0,119988
2022-06-16T06:20:02,0,119988,0,119988
2022-06-16T06:30:28,0,119988,0,119988
2022-06-16T06:40:56,0,119988,0,119988
2022-06-16T06:51:23,0,119988,0,119988
2022-06-16T07:01:52,0,119988,0,119988
2022-06-16T07:12:22,0,119988,0,119988
2022-06-16T07:22:50,0,119988,0,119988
2022-06-16T07:33:28,0,119988,0,119988
2022-06-16T07:43:55,0,119988,0,119988
2022-06-16T07:54:22,0,119988,0,119988
2022-06-16T08:04:50,0,119988,0,119988
2022-06-16T08:15:16,0,119988,0,119988
2022-06-16T08:25:43,0,119988,0,119988
2022-06-16T08:36:09,0,119988,0,119988
2022-06-16T08:46:36,0,119988,0,119988
2022-06-16T08:57:03,0,119988,0,119988
2022-06-16T09:07:30,0,119988,0,119988
2022-06-16T09:17:56,0,119988,0,119988
2022-06-16T09:28:36,0,119988,0,119988
2022-06-16T09:39:03,0,119988,0,119988
2022-06-16T09:49:30,0,119988,0,119988
2022-06-16T09:59:57,0,119988,0,119988
2022-06-16T10:10:24,0,119988,0,119988
2022-06-16T10:20:51,0,119988,0,119988
2022-06-16T10:31:18,0,119988,0,119988
2022-06-16T10:41:44,0,119988,0,119988
2022-06-16T10:52:24,0,119988,0,119988
2022-06-16T11:02:51,0,119988,0,119988
2022-06-16T11:13:18,0,119988,0,119988
2022-06-16T11:23:46,0,119988,0,119988
2022-06-16T11:34:12,0,119988,0,119988
2022-06-16T11:44:39,0,119988,0,119988
2022-06-16T11:55:05,0,119988,0,119988
2022-06-16T12:05:32,0,119988,0,119988
2022-06-16T12:16:11,0,119988,0,119988
2022-06-16T12:26:39,0,119988,0,119988
2022-06-16T12:37:08,0,119988,0,119988
2022-06-16T12:47:41,0,119988,0,119988
2022-06-16T12:58:12,0,119988,0,119988
2022-06-16T13:08:44,0,119988,0,119988
2022-06-16T13:19:28,0,119988,0,119988
2022-06-16T13:30:05,0,119988,0,119988
2022-06-16T13:40:44,0,119988,0,119988
2022-06-16T13:51:25,0,119988,0,119988
2022-06-16T14:02:04,0,119988,0,119988
2022-06-16T14:12:56,0,119988,0,119988
2022-06-16T14:23:39,0,119988,0,119988
2022-06-16T14:34:18,0,119988,0,119988
2022-06-16T14:44:54,0,119988,0,119988
2022-06-16T14:55:29,0,119988,0,119988
2022-06-16T15:06:01,0,119988,0,119988
2022-06-16T15:16:43,0,119988,0,119988
2022-06-16T15:27:12,0,119988,0,119988
2022-06-16T15:37:39,0,119988,0,119988
2022-06-16T15:48:07,0,119988,0,119988
2022-06-16T15:58:34,0,119988,0,119988
2022-06-16T16:09:12,0,119988,0,119988
2022-06-16T16:19:39,0,119988,0,119988
2022-06-16T16:30:05,0,119988,0,119988
2022-06-16T16:40:32,0,119988,0,119988
2022-06-16T16:50:58,0,119988,0,119988
2022-06-16T17:01:24,0,119988,0,119988
2022-06-16T17:11:51,0,119988,0,119988
2022-06-16T17:22:17,0,119988,0,119988
2022-06-16T17:32:43,0,119988,0,119988
2022-06-16T17:43:19,0,119988,0,119988
2022-06-16T17:53:45,0,119988,0,119988
2022-06-16T18:04:11,0,119988,0,119988
2022-06-16T18:14:37,0,119988,0,119988
2022-06-16T18:25:02,0,119988,0,119988
2022-06-16T18:35:27,0,119988,0,119988
2022-06-16T18:45:53,0,119988,0,119988
2022-06-16T18:56:30,0,119988,0,119988
2022-06-16T19:06:55,0,119988,0,119988
2022-06-16T19:17:21,0,119988,0,119988
2022-06-16T19:27:46,0,119988,0,119988
2022-06-16T19:38:13,0,119988,0,119988
2022-06-16T19:48:38,0,119988,0,119988
2022-06-16T19:59:04,0,119988,0,119988
2022-06-16T20:09:31,0,119988,0,119988
2022-06-16T20:19:56,0,119988,0,119988
2022-06-16T20:30:20,0,119988,0,119988
2022-06-16T20:40:58,0,119988,0,119988
2022-06-16T20:51:23,0,119988,0,119988
2022-06-16T21:01:49,0,119988,0,119988
2022-06-16T21:12:14,0,119988,0,119988
2022-06-16T21:22:40,0,119988,0,119988
2022-06-16T21:33:05,0,119988,0,119988
2022-06-16T21:43:31,0,119988,0,119988
2022-06-16T21:53:57,0,119988,0,119988
2022-06-16T22:04:34,0,119988,0,119988
2022-06-16T22:15:00,0,119988,0,119988
2022-06-16T22:25:26,0,119988,0,119988
2022-06-16T22:35:52,0,119988,0,119988
2022-06-16T22:46:29,0,119988,0,119988
2022-06-16T22:56:55,0,119988,0,119988
2022-06-16T23:07:20,0,119988,0,119988
2022-06-16T23:17:46,0,119988,0,119988
2022-06-16T23:28:13,0,119988,0,119988
2022-06-16T23:38:48,0,119988,0,119988
2022-06-16T23:49:23,0,119988,0,119988
2022-06-17T00:00:02,0,119988,0,119988
2022-06-17T00:10:43,0,119988,0,119988
2022-06-17T00:21:24,0,119988,0,119988
2022-06-17T00:32:36,0,119988,0,119988
2022-06-17T00:43:25,0,119988,0,119988
2022-06-17T00:54:11,0,119988,0,119988
2022-06-17T01:04:51,0,119988,0,119988
2022-06-17T01:15:29,0,119988,0,119988
2022-06-17T01:26:05,0,119988,0,119988
2022-06-17T01:36:40,0,119988,0,119988
2022-06-17T01:47:14,0,119988,0,119988
2022-06-17T01:57:46,0,119988,0,119988
2022-06-17T02:08:16,0,119988,0,119988
2022-06-17T02:18:57,0,119988,0,119988
2022-06-17T02:29:22,0,119988,0,119988
2022-06-17T02:39:48,0,119988,0,119988
2022-06-17T02:50:12,0,119988,0,119988
2022-06-17T03:00:37,0,119988,0,119988
2022-06-17T03:11:01,0,119988,0,119988
2022-06-17T03:21:26,0,119988,0,119988
2022-06-17T03:31:51,0,119988,0,119988
2022-06-17T03:42:16,0,119988,0,119988
2022-06-17T03:52:43,0,119988,0,119988
2022-06-17T04:03:10,0,119988,0,119988
2022-06-17T04:20:35,0,119988,0,119988
2022-06-17T04:31:25,0,119988,0,119988
2022-06-17T04:45:25,0,119988,0,119988
2022-06-17T04:59:20,0,119988,0,119988
2022-06-17T05:19:43,0,119988,0,119988
2022-06-17T05:39:46,0,119988,0,119988
2022-06-17T05:59:07,0,119988,0,119988
2022-06-17T06:09:33,0,119988,0,119988
2022-06-17T06:19:58,0,119988,0,119988
2022-06-17T06:30:26,0,119988,0,119988
2022-06-17T06:41:09,0,119988,0,119988
2022-06-17T06:51:37,0,119988,0,119988
2022-06-17T07:02:05,0,119988,0,119988
2022-06-17T07:12:35,0,119988,0,119988
2022-06-17T07:23:03,0,119988,0,119988
2022-06-17T07:33:31,0,119988,0,119988
2022-06-17T07:43:58,0,119988,0,119988
2022-06-17T07:54:26,0,119988,0,119988
2022-06-17T08:04:54,0,119988,0,119988
2022-06-17T08:15:21,0,119988,0,119988
2022-06-17T08:25:50,0,119988,0,119988
2022-06-17T08:36:17,0,119988,0,119988
2022-06-17T08:46:45,0,119988,0,119988
2022-06-17T08:57:22,0,119988,0,119988
2022-06-17T09:07:50,0,119988,0,119988
2022-06-17T09:18:18,0,119988,0,119988
2022-06-17T09:28:47,0,119988,0,119988
2022-06-17T09:39:15,0,119988,0,119988
2022-06-17T09:49:45,0,119988,0,119988
2022-06-17T10:00:14,0,119988,0,119988
2022-06-17T10:10:43,0,119988,0,119988
2022-06-17T10:21:12,0,119988,0,119988
2022-06-17T10:31:40,0,119988,0,119988
2022-06-17T10:42:08,0,119988,0,119988
2022-06-17T10:52:35,0,119988,0,119988
2022-06-17T11:03:17,0,119988,0,119988
2022-06-17T11:13:45,0,119988,0,119988
2022-06-17T11:24:13,0,119988,0,119988
2022-06-17T11:34:40,0,119988,0,119988
2022-06-17T11:45:08,0,119988,0,119988
2022-06-17T11:55:46,0,119988,0,119988
2022-06-17T12:06:14,0,119988,0,119988
2022-06-17T12:16:41,0,119988,0,119988
2022-06-17T12:27:09,0,119988,0,119988
2022-06-17T12:37:37,0,119988,0,119988
2022-06-17T12:48:04,0,119988,0,119988
2022-06-17T12:58:31,0,119988,0,119988
2022-06-17T13:08:59,0,119988,0,119988
2022-06-17T13:19:37,0,119988,0,119988
2022-06-17T13:30:05,0,119988,0,119988
2022-06-17T13:40:34,0,119988,0,119988
2022-06-17T13:51:01,0,119988,0,119988
2022-06-17T14:01:29,0,119988,0,119988
2022-06-17T14:11:56,0,119988,0,119988
2022-06-17T14:22:24,0,119988,0,119988
2022-06-17T14:32:52,0,119988,0,119988
2022-06-17T14:43:20,0,119988,0,119988
2022-06-17T14:54:04,0,119988,0,119988
2022-06-17T15:04:32,0,119988,0,119988
2022-06-17T15:15:00,0,119988,0,119988
2022-06-17T15:25:27,0,119988,0,119988
2022-06-17T15:35:55,0,119988,0,119988
2022-06-17T15:46:23,0,119988,0,119988
2022-06-17T15:56:51,0,119988,0,119988
2022-06-17T16:07:18,0,119988,0,119988
2022-06-17T16:17:46,0,119988,0,119988
2022-06-17T16:28:13,0,119988,0,119988
2022-06-17T16:38:52,0,119988,0,119988
2022-06-17T16:49:19,0,119988,0,119988
2022-06-17T16:59:46,0,119988,0,119988
2022-06-17T17:10:14,0,119988,0,119988
2022-06-17T17:20:41,0,119988,0,119988
2022-06-17T17:31:08,0,119988,0,119988
2022-06-17T17:41:35,0,119988,0,119988
2022-06-17T17:52:13,0,119988,0,119988
2022-06-17T18:02:39,0,119988,0,119988
2022-06-17T18:13:06,0,119988,0,119988
2022-06-17T18:23:32,0,119988,0,119988
2022-06-17T18:33:59,0,119988,0,119988
2022-06-17T18:44:26,0,119988,0,119988
2022-06-17T18:54:52,0,119988,0,119988
2022-06-17T19:05:19,0,119988,0,119988
2022-06-17T19:15:45,0,119988,0,119988
2022-06-17T19:26:12,0,119988,0,119988
2022-06-17T19:36:50,0,119988,0,119988
2022-06-17T19:47:16,0,119988,0,119988
2022-06-17T19:57:43,0,119988,0,119988
2022-06-17T20:08:10,0,119988,0,119988
2022-06-17T20:18:36,0,119988,0,119988
2022-06-17T20:29:03,0,119988,0,119988
2022-06-17T20:39:29,0,119988,0,119988
2022-06-17T20:49:56,0,119988,0,119988
2022-06-17T21:00:22,0,119988,0,119988
2022-06-17T21:10:49,0,119988,0,119988
2022-06-17T21:21:26,0,119988,0,119988
2022-06-17T21:31:53,0,119988,0,119988
2022-06-17T21:42:19,0,119988,0,119988
2022-06-17T21:52:46,0,119988,0,119988
2022-06-17T22:03:12,0,119988,0,119988
2022-06-17T22:13:38,0,119988,0,119988
2022-06-17T22:24:04,0,119988,0,119988
2022-06-17T22:34:32,0,119988,0,119988
2022-06-17T22:45:10,0,119988,0,119988
2022-06-17T22:55:36,0,119988,0,119988
2022-06-17T23:06:03,0,119988,0,119988
2022-06-17T23:16:29,0,119988,0,119988
2022-06-17T23:26:57,0,119988,0,119988
2022-06-17T23:37:26,0,119988,0,119988
2022-06-17T23:47:52,0,119988,0,119988
2022-06-17T23:58:19,0,119988,0,119988
2022-06-18T00:08:46,0,119988,0,119988
2022-06-18T00:19:16,0,119988,0,119988
2022-06-18T00:29:44,0,119988,0,119988
2022-06-18T00:40:13,0,119988,0,119988
2022-06-18T00:50:42,0,119988,0,119988
2022-06-18T01:01:10,0,119988,0,119988
2022-06-18T01:11:41,0,119988,0,119988
2022-06-18T01:22:16,0,119988,0,119988
2022-06-18T01:32:50,0,119988,0,119988
2022-06-18T01:43:26,0,119988,0,119988
2022-06-18T01:54:10,0,119988,0,119988
2022-06-18T02:04:39,0,119988,0,119988
2022-06-18T02:15:19,0,119988,0,119988
2022-06-18T02:25:57,0,119988,0,119988
2022-06-18T02:36:35,0,119988,0,119988
2022-06-18T02:47:12,0,119988,0,119988
2022-06-18T02:57:48,0,119988,0,119988
2022-06-18T03:08:25,0,119988,0,119988
2022-06-18T03:19:03,0,119988,0,119988
2022-06-18T03:29:38,0,119988,0,119988
2022-06-18T03:40:14,0,119988,0,119988
2022-06-18T03:50:52,0,119988,0,119988
2022-06-18T04:03:53,0,119988,0,119988
2022-06-18T04:22:03,0,119988,0,119988
2022-06-18T04:32:56,0,119988,0,119988
2022-06-18T04:43:27,0,119988,0,119988
2022-06-18T04:53:55,0,119988,0,119988
2022-06-18T05:04:24,0,119988,0,119988
2022-06-18T05:14:53,0,119988,0,119988
2022-06-18T05:25:21,0,119988,0,119988
2022-06-18T05:35:50,0,119988,0,119988
2022-06-18T05:46:18,0,119988,0,119988
2022-06-18T05:56:49,0,119988,0,119988
2022-06-18T06:07:17,0,119988,0,119988
2022-06-18T06:17:45,0,119988,0,119988
2022-06-18T06:28:13,0,119988,0,119988
2022-06-18T06:38:41,0,119988,0,119988
2022-06-18T06:49:08,0,119988,0,119988
2022-06-18T06:59:45,0,119988,0,119988
2022-06-18T07:10:13,0,119988,0,119988
2022-06-18T07:20:41,0,119988,0,119988
2022-06-18T07:31:09,0,119988,0,119988
2022-06-18T07:41:38,0,119988,0,119988
2022-06-18T07:52:06,0,119988,0,119988
2022-06-18T08:02:34,0,119988,0,119988
2022-06-18T08:13:02,0,119988,0,119988
2022-06-18T08:23:30,0,119988,0,119988
2022-06-18T08:33:57,0,119988,0,119988
2022-06-18T08:44:25,0,119988,0,119988
2022-06-18T08:55:05,0,119988,0,119988
2022-06-18T09:05:32,0,119988,0,119988
2022-06-18T09:15:59,0,119988,0,119988
2022-06-18T09:26:27,0,119988,0,119988
2022-06-18T09:36:54,0,119988,0,119988
2022-06-18T09:47:21,0,119988,0,119988
2022-06-18T09:57:49,0,119988,0,119988
2022-06-18T10:08:16,0,119988,0,119988
2022-06-18T10:18:41,0,119988,0,119988
2022-06-18T10:29:07,0,119988,0,119988
2022-06-18T10:39:44,0,119988,0,119988
2022-06-18T10:50:23,0,119988,0,119988
2022-06-18T11:00:50,0,119988,0,119988
2022-06-18T11:11:17,0,119988,0,119988
2022-06-18T11:21:43,0,119988,0,119988
2022-06-18T11:32:09,0,119988,0,119988
2022-06-18T11:42:35,0,119988,0,119988
2022-06-18T11:53:01,0,119988,0,119988
2022-06-18T12:03:27,0,119988,0,119988
2022-06-18T12:13:53,0,119988,0,119988
2022-06-18T12:24:30,0,119988,0,119988
2022-06-18T12:34:56,0,119988,0,119988
2022-06-18T12:45:23,0,119988,0,119988
2022-06-18T12:55:48,0,119988,0,119988
2022-06-18T13:06:14,0,119988,0,119988
2022-06-18T13:16:40,0,119988,0,119988
2022-06-18T13:27:06,0,119988,0,119988
2022-06-18T13:37:32,0,119988,0,119988
2022-06-18T13:47:58,0,119988,0,119988
2022-06-18T13:58:24,0,119988,0,119988
2022-06-18T14:08:57,0,119988,0,119988
2022-06-18T14:19:34,0,119988,0,119988
2022-06-18T14:29:59,0,119988,0,119988
2022-06-18T14:40:25,0,119988,0,119988
2022-06-18T14:50:50,0,119988,0,119988
2022-06-18T15:01:16,0,119988,0,119988
2022-06-18T15:11:42,0,119988,0,119988
2022-06-18T15:22:07,0,119988,0,119988
2022-06-18T15:32:33,0,119988,0,119988
2022-06-18T15:42:58,0,119988,0,119988
2022-06-18T15:53:24,0,119988,0,119988
2022-06-18T16:03:51,0,119988,0,119988
2022-06-18T16:14:27,0,119988,0,119988
2022-06-18T16:24:53,0,119988,0,119988
2022-06-18T16:35:18,0,119988,0,119988
2022-06-18T16:45:44,0,119988,0,119988
2022-06-18T16:56:09,0,119988,0,119988
2022-06-18T17:06:35,0,119988,0,119988
2022-06-18T17:17:01,0,119988,0,119988
2022-06-18T17:27:27,0,119988,0,119988
2022-06-18T17:37:53,0,119988,0,119988
2022-06-18T17:48:19,0,119988,0,119988
2022-06-18T17:58:45,0,119988,0,119988
2022-06-18T18:09:11,0,119988,0,119988
2022-06-18T18:19:46,0,119988,0,119988
2022-06-18T18:30:13,0,119988,0,119988
2022-06-18T18:40:39,0,119988,0,119988
2022-06-18T18:51:05,0,119988,0,119988
2022-06-18T19:01:30,0,119988,0,119988
2022-06-18T19:11:56,0,119988,0,119988
2022-06-18T19:22:25,0,119988,0,119988
2022-06-18T19:32:56,0,119988,0,119988
2022-06-18T19:43:29,0,119988,0,119988
2022-06-18T19:54:00,0,119988,0,119988
2022-06-18T20:04:33,0,119988,0,119988
2022-06-18T20:15:08,0,119988,0,119988
2022-06-18T20:25:42,0,119988,0,119988
2022-06-18T20:36:15,0,119988,0,119988
2022-06-18T20:46:57,0,119988,0,119988
2022-06-18T20:57:31,0,119988,0,119988
2022-06-18T21:07:59,0,119988,0,119988
2022-06-18T21:18:30,0,119988,0,119988
2022-06-18T21:29:02,0,119988,0,119988
2022-06-18T21:39:34,0,119988,0,119988
2022-06-18T21:50:08,0,119988,0,119988
2022-06-18T22:00:41,0,119988,0,119988
2022-06-18T22:11:13,0,119988,0,119988
2022-06-18T22:21:46,0,119988,0,119988
2022-06-18T22:32:19,0,119988,0,119988
2022-06-18T22:43:04,0,119988,0,119988
2022-06-18T22:53:34,0,119988,0,119988
2022-06-18T23:04:04,0,119988,0,119988
2022-06-18T23:14:33,0,119988,0,119988
2022-06-18T23:24:59,0,119988,0,119988
2022-06-18T23:35:25,0,119988,0,119988
2022-06-18T23:45:51,0,119988,0,119988
2022-06-18T23:56:17,0,119988,0,119988
2022-06-19T00:06:44,0,119988,0,119988
2022-06-19T02:24:23,0,119988,0,119988
2022-06-19T02:34:55,0,119988,0,119988
2022-06-19T02:45:23,0,119988,0,119988
2022-06-19T06:52:12,0,119988,0,119988
2022-06-19T07:02:44,0,119988,0,119988
2022-06-19T07:13:12,0,119988,0,119988
2022-06-19T07:23:40,0,119988,0,119988
2022-06-19T07:34:18,0,119988,0,119988
2022-06-19T07:44:45,0,119988,0,119988
2022-06-19T07:55:13,0,119988,0,119988
2022-06-19T08:05:41,0,119988,0,119988
2022-06-19T08:16:07,0,119988,0,119988
2022-06-19T08:26:34,0,119988,0,119988
2022-06-19T08:37:00,0,119988,0,119988
2022-06-19T08:47:25,0,119988,0,119988
2022-06-19T08:57:52,0,119988,0,119988
2022-06-19T09:08:18,0,119988,0,119988
2022-06-19T09:18:44,0,119988,0,119988
2022-06-19T09:29:10,0,119988,0,119988
2022-06-19T09:39:36,0,119988,0,119988
2022-06-19T09:50:03,0,119988,0,119988
2022-06-19T10:00:29,0,119988,0,119988
2022-06-19T10:10:56,0,119988,0,119988
2022-06-19T10:21:22,0,119988,0,119988
2022-06-19T10:31:59,0,119988,0,119988
2022-06-19T10:42:25,0,119988,0,119988
2022-06-19T10:52:54,0,119988,0,119988
2022-06-19T11:03:22,0,119988,0,119988
2022-06-19T11:13:49,0,119988,0,119988
2022-06-19T11:24:16,0,119988,0,119988
2022-06-19T11:34:43,0,119988,0,119988
2022-06-19T11:45:09,0,119988,0,119988
2022-06-19T11:55:35,0,119988,0,119988
2022-06-19T12:06:02,0,119988,0,119988
2022-06-19T12:16:28,0,119988,0,119988
2022-06-19T12:27:05,0,119988,0,119988
2022-06-19T12:37:31,0,119988,0,119988
2022-06-19T12:47:57,0,119988,0,119988
2022-06-19T12:58:23,0,119988,0,119988
2022-06-19T13:08:51,0,119988,0,119988
2022-06-19T13:19:21,0,119988,0,119988
2022-06-19T13:29:52,0,119988,0,119988
2022-06-19T13:40:24,0,119988,0,119988
2022-06-19T13:50:56,0,119988,0,119988
2022-06-19T14:01:27,0,119988,0,119988
2022-06-19T14:11:59,0,119988,0,119988
2022-06-19T14:22:36,0,119988,0,119988
2022-06-19T14:33:24,0,119988,0,119988
2022-06-19T14:44:04,0,119988,0,119988
2022-06-19T14:54:44,0,119988,0,119988
2022-06-19T15:05:24,0,119988,0,119988
2022-06-19T15:16:06,0,119988,0,119988
2022-06-19T15:26:41,0,119988,0,119988
2022-06-19T15:37:16,0,119988,0,119988
2022-06-19T15:47:48,0,119988,0,119988
2022-06-19T15:58:16,0,119988,0,119988
2022-06-19T16:08:45,0,119988,0,119988
2022-06-19T16:19:12,0,119988,0,119988
2022-06-19T16:29:50,0,119988,0,119988
2022-06-19T16:40:16,0,119988,0,119988
2022-06-19T16:50:43,0,119988,0,119988
2022-06-19T17:01:09,0,119988,0,119988
2022-06-19T17:11:35,0,119988,0,119988
2022-06-19T17:22:01,0,119988,0,119988
2022-06-19T17:32:27,0,119988,0,119988
2022-06-19T17:42:52,0,119988,0,119988
2022-06-19T17:53:18,0,119988,0,119988
2022-06-19T18:03:44,0,119988,0,119988
2022-06-19T18:14:10,0,119988,0,119988
2022-06-19T18:24:36,0,119988,0,119988
2022-06-19T18:35:04,0,119988,0,119988
2022-06-19T18:45:40,0,119988,0,119988
2022-06-19T18:56:07,0,119988,0,119988
2022-06-19T19:06:33,0,119988,0,119988
2022-06-19T19:17:00,0,119988,0,119988
2022-06-19T19:27:25,0,119988,0,119988
2022-06-19T19:37:51,0,119988,0,119988
2022-06-19T19:48:19,0,119988,0,119988
2022-06-19T19:58:45,0,119988,0,119988
2022-06-19T20:09:11,0,119988,0,119988
2022-06-19T20:19:37,0,119988,0,119988
2022-06-19T20:30:03,0,119988,0,119988
2022-06-19T20:40:29,0,119988,0,119988
2022-06-19T20:51:07,0,119988,0,119988
2022-06-19T21:01:33,0,119988,0,119988
2022-06-19T21:11:59,0,119988,0,119988
2022-06-19T21:22:26,0,119988,0,119988
2022-06-19T21:32:53,0,119988,0,119988
2022-06-19T21:43:20,0,119988,0,119988
2022-06-19T21:53:47,0,119988,0,119988
2022-06-19T22:04:13,0,119988,0,119988
2022-06-19T22:14:40,0,119988,0,119988
2022-06-19T22:25:07,0,119988,0,119988
2022-06-19T22:35:33,0,119988,0,119988
2022-06-19T22:46:12,0,119988,0,119988
2022-06-19T22:56:38,0,119988,0,119988
2022-06-19T23:07:05,0,119988,0,119988
2022-06-19T23:17:31,0,119988,0,119988
2022-06-19T23:27:58,0,119988,0,119988
2022-06-19T23:38:24,0,119988,0,119988
2022-06-19T23:48:51,0,119988,0,119988
2022-06-19T23:59:17,0,119988,0,119988
2022-06-20T00:09:44,0,119988,0,119988
2022-06-20T00:20:21,0,119988,0,119988
2022-06-20T00:30:50,0,119988,0,119988
2022-06-20T00:41:36,0,119988,0,119988
2022-06-20T00:52:03,0,119988,0,119988
2022-06-20T01:02:30,0,119988,0,119988
2022-06-20T01:13:00,0,119988,0,119988
2022-06-20T01:23:31,0,119988,0,119988
2022-06-20T01:34:00,0,119988,0,119988
2022-06-20T01:44:28,0,119988,0,119988
2022-06-20T01:54:55,0,119988,0,119988
2022-06-20T02:05:32,0,119988,0,119988
2022-06-20T02:15:59,0,119988,0,119988
2022-06-20T02:26:26,0,119988,0,119988
2022-06-20T02:36:54,0,119988,0,119988
2022-06-20T02:47:20,0,119988,0,119988
2022-06-20T02:57:46,0,119988,0,119988
2022-06-20T03:08:13,0,119988,0,119988
2022-06-20T03:18:39,0,119988,0,119988
2022-06-20T03:29:06,0,119988,0,119988
2022-06-20T03:39:33,0,119988,0,119988
2022-06-20T03:50:02,0,119988,0,119988
2022-06-20T04:00:43,0,119988,0,119988
2022-06-20T04:11:11,0,119988,0,119988
2022-06-20T04:25:10,0,119988,0,119988
2022-06-20T04:36:06,0,119988,0,119988
2022-06-20T04:46:36,0,119988,0,119988
2022-06-20T04:57:06,0,119988,0,119988
2022-06-20T05:07:37,0,119988,0,119988
2022-06-20T05:18:06,0,119988,0,119988
2022-06-20T05:28:36,0,119988,0,119988
2022-06-20T05:39:05,0,119988,0,119988
2022-06-20T05:49:33,0,119988,0,119988
2022-06-20T06:00:01,0,119988,0,119988
2022-06-20T06:10:32,0,119988,0,119988
2022-06-20T06:21:00,0,119988,0,119988
2022-06-20T06:31:27,0,119988,0,119988
2022-06-20T06:41:54,0,119988,0,119988
2022-06-20T06:52:21,0,119988,0,119988
2022-06-20T07:02:49,0,119988,0,119988
2022-06-20T07:13:15,0,119988,0,119988
2022-06-20T07:23:41,0,119988,0,119988
2022-06-20T07:34:07,0,119988,0,119988
2022-06-20T07:44:33,0,119988,0,119988
2022-06-20T07:54:58,0,119988,0,119988
2022-06-20T08:05:24,0,119988,0,119988
2022-06-20T08:15:50,0,119988,0,119988
2022-06-20T08:26:27,0,119988,0,119988
2022-06-20T08:36:53,0,119988,0,119988
2022-06-20T08:47:19,0,119988,0,119988
2022-06-20T08:57:45,0,119988,0,119988
2022-06-20T09:08:14,0,119988,0,119988
2022-06-20T09:18:43,0,119988,0,119988
2022-06-20T09:29:14,0,119988,0,119988
2022-06-20T09:39:48,0,119988,0,119988
2022-06-20T09:50:25,0,119988,0,119988
2022-06-20T10:00:58,0,119988,0,119988
2022-06-20T10:11:28,0,119988,0,119988
2022-06-20T10:22:09,0,119988,0,119988
2022-06-20T10:32:58,0,119988,0,119988
2022-06-20T10:43:37,0,119988,0,119988
2022-06-20T10:54:17,0,119988,0,119988
2022-06-20T11:04:54,0,119988,0,119988
2022-06-20T11:15:30,0,119988,0,119988
2022-06-20T11:26:06,0,119988,0,119988
2022-06-20T11:36:40,0,119988,0,119988
2022-06-20T11:47:11,0,119988,0,119988
2022-06-20T11:57:39,0,119988,0,119988
2022-06-20T12:08:08,0,119988,0,119988
2022-06-20T12:18:45,0,119988,0,119988
2022-06-20T12:29:12,0,119988,0,119988
2022-06-20T12:39:38,0,119988,0,119988
2022-06-20T12:50:04,0,119988,0,119988
2022-06-20T13:00:30,0,119988,0,119988
2022-06-20T13:10:56,0,119988,0,119988
2022-06-20T13:21:23,0,119988,0,119988
2022-06-20T13:31:49,0,119988,0,119988
2022-06-20T13:42:15,0,119988,0,119988
2022-06-20T13:52:50,0,119988,0,119988
2022-06-20T14:03:17,0,119988,0,119988
2022-06-20T14:13:43,0,119988,0,119988
2022-06-20T14:24:09,0,119988,0,119988
2022-06-20T14:34:35,0,119988,0,119988
2022-06-20T14:45:01,0,119988,0,119988
2022-06-20T14:55:26,0,119988,0,119988
2022-06-20T15:05:53,0,119988,0,119988
2022-06-20T15:16:19,0,119988,0,119988
2022-06-20T15:26:45,0,119988,0,119988
2022-06-20T15:37:11,0,119988,0,119988
2022-06-20T15:47:49,0,119988,0,119988
2022-06-20T15:58:15,0,119988,0,119988
2022-06-20T16:08:42,0,119988,0,119988
2022-06-20T16:19:08,0,119988,0,119988
2022-06-20T16:29:35,0,119988,0,119988
2022-06-20T16:40:01,0,119988,0,119988
2022-06-20T16:50:33,0,119988,0,119988
2022-06-20T17:01:00,0,119988,0,119988
2022-06-20T17:11:26,0,119988,0,119988
2022-06-20T17:21:55,0,119988,0,119988
2022-06-20T17:32:21,0,119988,0,119988
2022-06-20T17:42:47,0,119988,0,119988
2022-06-20T17:53:14,0,119988,0,119988
2022-06-20T18:03:50,0,119988,0,119988
2022-06-20T18:14:16,0,119988,0,119988
2022-06-20T18:24:42,0,119988,0,119988
2022-06-20T18:35:09,0,119988,0,119988
2022-06-20T18:45:34,0,119988,0,119988
2022-06-20T18:56:00,0,119988,0,119988
2022-06-20T19:06:26,0,119988,0,119988
2022-06-20T19:16:52,0,119988,0,119988
2022-06-20T19:27:18,0,119988,0,119988
2022-06-20T19:37:44,0,119988,0,119988
2022-06-20T19:48:20,0,119988,0,119988
2022-06-20T19:58:46,0,119988,0,119988
2022-06-20T20:09:12,0,119988,0,119988
2022-06-20T20:19:38,0,119988,0,119988
2022-06-20T20:30:04,0,119988,0,119988
2022-06-20T20:40:30,0,119988,0,119988
2022-06-20T20:50:56,0,119988,0,119988
2022-06-20T21:01:22,0,119988,0,119988
2022-06-20T21:11:48,0,119988,0,119988
2022-06-20T21:22:14,0,119988,0,119988
2022-06-20T21:32:52,0,119988,0,119988
2022-06-20T21:43:19,0,119988,0,119988
2022-06-20T21:53:45,0,119988,0,119988
2022-06-20T22:04:11,0,119988,0,119988
2022-06-20T22:14:37,0,119988,0,119988
2022-06-20T22:25:03,0,119988,0,119988
2022-06-20T22:35:31,0,119988,0,119988
2022-06-20T22:45:58,0,119988,0,119988
2022-06-20T22:56:24,0,119988,0,119988
2022-06-20T23:07:12,0,119988,0,119988
2022-06-20T23:17:38,0,119988,0,119988
2022-06-20T23:28:04,0,119988,0,119988
2022-06-20T23:38:30,0,119988,0,119988
2022-06-20T23:48:56,0,119988,0,119988
2022-06-20T23:59:22,0,119988,0,119988
2022-06-21T00:09:49,0,119988,0,119988
2022-06-21T00:20:17,0,119988,0,119988
2022-06-21T00:30:56,0,119988,0,119988
2022-06-21T00:41:23,0,119988,0,119988
2022-06-21T00:51:50,0,119988,0,119988
2022-06-21T01:02:18,0,119988,0,119988
2022-06-21T01:12:46,0,119988,0,119988
2022-06-21T01:23:13,0,119988,0,119988
2022-06-21T01:33:40,0,119988,0,119988
2022-06-21T01:44:07,0,119988,0,119988
2022-06-21T01:54:35,0,119988,0,119988
2022-06-21T02:05:19,0,119988,0,119988
2022-06-21T02:15:47,0,119988,0,119988
2022-06-21T02:26:18,0,119988,0,119988
2022-06-21T02:36:52,0,119988,0,119988
2022-06-21T02:47:26,0,119988,0,119988
2022-06-21T02:57:57,0,119988,0,119988
2022-06-21T03:08:29,0,119988,0,119988
2022-06-21T03:19:02,0,119988,0,119988
2022-06-21T03:29:44,0,119988,0,119988
2022-06-21T03:40:19,0,119988,0,119988
2022-06-21T03:50:57,0,119988,0,119988
2022-06-21T04:01:37,0,119988,0,119988
2022-06-21T04:12:15,0,119988,0,119988
2022-06-21T04:33:09,0,119988,0,119988
2022-06-21T04:44:02,0,119988,0,119988
2022-06-21T04:54:37,0,119988,0,119988
2022-06-21T05:05:13,0,119988,0,119988
2022-06-21T05:15:45,0,119988,0,119988
2022-06-21T05:26:16,0,119988,0,119988
2022-06-21T05:36:48,0,119988,0,119988
2022-06-21T05:47:15,0,119988,0,119988
2022-06-21T05:57:42,0,119988,0,119988
2022-06-21T06:08:14,0,119988,0,119988
2022-06-21T06:18:43,0,119988,0,119988
2022-06-21T06:29:10,0,119988,0,119988
2022-06-21T06:39:36,0,119988,0,119988
2022-06-21T06:50:02,0,119988,0,119988
2022-06-21T07:00:31,0,119988,0,119988
2022-06-21T07:10:58,0,119988,0,119988
2022-06-21T07:21:24,0,119988,0,119988
2022-06-21T07:31:51,0,119988,0,119988
2022-06-21T07:42:17,0,119988,0,119988
2022-06-21T07:52:44,0,119988,0,119988
2022-06-21T08:03:11,0,119988,0,119988
2022-06-21T08:13:38,0,119988,0,119988
2022-06-21T08:24:15,0,119988,0,119988
2022-06-21T08:34:43,0,119988,0,119988
2022-06-21T08:45:11,0,119988,0,119988
2022-06-21T08:55:39,0,119988,0,119988
2022-06-21T09:06:07,0,119988,0,119988
2022-06-21T09:16:34,0,119988,0,119988
2022-06-21T09:27:04,0,119988,0,119988
2022-06-21T09:37:32,0,119988,0,119988
2022-06-21T09:48:01,0,119988,0,119988
2022-06-21T09:58:30,0,119988,0,119988
2022-06-21T10:09:10,0,119988,0,119988
2022-06-21T10:19:38,0,119988,0,119988
2022-06-21T10:30:06,0,119988,0,119988
2022-06-21T10:40:35,0,119988,0,119988
2022-06-21T10:51:03,0,119988,0,119988
2022-06-21T11:01:32,0,119988,0,119988
2022-06-21T11:12:00,0,119988,0,119988
2022-06-21T11:22:29,0,119988,0,119988
2022-06-21T11:33:07,0,119988,0,119988
2022-06-21T11:43:36,0,119988,0,119988
2022-06-21T11:54:04,0,119988,0,119988
2022-06-21T12:04:33,0,119988,0,119988
2022-06-21T12:15:01,0,119988,0,119988
2022-06-21T12:25:31,0,119988,0,119988
2022-06-21T12:36:00,0,119988,0,119988
2022-06-21T12:46:28,0,119988,0,119988
2022-06-21T12:57:08,0,119988,0,119988
2022-06-21T13:07:36,0,119988,0,119988
2022-06-21T13:18:06,0,119988,0,119988
2022-06-21T13:28:36,0,119988,0,119988
2022-06-21T13:39:07,0,119988,0,119988
2022-06-21T13:49:37,0,119988,0,119988
2022-06-21T14:00:06,0,119988,0,119988
2022-06-21T14:10:36,0,119988,0,119988
2022-06-21T14:21:06,0,119988,0,119988
2022-06-21T14:31:35,0,119988,0,119988
2022-06-21T14:42:16,0,119988,0,119988
2022-06-21T14:52:45,0,119988,0,119988
2022-06-21T15:03:14,0,119988,0,119988
2022-06-21T15:13:43,0,119988,0,119988
2022-06-21T15:24:11,0,119988,0,119988
2022-06-21T15:34:41,0,119988,0,119988
2022-06-21T15:45:10,0,119988,0,119988
2022-06-21T15:55:38,0,119988,0,119988
2022-06-21T16:06:18,0,119988,0,119988
2022-06-21T16:16:46,0,119988,0,119988
2022-06-21T16:27:14,0,119988,0,119988
2022-06-21T16:37:42,0,119988,0,119988
2022-06-21T16:48:10,0,119988,0,119988
2022-06-21T16:58:38,0,119988,0,119988
2022-06-21T17:09:07,0,119988,0,119988
2022-06-21T17:19:35,0,119988,0,119988
2022-06-21T17:30:14,0,119988,0,119988
2022-06-21T17:40:41,0,119988,0,119988
2022-06-21T17:51:09,0,119988,0,119988
2022-06-21T18:01:37,0,119988,0,119988
2022-06-21T18:12:04,0,119988,0,119988
2022-06-21T18:22:31,0,119988,0,119988
2022-06-21T18:32:58,0,119988,0,119988
2022-06-21T18:43:26,0,119988,0,119988
2022-06-21T18:54:05,0,119988,0,119988
2022-06-21T19:04:33,0,119988,0,119988
2022-06-21T19:15:00,0,119988,0,119988
2022-06-21T19:25:28,0,119988,0,119988
2022-06-21T19:35:56,0,119988,0,119988
2022-06-21T19:46:23,0,119988,0,119988
2022-06-21T19:56:50,0,119988,0,119988
2022-06-21T20:07:20,0,119988,0,119988
2022-06-21T20:17:59,0,119988,0,119988
2022-06-21T20:28:27,0,119988,0,119988
2022-06-21T20:38:54,0,119988,0,119988
2022-06-21T20:49:22,0,119988,0,119988
2022-06-21T20:59:49,0,119988,0,119988
2022-06-21T21:10:17,0,119988,0,119988
2022-06-21T21:20:45,0,119988,0,119988
2022-06-21T21:31:13,0,119988,0,119988
2022-06-21T21:41:54,0,119988,0,119988
2022-06-21T21:52:21,0,119988,0,119988
2022-06-21T22:02:49,0,119988,0,119988
2022-06-21T22:13:18,0,119988,0,119988
2022-06-21T22:23:46,0,119988,0,119988
2022-06-21T22:34:15,0,119988,0,119988
2022-06-21T22:44:43,0,119988,0,119988
2022-06-21T22:55:11,0,119988,0,119988
2022-06-21T23:05:51,0,119988,0,119988
2022-06-21T23:16:19,0,119988,0,119988
2022-06-21T23:26:47,0,119988,0,119988
2022-06-21T23:37:15,0,119988,0,119988
2022-06-21T23:47:42,0,119988,0,119988
2022-06-21T23:58:08,0,119988,0,119988
2022-06-22T00:08:36,0,119988,0,119988
2022-06-22T00:19:06,0,119988,0,119988
2022-06-22T00:29:35,0,119988,0,119988
2022-06-22T00:40:17,0,119988,0,119988
2022-06-22T00:50:46,0,119988,0,119988
2022-06-22T01:01:16,0,119988,0,119988
2022-06-22T01:11:46,0,119988,0,119988
2022-06-22T01:22:16,0,119988,0,119988
2022-06-22T01:32:46,0,119988,0,119988
2022-06-22T01:43:14,0,119988,0,119988
2022-06-22T01:53:43,0,119988,0,119988
2022-06-22T02:04:12,0,119988,0,119988
2022-06-22T02:14:40,0,119988,0,119988
2022-06-22T02:25:07,0,119988,0,119988
2022-06-22T02:35:36,0,119988,0,119988
2022-06-22T02:46:15,0,119988,0,119988
2022-06-22T02:56:44,0,119988,0,119988
2022-06-22T03:07:12,0,119988,0,119988
2022-06-22T03:17:40,0,119988,0,119988
2022-06-22T03:28:08,0,119988,0,119988
2022-06-22T03:38:35,0,119988,0,119988
2022-06-22T03:49:03,0,119988,0,119988
2022-06-22T03:59:32,0,119988,0,119988
2022-06-22T04:10:01,0,119988,0,119988
2022-06-22T04:29:47,0,119988,0,119988
2022-06-22T04:40:40,0,119988,0,119988
2022-06-22T04:51:10,0,119988,0,119988
2022-06-22T05:01:38,0,119988,0,119988
2022-06-22T05:12:08,0,119988,0,119988
2022-06-22T05:22:36,0,119988,0,119988
2022-06-22T05:34:33,0,119988,0,119988
2022-06-22T05:45:28,0,119988,0,119988
2022-06-22T05:55:58,0,119988,0,119988
2022-06-22T06:06:28,0,119988,0,119988
2022-06-22T06:16:57,0,119988,0,119988
2022-06-22T06:27:26,0,119988,0,119988
2022-06-22T06:37:55,0,119988,0,119988
2022-06-22T06:48:22,0,119988,0,119988
2022-06-22T06:58:51,0,119988,0,119988
2022-06-22T07:09:19,0,119988,0,119988
2022-06-22T07:19:47,0,119988,0,119988
2022-06-22T07:30:14,0,119988,0,119988
2022-06-22T07:40:41,0,119988,0,119988
2022-06-22T07:51:08,0,119988,0,119988
2022-06-22T08:01:45,0,119988,0,119988
2022-06-22T08:12:12,0,119988,0,119988
2022-06-22T08:22:41,0,119988,0,119988
2022-06-22T08:33:08,0,119988,0,119988
2022-06-22T08:43:36,0,119988,0,119988
2022-06-22T08:54:04,0,119988,0,119988
2022-06-22T09:04:31,0,119988,0,119988
2022-06-22T09:14:59,0,119988,0,119988
2022-06-22T09:25:28,0,119988,0,119988
2022-06-22T09:35:59,0,119988,0,119988
2022-06-22T09:46:27,0,119988,0,119988
2022-06-22T09:57:07,0,119988,0,119988
2022-06-22T10:07:36,0,119988,0,119988
2022-06-22T10:18:04,0,119988,0,119988
2022-06-22T10:28:34,0,119988,0,119988
2022-06-22T10:39:04,0,119988,0,119988
2022-06-22T10:49:34,0,119988,0,119988
2022-06-22T11:00:04,0,119988,0,119988
2022-06-22T11:10:33,0,119988,0,119988
2022-06-22T11:21:02,0,119988,0,119988
2022-06-22T11:31:42,0,119988,0,119988
2022-06-22T11:42:11,0,119988,0,119988
2022-06-22T11:52:40,0,119988,0,119988
2022-06-22T12:03:09,0,119988,0,119988
2022-06-22T12:13:40,0,119988,0,119988
2022-06-22T12:24:08,0,119988,0,119988
2022-06-22T12:34:38,0,119988,0,119988
2022-06-22T12:45:10,0,119988,0,119988
2022-06-22T12:55:49,0,119988,0,119988
2022-06-22T13:06:18,0,119988,0,119988
2022-06-22T13:16:47,0,119988,0,119988
2022-06-22T13:27:22,0,119988,0,119988
2022-06-22T13:37:51,0,119988,0,119988
2022-06-22T13:48:22,0,119988,0,119988
2022-06-22T13:58:52,0,119988,0,119988
2022-06-22T14:09:25,0,119988,0,119988
2022-06-22T14:19:55,0,119988,0,119988
2022-06-22T14:30:36,0,119988,0,119988
2022-06-22T14:41:08,0,119988,0,119988
2022-06-22T14:51:39,0,119988,0,119988
2022-06-22T15:02:16,0,119988,0,119988
2022-06-22T15:12:49,0,119988,0,119988
2022-06-22T15:23:23,0,119988,0,119988
2022-06-22T15:33:57,0,119988,0,119988
2022-06-22T15:44:31,0,119988,0,119988
2022-06-22T15:55:20,0,119988,0,119988
2022-06-22T16:05:55,0,119988,0,119988
2022-06-22T16:16:28,0,119988,0,119988
2022-06-22T16:27:06,0,119988,0,119988
2022-06-22T16:37:50,0,119988,0,119988
2022-06-22T16:48:32,0,119988,0,119988
2022-06-22T16:59:11,0,119988,0,119988
2022-06-22T17:09:58,0,119988,0,119988
2022-06-22T17:20:34,0,119988,0,119988
2022-06-22T17:31:19,0,119988,0,119988
2022-06-22T17:41:53,0,119988,0,119988
2022-06-22T17:52:27,0,119988,0,119988
2022-06-22T18:02:58,0,119988,0,119988
2022-06-22T18:13:29,0,119988,0,119988
2022-06-22T18:23:59,0,119988,0,119988
2022-06-22T18:34:26,0,119988,0,119988
2022-06-22T18:44:57,0,119988,0,119988
2022-06-22T18:55:25,0,119988,0,119988
2022-06-22T19:06:03,0,119988,0,119988
2022-06-22T19:16:31,0,119988,0,119988
2022-06-22T19:27:00,0,119988,0,119988
2022-06-22T19:37:28,0,119988,0,119988
2022-06-22T19:47:56,0,119988,0,119988
2022-06-22T19:58:23,0,119988,0,119988
2022-06-22T20:08:51,0,119988,0,119988
2022-06-22T20:19:19,0,119988,0,119988
2022-06-22T20:29:46,0,119988,0,119988
2022-06-22T20:40:13,0,119988,0,119988
2022-06-22T20:50:44,0,119988,0,119988
2022-06-22T21:01:22,0,119988,0,119988
2022-06-22T21:11:50,0,119988,0,119988
2022-06-22T21:22:17,0,119988,0,119988
2022-06-22T21:32:45,0,119988,0,119988
2022-06-22T21:43:13,0,119988,0,119988
2022-06-22T21:53:42,0,119988,0,119988
2022-06-22T22:04:10,0,119988,0,119988
2022-06-22T22:14:38,0,119988,0,119988
2022-06-22T22:25:09,0,119988,0,119988
2022-06-22T22:35:37,0,119988,0,119988
2022-06-22T22:46:16,0,119988,0,119988
2022-06-22T22:56:43,0,119988,0,119988
2022-06-22T23:07:12,0,119988,0,119988
2022-06-22T23:17:41,0,119988,0,119988
2022-06-22T23:28:09,0,119988,0,119988
2022-06-22T23:38:37,0,119988,0,119988
2022-06-22T23:49:05,0,119988,0,119988
2022-06-22T23:59:32,0,119988,0,119988
2022-06-23T00:10:00,0,119988,0,119988
2022-06-23T00:20:32,0,119988,0,119988
2022-06-23T00:31:12,0,119988,0,119988
2022-06-23T00:41:41,0,119988,0,119988
2022-06-23T00:52:11,0,119988,0,119988
2022-06-23T01:02:41,0,119988,0,119988
2022-06-23T01:13:10,0,119988,0,119988
2022-06-23T01:23:39,0,119988,0,119988
2022-06-23T01:34:09,0,119988,0,119988
2022-06-23T01:44:38,0,119988,0,119988
2022-06-23T01:55:07,0,119988,0,119988
2022-06-23T02:05:36,0,119988,0,119988
2022-06-23T02:16:04,0,119988,0,119988
2022-06-23T02:26:31,0,119988,0,119988
2022-06-23T02:36:58,0,119988,0,119988
2022-06-23T02:47:24,0,119988,0,119988
2022-06-23T02:57:50,0,119988,0,119988
2022-06-23T03:08:19,0,119988,0,119988
2022-06-23T03:18:56,0,119988,0,119988
2022-06-23T03:29:23,0,119988,0,119988
2022-06-23T03:39:48,0,119988,0,119988
2022-06-23T03:50:45,0,119988,0,119988
2022-06-23T04:03:23,0,119988,0,119988
2022-06-23T04:13:49,0,119988,0,119988
2022-06-23T04:28:25,0,119988,0,119988
2022-06-23T04:39:17,0,119988,0,119988
2022-06-23T04:49:45,0,119988,0,119988
2022-06-23T05:00:15,0,119988,0,119988
2022-06-23T05:10:47,0,119988,0,119988
2022-06-23T05:21:21,0,119988,0,119988
2022-06-23T05:31:53,0,119988,0,119988
2022-06-23T05:42:25,0,119988,0,119988
2022-06-23T05:53:17,0,119988,0,119988
2022-06-23T06:03:47,0,119988,0,119988
2022-06-23T06:14:18,0,119988,0,119988
2022-06-23T06:24:48,0,119988,0,119988
2022-06-23T06:35:21,0,119988,0,119988
2022-06-23T06:45:51,0,119988,0,119988
2022-06-23T06:56:24,0,119988,0,119988
2022-06-23T07:06:57,0,119988,0,119988
2022-06-23T07:17:26,0,119988,0,119988
2022-06-23T07:27:54,0,119988,0,119988
2022-06-23T07:38:24,0,119988,0,119988
2022-06-23T07:48:59,0,119988,0,119988
2022-06-23T07:59:31,0,119988,0,119988
2022-06-23T08:10:04,0,119988,0,119988
2022-06-23T08:20:40,0,119988,0,119988
2022-06-23T08:31:15,0,119988,0,119988
2022-06-23T08:41:50,0,119988,0,119988
2022-06-23T08:52:37,0,119988,0,119988
2022-06-23T09:03:18,0,119988,0,119988
2022-06-23T09:13:54,0,119988,0,119988
2022-06-23T09:24:28,0,119988,0,119988
2022-06-23T09:35:07,0,119988,0,119988
2022-06-23T09:45:45,0,119988,0,119988
2022-06-23T09:56:25,0,119988,0,119988
2022-06-23T10:07:10,0,119988,0,119988
2022-06-23T10:17:45,0,119988,0,119988
2022-06-23T10:28:21,0,119988,0,119988
2022-06-23T10:38:55,0,119988,0,119988
2022-06-23T10:49:28,0,119988,0,119988
2022-06-23T11:00:14,0,119988,0,119988
2022-06-23T11:10:48,0,119988,0,119988
2022-06-23T11:21:21,0,119988,0,119988
2022-06-23T11:31:52,0,119988,0,119988
2022-06-23T11:42:21,0,119988,0,119988
2022-06-23T11:52:50,0,119988,0,119988
2022-06-23T12:03:19,0,119988,0,119988
2022-06-23T12:13:48,0,119988,0,119988
2022-06-23T12:24:17,0,119988,0,119988
2022-06-23T12:34:48,0,119988,0,119988
2022-06-23T12:45:17,0,119988,0,119988
2022-06-23T12:56:00,0,119988,0,119988
2022-06-23T13:06:29,0,119988,0,119988
2022-06-23T13:17:02,0,119988,0,119988
2022-06-23T13:27:31,0,119988,0,119988
2022-06-23T13:38:00,0,119988,0,119988
2022-06-23T13:48:30,0,119988,0,119988
2022-06-23T13:59:01,0,119988,0,119988
2022-06-23T14:09:30,0,119988,0,119988
2022-06-23T14:20:14,0,119988,0,119988
2022-06-23T14:30:43,0,119988,0,119988
2022-06-23T14:41:12,0,119988,0,119988
2022-06-23T14:51:41,0,119988,0,119988
2022-06-23T15:02:11,0,119988,0,119988
2022-06-23T15:12:40,0,119988,0,119988
2022-06-23T15:23:09,0,119988,0,119988
2022-06-23T15:33:38,0,119988,0,119988
2022-06-23T15:44:19,0,119988,0,119988
2022-06-23T15:54:48,0,119988,0,119988
2022-06-23T16:05:18,0,119988,0,119988
2022-06-23T16:15:47,0,119988,0,119988
2022-06-23T16:26:16,0,119988,0,119988
2022-06-23T16:36:45,0,119988,0,119988
2022-06-23T16:47:14,0,119988,0,119988
2022-06-23T16:57:44,0,119988,0,119988
2022-06-23T17:08:13,0,119988,0,119988
2022-06-23T17:18:52,0,119988,0,119988
2022-06-23T17:29:20,0,119988,0,119988
2022-06-23T17:39:48,0,119988,0,119988
2022-06-23T17:50:16,0,119988,0,119988
2022-06-23T18:00:45,0,119988,0,119988
2022-06-23T18:11:13,0,119988,0,119988
2022-06-23T18:21:42,0,119988,0,119988
2022-06-23T18:32:09,0,119988,0,119988
2022-06-23T18:42:37,0,119988,0,119988
2022-06-23T18:53:05,0,119988,0,119988
2022-06-23T19:03:33,0,119988,0,119988
2022-06-23T19:14:12,0,119988,0,119988
2022-06-23T19:24:40,0,119988,0,119988
2022-06-23T19:35:08,0,119988,0,119988
2022-06-23T19:45:36,0,119988,0,119988
2022-06-23T19:56:04,0,119988,0,119988
2022-06-23T20:06:32,0,119988,0,119988
2022-06-23T20:16:59,0,119988,0,119988
2022-06-23T20:27:27,0,119988,0,119988
2022-06-23T20:37:54,0,119988,0,119988
2022-06-23T20:48:22,0,119988,0,119988
2022-06-23T20:58:49,0,119988,0,119988
2022-06-23T21:09:19,0,119988,0,119988
2022-06-23T21:19:46,0,119988,0,119988
2022-06-23T21:30:25,0,119988,0,119988
2022-06-23T21:40:52,0,119988,0,119988
2022-06-23T21:51:22,0,119988,0,119988
2022-06-23T22:01:50,0,119988,0,119988
2022-06-23T22:12:18,0,119988,0,119988
2022-06-23T22:22:46,0,119988,0,119988
2022-06-23T22:33:14,0,119988,0,119988
2022-06-23T22:43:42,0,119988,0,119988
2022-06-23T22:54:09,0,119988,0,119988
2022-06-23T23:04:50,0,119988,0,119988
2022-06-23T23:15:18,0,119988,0,119988
2022-06-23T23:25:46,0,119988,0,119988
2022-06-23T23:36:14,0,119988,0,119988
2022-06-23T23:46:42,0,119988,0,119988
2022-06-23T23:57:10,0,119988,0,119988
2022-06-24T00:07:39,0,119988,0,119988
2022-06-24T00:18:11,0,119988,0,119988
2022-06-24T00:28:40,0,119988,0,119988
2022-06-24T00:39:10,0,119988,0,119988
2022-06-24T00:49:41,0,119988,0,119988
2022-06-24T01:00:11,0,119988,0,119988
2022-06-24T01:10:42,0,119988,0,119988
2022-06-24T01:21:13,0,119988,0,119988
2022-06-24T01:31:54,0,119988,0,119988
2022-06-24T01:42:22,0,119988,0,119988
2022-06-24T01:52:57,0,119988,0,119988
2022-06-24T02:03:30,0,119988,0,119988
2022-06-24T02:14:03,0,119988,0,119988
2022-06-24T02:24:38,0,119988,0,119988
2022-06-24T02:35:13,0,119988,0,119988
2022-06-24T02:45:49,0,119988,0,119988
2022-06-24T02:56:23,0,119988,0,119988
2022-06-24T03:07:08,0,119988,0,119988
2022-06-24T03:17:45,0,119988,0,119988
2022-06-24T03:28:23,0,119988,0,119988
2022-06-24T03:39:04,0,119988,0,119988
2022-06-24T03:49:42,0,119988,0,119988
2022-06-24T04:00:22,0,119988,0,119988
2022-06-24T04:10:57,0,119988,0,119988
2022-06-24T04:37:23,0,119988,0,119988
2022-06-24T04:47:58,0,119988,0,119988
2022-06-24T04:58:33,0,119988,0,119988
2022-06-24T05:09:06,0,119988,0,119988
2022-06-24T05:19:37,0,119988,0,119988
2022-06-24T05:30:07,0,119988,0,119988
2022-06-24T05:40:41,0,119988,0,119988
2022-06-24T05:51:10,0,119988,0,119988
2022-06-24T06:01:40,0,119988,0,119988
2022-06-24T06:12:11,0,119988,0,119988
2022-06-24T06:22:41,0,119988,0,119988
2022-06-24T06:33:11,0,119988,0,119988
2022-06-24T06:43:41,0,119988,0,119988
2022-06-24T06:54:10,0,119988,0,119988
2022-06-24T07:04:42,0,119988,0,119988
2022-06-24T07:15:12,0,119988,0,119988
2022-06-24T07:25:40,0,119988,0,119988
2022-06-24T07:36:08,0,119988,0,119988
2022-06-24T07:46:36,0,119988,0,119988
2022-06-24T07:57:04,0,119988,0,119988
2022-06-24T08:07:32,0,119988,0,119988
2022-06-24T08:18:00,0,119988,0,119988
2022-06-24T08:28:29,0,119988,0,119988
2022-06-24T08:38:58,0,119988,0,119988
2022-06-24T08:49:37,0,119988,0,119988
2022-06-24T09:00:06,0,119988,0,119988
2022-06-24T09:10:34,0,119988,0,119988
2022-06-24T09:21:03,0,119988,0,119988
2022-06-24T09:31:31,0,119988,0,119988
2022-06-24T09:42:05,0,119988,0,119988
2022-06-24T09:52:33,0,119988,0,119988
2022-06-24T10:03:03,0,119988,0,119988
2022-06-24T10:13:37,0,119988,0,119988
2022-06-24T10:24:16,0,119988,0,119988
2022-06-24T10:34:46,0,119988,0,119988
2022-06-24T10:45:14,0,119988,0,119988
2022-06-24T10:55:44,0,119988,0,119988
2022-06-24T11:06:14,0,119988,0,119988
2022-06-24T11:16:44,0,119988,0,119988
2022-06-24T11:27:12,0,119988,0,119988
2022-06-24T11:37:41,0,119988,0,119988
2022-06-24T11:48:11,0,119988,0,119988
2022-06-24T11:58:52,0,119988,0,119988
2022-06-24T12:09:21,0,119988,0,119988
2022-06-24T12:19:50,0,119988,0,119988
2022-06-24T12:30:19,0,119988,0,119988
2022-06-24T12:40:48,0,119988,0,119988
2022-06-24T12:51:16,0,119988,0,119988
2022-06-24T13:01:45,0,119988,0,119988
2022-06-24T13:12:14,0,119988,0,119988
2022-06-24T13:22:43,0,119988,0,119988
2022-06-24T13:33:25,0,119988,0,119988
2022-06-24T13:43:54,0,119988,0,119988
2022-06-24T13:54:24,0,119988,0,119988
2022-06-24T14:04:55,0,119988,0,119988
2022-06-24T14:15:24,0,119988,0,119988
2022-06-24T14:25:53,0,119988,0,119988
2022-06-24T14:36:27,0,119988,0,119988
2022-06-24T14:46:56,0,119988,0,119988
2022-06-24T14:57:36,0,119988,0,119988
2022-06-24T15:08:05,0,119988,0,119988
2022-06-24T15:18:34,0,119988,0,119988
2022-06-24T15:29:03,0,119988,0,119988
2022-06-24T15:39:33,0,119988,0,119988
2022-06-24T15:50:01,0,119988,0,119988
2022-06-24T16:00:31,0,119988,0,119988
2022-06-24T16:10:59,0,119988,0,119988
2022-06-24T16:21:28,0,119988,0,119988
2022-06-24T16:31:57,0,119988,0,119988
2022-06-24T16:42:25,0,119988,0,119988
2022-06-24T16:52:53,0,119988,0,119988
2022-06-24T17:03:34,0,119988,0,119988
2022-06-24T17:14:02,0,119988,0,119988
2022-06-24T17:24:31,0,119988,0,119988
2022-06-24T17:34:58,0,119988,0,119988
2022-06-24T17:45:26,0,119988,0,119988
2022-06-24T17:55:53,0,119988,0,119988
2022-06-24T18:06:21,0,119988,0,119988
2022-06-24T18:16:49,0,119988,0,119988
2022-06-24T18:27:17,0,119988,0,119988
2022-06-24T18:37:44,0,119988,0,119988
2022-06-24T18:48:12,0,119988,0,119988
2022-06-24T18:58:39,0,119988,0,119988
2022-06-24T19:09:07,0,119988,0,119988
2022-06-24T19:19:35,0,119988,0,119988
2022-06-24T19:30:03,0,119988,0,119988
2022-06-24T19:40:41,0,119988,0,119988
2022-06-24T19:51:08,0,119988,0,119988
2022-06-24T20:01:36,0,119988,0,119988
2022-06-24T20:12:03,0,119988,0,119988
2022-06-24T20:22:31,0,119988,0,119988
2022-06-24T20:32:58,0,119988,0,119988
2022-06-24T20:43:26,0,119988,0,119988
2022-06-24T20:53:53,0,119988,0,119988
2022-06-24T21:04:20,0,119988,0,119988
2022-06-24T21:14:48,0,119988,0,119988
2022-06-24T21:25:15,0,119988,0,119988
2022-06-24T21:35:54,0,119988,0,119988
2022-06-24T21:46:23,0,119988,0,119988
2022-06-24T21:56:50,0,119988,0,119988
2022-06-24T22:07:18,0,119988,0,119988
2022-06-24T22:17:46,0,119988,0,119988
2022-06-24T22:28:14,0,119988,0,119988
2022-06-24T22:38:44,0,119988,0,119988
2022-06-24T22:49:13,0,119988,0,119988
2022-06-24T22:59:41,0,119988,0,119988
2022-06-24T23:10:10,0,119988,0,119988
2022-06-24T23:20:37,0,119988,0,119988
2022-06-24T23:31:17,0,119988,0,119988
2022-06-24T23:41:44,0,119988,0,119988
2022-06-24T23:52:11,0,119988,0,119988
2022-06-25T00:02:40,0,119988,0,119988
2022-06-25T00:13:17,0,119988,0,119988
2022-06-25T00:23:47,0,119988,0,119988
2022-06-25T00:34:17,0,119988,0,119988
2022-06-25T00:44:46,0,119988,0,119988
2022-06-25T00:55:16,0,119988,0,119988
2022-06-25T01:05:48,0,119988,0,119988
2022-06-25T01:16:18,0,119988,0,119988
2022-06-25T01:26:47,0,119988,0,119988
2022-06-25T01:37:16,0,119988,0,119988
2022-06-25T01:47:46,0,119988,0,119988
2022-06-25T01:58:26,0,119988,0,119988
2022-06-25T02:08:55,0,119988,0,119988
2022-06-25T02:19:23,0,119988,0,119988
2022-06-25T02:29:52,0,119988,0,119988
2022-06-25T02:40:21,0,119988,0,119988
2022-06-25T02:50:48,0,119988,0,119988
2022-06-25T03:01:15,0,119988,0,119988
2022-06-25T03:11:42,0,119988,0,119988
2022-06-25T03:22:09,0,119988,0,119988
2022-06-25T03:32:36,0,119988,0,119988
2022-06-25T03:43:04,0,119988,0,119988
2022-06-25T03:53:33,0,119988,0,119988
2022-06-25T04:04:03,0,119988,0,119988
2022-06-25T04:21:47,0,119988,0,119988
2022-06-25T04:32:41,0,119988,0,119988
2022-06-25T04:43:13,0,119988,0,119988
2022-06-25T04:53:44,0,119988,0,119988
2022-06-25T05:04:14,0,119988,0,119988
2022-06-25T05:14:45,0,119988,0,119988
2022-06-25T05:25:17,0,119988,0,119988
2022-06-25T05:35:47,0,119988,0,119988
2022-06-25T05:46:17,0,119988,0,119988
2022-06-25T05:56:47,0,119988,0,119988
2022-06-25T06:07:16,0,119988,0,119988
2022-06-25T06:17:46,0,119988,0,119988
2022-06-25T06:28:16,0,119988,0,119988
2022-06-25T06:38:46,0,119988,0,119988
2022-06-25T06:49:26,0,119988,0,119988
2022-06-25T06:59:59,0,119988,0,119988
2022-06-25T07:10:29,0,119988,0,119988
2022-06-25T07:20:59,0,119988,0,119988
2022-06-25T07:31:28,0,119988,0,119988
2022-06-25T07:41:57,0,119988,0,119988
2022-06-25T07:52:27,0,119988,0,119988
2022-06-25T08:02:59,0,119988,0,119988
2022-06-25T08:13:38,0,119988,0,119988
2022-06-25T08:24:07,0,119988,0,119988
2022-06-25T08:34:36,0,119988,0,119988
2022-06-25T08:45:05,0,119988,0,119988
2022-06-25T08:55:34,0,119988,0,119988
2022-06-25T09:06:03,0,119988,0,119988
2022-06-25T09:16:31,0,119988,0,119988
2022-06-25T09:27:01,0,119988,0,119988
2022-06-25T09:37:40,0,119988,0,119988
2022-06-25T09:48:09,0,119988,0,119988
2022-06-25T09:58:37,0,119988,0,119988
2022-06-25T10:09:04,0,119988,0,119988
2022-06-25T10:19:31,0,119988,0,119988
2022-06-25T10:30:00,0,119988,0,119988
2022-06-25T10:40:26,0,119988,0,119988
2022-06-25T10:50:54,0,119988,0,119988
2022-06-25T11:01:31,0,119988,0,119988
2022-06-25T11:11:58,0,119988,0,119988
2022-06-25T11:22:25,0,119988,0,119988
2022-06-25T11:32:52,0,119988,0,119988
2022-06-25T11:43:19,0,119988,0,119988
2022-06-25T11:53:47,0,119988,0,119988
2022-06-25T12:04:24,0,119988,0,119988
2022-06-25T12:14:52,0,119988,0,119988
2022-06-25T12:25:19,0,119988,0,119988
2022-06-25T12:35:46,0,119988,0,119988
2022-06-25T12:46:13,0,119988,0,119988
2022-06-25T12:56:40,0,119988,0,119988
2022-06-25T13:07:08,0,119988,0,119988
2022-06-25T13:17:35,0,119988,0,119988
2022-06-25T13:28:02,0,119988,0,119988
2022-06-25T13:38:30,0,119988,0,119988
2022-06-25T13:48:57,0,119988,0,119988
2022-06-25T13:59:24,0,119988,0,119988
2022-06-25T14:09:51,0,119988,0,119988
2022-06-25T14:20:28,0,119988,0,119988
2022-06-25T14:30:56,0,119988,0,119988
2022-06-25T14:41:22,0,119988,0,119988
2022-06-25T14:51:50,0,119988,0,119988
2022-06-25T15:02:17,0,119988,0,119988
2022-06-25T15:12:44,0,119988,0,119988
2022-06-25T15:23:13,0,119988,0,119988
2022-06-25T15:33:40,0,119988,0,119988
2022-06-25T15:44:07,0,119988,0,119988
2022-06-25T15:54:34,0,119988,0,119988
2022-06-25T16:05:01,0,119988,0,119988
2022-06-25T16:15:28,0,119988,0,119988
2022-06-25T16:25:56,0,119988,0,119988
2022-06-25T16:36:24,0,119988,0,119988
2022-06-25T16:47:00,0,119988,0,119988
2022-06-25T16:57:27,0,119988,0,119988
2022-06-25T17:07:55,0,119988,0,119988
2022-06-25T17:18:23,0,119988,0,119988
2022-06-25T17:28:50,0,119988,0,119988
2022-06-25T17:39:17,0,119988,0,119988
2022-06-25T17:49:45,0,119988,0,119988
2022-06-25T18:00:12,0,119988,0,119988
2022-06-25T18:10:42,0,119988,0,119988
2022-06-25T18:21:09,0,119988,0,119988
2022-06-25T18:31:36,0,119988,0,119988
2022-06-25T18:42:04,0,119988,0,119988
2022-06-25T18:52:31,0,119988,0,119988
2022-06-25T19:02:58,0,119988,0,119988
2022-06-25T19:13:25,0,119988,0,119988
2022-06-25T19:23:53,0,119988,0,119988
2022-06-25T19:34:20,0,119988,0,119988
2022-06-25T19:44:47,0,119988,0,119988
2022-06-25T19:55:25,0,119988,0,119988
2022-06-25T20:05:52,0,119988,0,119988
2022-06-25T20:16:20,0,119988,0,119988
2022-06-25T20:26:47,0,119988,0,119988
2022-06-25T20:37:15,0,119988,0,119988
2022-06-25T20:47:41,0,119988,0,119988
2022-06-25T20:58:08,0,119988,0,119988
2022-06-25T21:08:36,0,119988,0,119988
2022-06-25T21:19:03,0,119988,0,119988
2022-06-25T21:29:30,0,119988,0,119988
2022-06-25T21:39:57,0,119988,0,119988
2022-06-25T21:50:25,0,119988,0,119988
2022-06-25T22:00:53,0,119988,0,119988
2022-06-25T22:11:20,0,119988,0,119988
2022-06-25T22:21:48,0,119988,0,119988
2022-06-25T22:32:15,0,119988,0,119988
2022-06-25T22:42:43,0,119988,0,119988
2022-06-25T22:53:10,0,119988,0,119988
2022-06-25T23:03:38,0,119988,0,119988
2022-06-25T23:14:06,0,119988,0,119988
2022-06-25T23:24:44,0,119988,0,119988
2022-06-25T23:35:12,0,119988,0,119988
2022-06-25T23:45:39,0,119988,0,119988
2022-06-25T23:56:06,0,119988,0,119988
2022-06-26T00:06:34,0,119988,0,119988
2022-06-26T00:17:04,0,119988,0,119988
2022-06-26T00:27:32,0,119988,0,119988
2022-06-26T00:38:00,0,119988,0,119988
2022-06-26T00:48:27,0,119988,0,119988
2022-06-26T00:58:54,0,119988,0,119988
2022-06-26T01:09:32,0,119988,0,119988
2022-06-26T01:19:59,0,119988,0,119988
2022-06-26T01:30:26,0,119988,0,119988
2022-06-26T01:40:53,0,119988,0,119988
2022-06-26T01:51:20,0,119988,0,119988
2022-06-26T02:01:47,0,119988,0,119988
2022-06-26T02:12:14,0,119988,0,119988
2022-06-26T02:22:41,0,119988,0,119988
2022-06-26T02:33:14,0,119988,0,119988
2022-06-26T02:43:45,0,119988,0,119988
2022-06-26T02:54:15,0,119988,0,119988
2022-06-26T03:04:54,0,119988,0,119988
2022-06-26T03:15:35,0,119988,0,119988
2022-06-26T03:26:05,0,119988,0,119988
2022-06-26T03:36:35,0,119988,0,119988
2022-06-26T03:47:06,0,119988,0,119988
2022-06-26T03:57:36,0,119988,0,119988
2022-06-26T04:08:07,0,119988,0,119988
2022-06-26T04:34:44,0,119988,0,119988
2022-06-26T04:45:16,0,119988,0,119988
2022-06-26T04:55:46,0,119988,0,119988
2022-06-26T05:06:19,0,119988,0,119988
2022-06-26T05:16:50,0,119988,0,119988
2022-06-26T05:27:20,0,119988,0,119988
2022-06-26T05:37:48,0,119988,0,119988
2022-06-26T05:48:18,0,119988,0,119988
2022-06-26T05:58:47,0,119988,0,119988
2022-06-26T06:09:17,0,119988,0,119988
2022-06-26T06:19:51,0,119988,0,119988
2022-06-26T06:30:21,0,119988,0,119988
2022-06-26T06:40:51,0,119988,0,119988
2022-06-26T06:51:19,0,119988,0,119988
2022-06-26T07:01:49,0,119988,0,119988
2022-06-26T07:12:17,0,119988,0,119988
2022-06-26T07:22:51,0,119988,0,119988
2022-06-26T07:33:22,0,119988,0,119988
2022-06-26T07:43:55,0,119988,0,119988
2022-06-26T07:54:32,0,119988,0,119988
2022-06-26T08:05:08,0,119988,0,119988
2022-06-26T08:15:44,0,119988,0,119988
2022-06-26T08:26:33,0,119988,0,119988
2022-06-26T08:37:09,0,119988,0,119988
2022-06-26T08:47:43,0,119988,0,119988
2022-06-26T08:58:20,0,119988,0,119988
2022-06-26T09:08:51,0,119988,0,119988
2022-06-26T09:19:23,0,119988,0,119988
2022-06-26T09:30:00,0,119988,0,119988
2022-06-26T09:40:35,0,119988,0,119988
2022-06-26T09:51:11,0,119988,0,119988
2022-06-26T10:01:47,0,119988,0,119988
2022-06-26T10:12:24,0,119988,0,119988
2022-06-26T10:23:00,0,119988,0,119988
2022-06-26T10:33:37,0,119988,0,119988
2022-06-26T10:44:12,0,119988,0,119988
2022-06-26T10:54:44,0,119988,0,119988
2022-06-26T11:05:16,0,119988,0,119988
2022-06-26T11:15:58,0,119988,0,119988
2022-06-26T11:26:25,0,119988,0,119988
2022-06-26T11:36:52,0,119988,0,119988
2022-06-26T11:47:19,0,119988,0,119988
2022-06-26T11:57:46,0,119988,0,119988
2022-06-26T12:08:13,0,119988,0,119988
2022-06-26T12:18:41,0,119988,0,119988
2022-06-26T12:29:08,0,119988,0,119988
2022-06-26T12:39:36,0,119988,0,119988
2022-06-26T12:50:03,0,119988,0,119988
2022-06-26T13:00:40,0,119988,0,119988
2022-06-26T13:11:07,0,119988,0,119988
2022-06-26T13:21:34,0,119988,0,119988
2022-06-26T13:32:02,0,119988,0,119988
2022-06-26T13:42:28,0,119988,0,119988
2022-06-26T13:52:56,0,119988,0,119988
2022-06-26T14:03:23,0,119988,0,119988
2022-06-26T14:13:50,0,119988,0,119988
2022-06-26T14:24:17,0,119988,0,119988
2022-06-26T14:34:44,0,119988,0,119988
2022-06-26T14:45:11,0,119988,0,119988
2022-06-26T14:55:38,0,119988,0,119988
2022-06-26T15:06:07,0,119988,0,119988
2022-06-26T15:16:45,0,119988,0,119988
2022-06-26T15:27:12,0,119988,0,119988
2022-06-26T15:37:39,0,119988,0,119988
2022-06-26T15:48:06,0,119988,0,119988
2022-06-26T15:58:33,0,119988,0,119988
2022-06-26T16:09:00,0,119988,0,119988
2022-06-26T16:19:28,0,119988,0,119988
2022-06-26T16:29:56,0,119988,0,119988
2022-06-26T16:40:23,0,119988,0,119988
2022-06-26T16:50:51,0,119988,0,119988
2022-06-26T17:01:19,0,119988,0,119988
2022-06-26T17:11:46,0,119988,0,119988
2022-06-26T17:22:23,0,119988,0,119988
2022-06-26T17:32:51,0,119988,0,119988
2022-06-26T17:43:18,0,119988,0,119988
2022-06-26T17:53:46,0,119988,0,119988
2022-06-26T18:04:14,0,119988,0,119988
2022-06-26T18:14:41,0,119988,0,119988
2022-06-26T18:25:09,0,119988,0,119988
2022-06-26T18:35:36,0,119988,0,119988
2022-06-26T18:46:03,0,119988,0,119988
2022-06-26T18:56:31,0,119988,0,119988
2022-06-26T19:06:58,0,119988,0,119988
2022-06-26T19:17:36,0,119988,0,119988
2022-06-26T19:28:03,0,119988,0,119988
2022-06-26T19:38:30,0,119988,0,119988
2022-06-26T19:48:58,0,119988,0,119988
2022-06-26T19:59:25,0,119988,0,119988
2022-06-26T20:09:53,0,119988,0,119988
2022-06-26T20:20:20,0,119988,0,119988
2022-06-26T20:30:47,0,119988,0,119988
2022-06-26T20:41:14,0,119988,0,119988
2022-06-26T20:51:42,0,119988,0,119988
2022-06-26T21:02:20,0,119988,0,119988
2022-06-26T21:12:47,0,119988,0,119988
2022-06-26T21:23:15,0,119988,0,119988
2022-06-26T21:33:43,0,119988,0,119988
2022-06-26T21:44:11,0,119988,0,119988
2022-06-26T21:54:38,0,119988,0,119988
2022-06-26T22:05:06,0,119988,0,119988
2022-06-26T22:15:34,0,119988,0,119988
2022-06-26T22:26:12,0,119988,0,119988
2022-06-26T22:36:40,0,119988,0,119988
2022-06-26T22:47:08,0,119988,0,119988
2022-06-26T22:57:35,0,119988,0,119988
2022-06-26T23:08:04,0,119988,0,119988
2022-06-26T23:18:32,0,119988,0,119988
2022-06-26T23:29:01,0,119988,0,119988
2022-06-26T23:39:29,0,119988,0,119988
2022-06-26T23:49:57,0,119988,0,119988
2022-06-27T00:00:26,0,119988,0,119988
2022-06-27T00:10:55,0,119988,0,119988
2022-06-27T00:21:38,0,119988,0,119988
2022-06-27T00:32:07,0,119988,0,119988
2022-06-27T00:42:35,0,119988,0,119988
2022-06-27T00:53:04,0,119988,0,119988
2022-06-27T01:03:33,0,119988,0,119988
2022-06-27T01:14:00,0,119988,0,119988
2022-06-27T01:24:36,0,119988,0,119988
2022-06-27T01:35:07,0,119988,0,119988
2022-06-27T01:45:37,0,119988,0,119988
2022-06-27T01:56:07,0,119988,0,119988
2022-06-27T02:06:52,0,119988,0,119988
2022-06-27T02:17:22,0,119988,0,119988
2022-06-27T02:28:03,0,119988,0,119988
2022-06-27T02:38:32,0,119988,0,119988
2022-06-27T02:49:00,0,119988,0,119988
2022-06-27T02:59:28,0,119988,0,119988
2022-06-27T03:09:56,0,119988,0,119988
2022-06-27T03:20:24,0,119988,0,119988
2022-06-27T03:30:52,0,119988,0,119988
2022-06-27T03:41:21,0,119988,0,119988
2022-06-27T03:51:51,0,119988,0,119988
2022-06-27T04:02:21,0,119988,0,119988
2022-06-27T04:21:51,0,119988,0,119988
2022-06-27T04:33:47,0,119988,0,119988
2022-06-27T04:44:39,0,119988,0,119988
2022-06-27T04:55:10,0,119988,0,119988
2022-06-27T05:05:42,0,119988,0,119988
2022-06-27T05:16:13,0,119988,0,119988
2022-06-27T05:26:44,0,119988,0,119988
2022-06-27T05:37:14,0,119988,0,119988
2022-06-27T05:47:44,0,119988,0,119988
2022-06-27T05:58:14,0,119988,0,119988
2022-06-27T06:08:43,0,119988,0,119988
2022-06-27T06:19:13,0,119988,0,119988
2022-06-27T06:29:42,0,119988,0,119988
2022-06-27T06:40:10,0,119988,0,119988
2022-06-27T06:50:38,0,119988,0,119988
2022-06-27T07:01:06,0,119988,0,119988
2022-06-27T07:11:35,0,119988,0,119988
2022-06-27T07:22:03,0,119988,0,119988
2022-06-27T07:32:32,0,119988,0,119988
2022-06-27T07:43:02,0,119988,0,119988
2022-06-27T07:53:30,0,119988,0,119988
2022-06-27T08:04:16,0,119988,0,119988
2022-06-27T08:14:45,0,119988,0,119988
2022-06-27T08:25:15,0,119988,0,119988
2022-06-27T08:35:44,0,119988,0,119988
2022-06-27T08:46:13,0,119988,0,119988
2022-06-27T08:56:42,0,119988,0,119988
2022-06-27T09:07:12,0,119988,0,119988
2022-06-27T09:17:42,0,119988,0,119988
2022-06-27T09:28:24,0,119988,0,119988
2022-06-27T09:38:56,0,119988,0,119988
2022-06-27T09:49:27,0,119988,0,119988
2022-06-27T09:59:59,0,119988,0,119988
2022-06-27T10:10:31,0,119988,0,119988
2022-06-27T10:21:02,0,119988,0,119988
2022-06-27T10:31:36,0,119988,0,119988
2022-06-27T10:42:21,0,119988,0,119988
2022-06-27T10:52:54,0,119988,0,119988
2022-06-27T11:03:25,0,119988,0,119988
2022-06-27T11:13:57,0,119988,0,119988
2022-06-27T11:24:27,0,119988,0,119988
2022-06-27T11:35:09,0,119988,0,119988
2022-06-27T11:45:40,0,119988,0,119988
2022-06-27T11:56:10,0,119988,0,119988
2022-06-27T12:06:41,0,119988,0,119988
2022-06-27T12:17:12,0,119988,0,119988
2022-06-27T12:27:53,0,119988,0,119988
2022-06-27T12:38:23,0,119988,0,119988
2022-06-27T12:48:53,0,119988,0,119988
2022-06-27T12:59:23,0,119988,0,119988
2022-06-27T13:09:53,0,119988,0,119988
2022-06-27T13:20:23,0,119988,0,119988
2022-06-27T13:30:53,0,119988,0,119988
2022-06-27T13:41:42,0,119988,0,119988
2022-06-27T13:52:12,0,119988,0,119988
2022-06-27T14:02:43,0,119988,0,119988
2022-06-27T14:13:12,0,119988,0,119988
2022-06-27T14:23:43,0,119988,0,119988
2022-06-27T14:34:12,0,119988,0,119988
2022-06-27T14:44:43,0,119988,0,119988
2022-06-27T14:55:24,0,119988,0,119988
2022-06-27T15:05:54,0,119988,0,119988
2022-06-27T15:16:24,0,119988,0,119988
2022-06-27T15:26:53,0,119988,0,119988
2022-06-27T15:37:23,0,119988,0,119988
2022-06-27T15:47:53,0,119988,0,119988
2022-06-27T15:58:22,0,119988,0,119988
2022-06-27T16:08:51,0,119988,0,119988
2022-06-27T16:19:30,0,119988,0,119988
2022-06-27T16:30:00,0,119988,0,119988
2022-06-27T16:40:29,0,119988,0,119988
2022-06-27T16:50:57,0,119988,0,119988
2022-06-27T17:01:26,0,119988,0,119988
2022-06-27T17:11:56,0,119988,0,119988
2022-06-27T17:22:25,0,119988,0,119988
2022-06-27T17:32:53,0,119988,0,119988
2022-06-27T17:43:31,0,119988,0,119988
2022-06-27T17:53:59,0,119988,0,119988
2022-06-27T18:04:27,0,119988,0,119988
2022-06-27T18:14:56,0,119988,0,119988
2022-06-27T18:25:27,0,119988,0,119988
2022-06-27T18:35:59,0,119988,0,119988
2022-06-27T18:46:33,0,119988,0,119988
2022-06-27T18:57:07,0,119988,0,119988
2022-06-27T19:07:40,0,119988,0,119988
2022-06-27T19:18:34,0,119988,0,119988
2022-06-27T19:29:07,0,119988,0,119988
2022-06-27T19:39:41,0,119988,0,119988
2022-06-27T19:50:17,0,119988,0,119988
2022-06-27T20:00:54,0,119988,0,119988
2022-06-27T20:11:31,0,119988,0,119988
2022-06-27T20:22:08,0,119988,0,119988
2022-06-27T20:32:45,0,119988,0,119988
2022-06-27T20:43:22,0,119988,0,119988
2022-06-27T20:53:55,0,119988,0,119988
2022-06-27T21:04:36,0,119988,0,119988
2022-06-27T21:15:05,0,119988,0,119988
2022-06-27T21:25:34,0,119988,0,119988
2022-06-27T21:36:03,0,119988,0,119988
2022-06-27T21:46:31,0,119988,0,119988
2022-06-27T21:56:59,0,119988,0,119988
2022-06-27T22:07:26,0,119988,0,119988
2022-06-27T22:17:54,0,119988,0,119988
2022-06-27T22:28:22,0,119988,0,119988
2022-06-27T22:38:50,0,119988,0,119988
2022-06-27T22:49:30,0,119988,0,119988
2022-06-27T22:59:57,0,119988,0,119988
2022-06-27T23:10:26,0,119988,0,119988
2022-06-27T23:20:54,0,119988,0,119988
2022-06-27T23:31:22,0,119988,0,119988
2022-06-27T23:41:50,0,119988,0,119988
2022-06-27T23:52:17,0,119988,0,119988
2022-06-28T00:02:45,0,119988,0,119988
2022-06-28T00:13:16,0,119988,0,119988
2022-06-28T00:24:07,0,119988,0,119988
2022-06-28T00:34:37,0,119988,0,119988
2022-06-28T00:45:08,0,119988,0,119988
2022-06-28T00:55:38,0,119988,0,119988
2022-06-28T01:06:07,0,119988,0,119988
2022-06-28T01:16:37,0,119988,0,119988
2022-06-28T01:27:06,0,119988,0,119988
2022-06-28T01:37:36,0,119988,0,119988
2022-06-28T01:48:16,0,119988,0,119988
2022-06-28T01:58:45,0,119988,0,119988
2022-06-28T02:09:14,0,119988,0,119988
2022-06-28T02:19:43,0,119988,0,119988
2022-06-28T02:30:11,0,119988,0,119988
2022-06-28T02:40:38,0,119988,0,119988
2022-06-28T02:51:05,0,119988,0,119988
2022-06-28T03:01:32,0,119988,0,119988
2022-06-28T03:12:00,0,119988,0,119988
2022-06-28T03:22:27,0,119988,0,119988
2022-06-28T03:32:54,0,119988,0,119988
2022-06-28T03:43:24,0,119988,0,119988
2022-06-28T03:54:04,0,119988,0,119988
2022-06-28T04:04:35,0,119988,0,119988
2022-06-28T04:15:05,0,119988,0,119988
2022-06-28T04:29:55,0,119988,0,119988
2022-06-28T04:41:50,0,119988,0,119988
2022-06-28T04:52:22,0,119988,0,119988
2022-06-28T05:02:53,0,119988,0,119988
2022-06-28T05:13:23,0,119988,0,119988
2022-06-28T05:23:56,0,119988,0,119988
2022-06-28T05:34:26,0,119988,0,119988
2022-06-28T05:44:54,0,119988,0,119988
2022-06-28T05:55:24,0,119988,0,119988
2022-06-28T06:05:53,0,119988,0,119988
2022-06-28T06:16:23,0,119988,0,119988
2022-06-28T06:26:52,0,119988,0,119988
2022-06-28T06:37:21,0,119988,0,119988
2022-06-28T06:47:50,0,119988,0,119988
2022-06-28T06:58:20,0,119988,0,119988
2022-06-28T07:08:50,0,119988,0,119988
2022-06-28T07:19:19,0,119988,0,119988
2022-06-28T07:29:49,0,119988,0,119988
2022-06-28T07:40:28,0,119988,0,119988
2022-06-28T07:50:57,0,119988,0,119988
2022-06-28T08:01:27,0,119988,0,119988
2022-06-28T08:11:56,0,119988,0,119988
2022-06-28T08:22:26,0,119988,0,119988
2022-06-28T08:32:55,0,119988,0,119988
2022-06-28T08:43:25,0,119988,0,119988
2022-06-28T08:53:55,0,119988,0,119988
2022-06-28T09:04:25,0,119988,0,119988
2022-06-28T09:14:55,0,119988,0,119988
2022-06-28T09:25:25,0,119988,0,119988
2022-06-28T09:35:56,0,119988,0,119988
2022-06-28T09:46:36,0,119988,0,119988
2022-06-28T09:57:07,0,119988,0,119988
2022-06-28T10:07:37,0,119988,0,119988
2022-06-28T10:18:08,0,119988,0,119988
2022-06-28T10:28:43,0,119988,0,119988
2022-06-28T10:39:19,0,119988,0,119988
2022-06-28T10:49:52,0,119988,0,119988
2022-06-28T11:00:37,0,119988,0,119988
2022-06-28T11:11:11,0,119988,0,119988
2022-06-28T11:21:47,0,119988,0,119988
2022-06-28T11:32:24,0,119988,0,119988
2022-06-28T11:42:59,0,119988,0,119988
2022-06-28T11:53:35,0,119988,0,119988
2022-06-28T12:04:15,0,119988,0,119988
2022-06-28T12:15:20,0,119988,0,119988
2022-06-28T12:26:00,0,119988,0,119988
2022-06-28T12:36:42,0,119988,0,119988
2022-06-28T12:47:28,0,119988,0,119988
2022-06-28T12:58:07,0,119988,0,119988
2022-06-28T13:08:42,0,119988,0,119988
2022-06-28T13:19:18,0,119988,0,119988
2022-06-28T13:30:05,0,119988,0,119988
2022-06-28T13:40:39,0,119988,0,119988
2022-06-28T13:51:13,0,119988,0,119988
2022-06-28T14:01:44,0,119988,0,119988
2022-06-28T14:12:15,0,119988,0,119988
2022-06-28T14:22:45,0,119988,0,119988
2022-06-28T14:33:28,0,119988,0,119988
2022-06-28T14:43:57,0,119988,0,119988
2022-06-28T14:54:28,0,119988,0,119988
2022-06-28T15:04:57,0,119988,0,119988
2022-06-28T15:15:27,0,119988,0,119988
2022-06-28T15:25:56,0,119988,0,119988
2022-06-28T15:36:26,0,119988,0,119988
2022-06-28T15:46:56,0,119988,0,119988
2022-06-28T15:57:37,0,119988,0,119988
2022-06-28T16:08:07,0,119988,0,119988
2022-06-28T16:18:36,0,119988,0,119988
2022-06-28T16:29:05,0,119988,0,119988
2022-06-28T16:39:35,0,119988,0,119988
2022-06-28T16:50:26,0,119988,0,119988
2022-06-28T17:00:55,0,119988,0,119988
2022-06-28T17:11:24,0,119988,0,119988
2022-06-28T17:21:53,0,119988,0,119988
2022-06-28T17:32:22,0,119988,0,119988
2022-06-28T17:42:50,0,119988,0,119988
2022-06-28T17:53:18,0,119988,0,119988
2022-06-28T18:03:47,0,119988,0,119988
2022-06-28T18:14:26,0,119988,0,119988
2022-06-28T18:24:55,0,119988,0,119988
2022-06-28T18:35:23,0,119988,0,119988
2022-06-28T18:45:52,0,119988,0,119988
2022-06-28T18:56:20,0,119988,0,119988
2022-06-28T19:06:49,0,119988,0,119988
2022-06-28T19:17:28,0,119988,0,119988
2022-06-28T19:27:56,0,119988,0,119988
2022-06-28T19:38:24,0,119988,0,119988
2022-06-28T19:48:54,0,119988,0,119988
2022-06-28T19:59:22,0,119988,0,119988
2022-06-28T20:09:50,0,119988,0,119988
2022-06-28T20:20:19,0,119988,0,119988
2022-06-28T20:30:47,0,119988,0,119988
2022-06-28T20:41:15,0,119988,0,119988
2022-06-28T20:51:54,0,119988,0,119988
2022-06-28T21:02:22,0,119988,0,119988
2022-06-28T21:12:50,0,119988,0,119988
2022-06-28T21:23:18,0,119988,0,119988
2022-06-28T21:33:47,0,119988,0,119988
2022-06-28T21:44:15,0,119988,0,119988
2022-06-28T21:54:43,0,119988,0,119988
2022-06-28T22:05:11,0,119988,0,119988
2022-06-28T22:15:39,0,119988,0,119988
2022-06-28T22:26:07,0,119988,0,119988
2022-06-28T22:36:36,0,119988,0,119988
2022-06-28T22:47:15,0,119988,0,119988
2022-06-28T22:57:43,0,119988,0,119988
2022-06-28T23:08:12,0,119988,0,119988
2022-06-28T23:18:41,0,119988,0,119988
2022-06-28T23:29:09,0,119988,0,119988
2022-06-28T23:39:37,0,119988,0,119988
2022-06-28T23:50:05,0,119988,0,119988
2022-06-29T00:00:33,0,119988,0,119988
2022-06-29T00:11:03,0,119988,0,119988
2022-06-29T00:21:44,0,119988,0,119988
2022-06-29T00:32:14,0,119988,0,119988
2022-06-29T00:42:45,0,119988,0,119988
2022-06-29T00:53:16,0,119988,0,119988
2022-06-29T01:03:47,0,119988,0,119988
2022-06-29T01:14:18,0,119988,0,119988
2022-06-29T01:24:49,0,119988,0,119988
2022-06-29T01:35:19,0,119988,0,119988
2022-06-29T01:45:49,0,119988,0,119988
2022-06-29T01:56:29,0,119988,0,119988
2022-06-29T02:06:58,0,119988,0,119988
2022-06-29T02:17:28,0,119988,0,119988
2022-06-29T02:27:56,0,119988,0,119988
2022-06-29T02:38:24,0,119988,0,119988
2022-06-29T02:48:52,0,119988,0,119988
2022-06-29T02:59:20,0,119988,0,119988
2022-06-29T03:09:48,0,119988,0,119988
2022-06-29T03:20:27,0,119988,0,119988
2022-06-29T03:30:54,0,119988,0,119988
2022-06-29T03:41:22,0,119988,0,119988
2022-06-29T03:51:52,0,119988,0,119988
2022-06-29T04:02:21,0,119988,0,119988
2022-06-29T04:25:12,0,119988,0,119988
2022-06-29T04:36:06,0,119988,0,119988
2022-06-29T04:46:37,0,119988,0,119988
2022-06-29T04:57:09,0,119988,0,119988
2022-06-29T05:07:48,0,119988,0,119988
2022-06-29T05:18:18,0,119988,0,119988
2022-06-29T05:28:48,0,119988,0,119988
2022-06-29T05:41:05,0,119988,0,119988
2022-06-29T05:51:35,0,119988,0,119988
2022-06-29T06:02:05,0,119988,0,119988
2022-06-29T06:12:35,0,119988,0,119988
2022-06-29T06:23:06,0,119988,0,119988
2022-06-29T06:33:36,0,119988,0,119988
2022-06-29T06:44:06,0,119988,0,119988
2022-06-29T06:54:37,0,119988,0,119988
2022-06-29T07:05:17,0,119988,0,119988
2022-06-29T07:15:47,0,119988,0,119988
2022-06-29T07:26:17,0,119988,0,119988
2022-06-29T07:36:47,0,119988,0,119988
2022-06-29T07:47:17,0,119988,0,119988
2022-06-29T07:57:48,0,119988,0,119988
2022-06-29T08:08:19,0,119988,0,119988
2022-06-29T08:18:50,0,119988,0,119988
2022-06-29T08:29:21,0,119988,0,119988
2022-06-29T08:39:51,0,119988,0,119988
2022-06-29T08:50:21,0,119988,0,119988
2022-06-29T09:00:51,0,119988,0,119988
2022-06-29T09:11:20,0,119988,0,119988
2022-06-29T09:21:50,0,119988,0,119988
2022-06-29T09:32:20,0,119988,0,119988
2022-06-29T09:43:01,0,119988,0,119988
2022-06-29T09:53:31,0,119988,0,119988
2022-06-29T10:04:02,0,119988,0,119988
2022-06-29T10:14:33,0,119988,0,119988
2022-06-29T10:25:04,0,119988,0,119988
2022-06-29T10:35:33,0,119988,0,119988
2022-06-29T10:46:03,0,119988,0,119988
2022-06-29T10:56:34,0,119988,0,119988
2022-06-29T11:07:17,0,119988,0,119988
2022-06-29T11:17:47,0,119988,0,119988
2022-06-29T11:28:17,0,119988,0,119988
2022-06-29T11:38:47,0,119988,0,119988
2022-06-29T11:49:18,0,119988,0,119988
2022-06-29T11:59:49,0,119988,0,119988
2022-06-29T12:10:21,0,119988,0,119988
2022-06-29T12:20:50,0,119988,0,119988
2022-06-29T12:31:32,0,119988,0,119988
2022-06-29T12:42:01,0,119988,0,119988
2022-06-29T12:52:30,0,119988,0,119988
2022-06-29T13:03:00,0,119988,0,119988
2022-06-29T13:13:29,0,119988,0,119988
2022-06-29T13:23:59,0,119988,0,119988
2022-06-29T13:34:29,0,119988,0,119988
2022-06-29T13:44:59,0,119988,0,119988
2022-06-29T13:55:30,0,119988,0,119988
2022-06-29T14:06:00,0,119988,0,119988
2022-06-29T14:16:41,0,119988,0,119988
2022-06-29T14:27:12,0,119988,0,119988
2022-06-29T14:37:42,0,119988,0,119988
2022-06-29T14:48:12,0,119988,0,119988
2022-06-29T14:58:43,0,119988,0,119988
2022-06-29T15:09:13,0,119988,0,119988
2022-06-29T15:19:44,0,119988,0,119988
2022-06-29T15:30:25,0,119988,0,119988
2022-06-29T15:40:56,0,119988,0,119988
2022-06-29T15:51:26,0,119988,0,119988
2022-06-29T16:01:55,0,119988,0,119988
2022-06-29T16:12:27,0,119988,0,119988
2022-06-29T16:22:56,0,119988,0,119988
2022-06-29T16:33:26,0,119988,0,119988
2022-06-29T16:43:55,0,119988,0,119988
2022-06-29T16:54:24,0,119988,0,119988
2022-06-29T17:05:04,0,119988,0,119988
2022-06-29T17:15:34,0,119988,0,119988
2022-06-29T17:26:03,0,119988,0,119988
2022-06-29T17:36:31,0,119988,0,119988
2022-06-29T17:47:01,0,119988,0,119988
2022-06-29T17:57:30,0,119988,0,119988
2022-06-29T18:08:00,0,119988,0,119988
2022-06-29T18:18:29,0,119988,0,119988
2022-06-29T18:29:09,0,119988,0,119988
2022-06-29T18:39:38,0,119988,0,119988
2022-06-29T18:50:07,0,119988,0,119988
2022-06-29T19:00:35,0,119988,0,119988
2022-06-29T19:11:04,0,119988,0,119988
2022-06-29T19:21:33,0,119988,0,119988
2022-06-29T19:32:02,0,119988,0,119988
2022-06-29T19:42:31,0,119988,0,119988
2022-06-29T19:53:00,0,119988,0,119988
2022-06-29T20:03:39,0,119988,0,119988
2022-06-29T20:14:07,0,119988,0,119988
2022-06-29T20:24:37,0,119988,0,119988
2022-06-29T20:35:06,0,119988,0,119988
2022-06-29T20:45:35,0,119988,0,119988
2022-06-29T20:56:03,0,119988,0,119988
2022-06-29T21:06:32,0,119988,0,119988
2022-06-29T21:17:00,0,119988,0,119988
2022-06-29T21:27:39,0,119988,0,119988
2022-06-29T21:38:08,0,119988,0,119988
2022-06-29T21:48:37,0,119988,0,119988
2022-06-29T21:59:06,0,119988,0,119988
2022-06-29T22:09:35,0,119988,0,119988
2022-06-29T22:20:03,0,119988,0,119988
2022-06-29T22:30:32,0,119988,0,119988
2022-06-29T22:41:01,0,119988,0,119988
2022-06-29T22:51:30,0,119988,0,119988
2022-06-29T23:02:10,0,119988,0,119988
2022-06-29T23:12:40,0,119988,0,119988
2022-06-29T23:23:09,0,119988,0,119988
2022-06-29T23:33:38,0,119988,0,119988
2022-06-29T23:44:06,0,119988,0,119988
2022-06-29T23:54:35,0,119988,0,119988
2022-06-30T00:05:05,0,119988,0,119988
2022-06-30T00:15:35,0,119988,0,119988
2022-06-30T00:26:06,0,119988,0,119988
2022-06-30T00:36:36,0,119988,0,119988
2022-06-30T00:47:08,0,119988,0,119988
2022-06-30T00:57:39,0,119988,0,119988
2022-06-30T01:08:10,0,119988,0,119988
2022-06-30T01:18:51,0,119988,0,119988
2022-06-30T01:29:21,0,119988,0,119988
2022-06-30T01:39:51,0,119988,0,119988
2022-06-30T01:50:22,0,119988,0,119988
2022-06-30T02:00:52,0,119988,0,119988
2022-06-30T02:11:21,0,119988,0,119988
2022-06-30T02:22:00,0,119988,0,119988
2022-06-30T02:32:29,0,119988,0,119988
2022-06-30T02:42:57,0,119988,0,119988
2022-06-30T02:53:25,0,119988,0,119988
2022-06-30T03:03:52,0,119988,0,119988
2022-06-30T03:14:21,0,119988,0,119988
2022-06-30T03:24:49,0,119988,0,119988
2022-06-30T03:35:17,0,119988,0,119988
2022-06-30T03:45:48,0,119988,0,119988
2022-06-30T03:56:20,0,119988,0,119988
2022-06-30T04:09:09,0,119988,0,119988
2022-06-30T04:30:04,0,119988,0,119988
2022-06-30T04:40:36,0,119988,0,119988
2022-06-30T04:51:08,0,119988,0,119988
2022-06-30T05:01:40,0,119988,0,119988
2022-06-30T05:12:12,0,119988,0,119988
2022-06-30T05:22:43,0,119988,0,119988
2022-06-30T05:33:13,0,119988,0,119988
2022-06-30T05:43:44,0,119988,0,119988
2022-06-30T05:54:20,0,119988,0,119988
2022-06-30T06:04:50,0,119988,0,119988
2022-06-30T06:15:21,0,119988,0,119988
2022-06-30T06:25:52,0,119988,0,119988
2022-06-30T06:36:23,0,119988,0,119988
2022-06-30T06:47:02,0,119988,0,119988
2022-06-30T06:57:40,0,119988,0,119988
2022-06-30T07:08:25,0,119988,0,119988
2022-06-30T07:19:04,0,119988,0,119988
2022-06-30T07:29:49,0,119988,0,119988
2022-06-30T07:40:34,0,119988,0,119988
2022-06-30T07:51:15,0,119988,0,119988
2022-06-30T08:01:59,0,119988,0,119988
2022-06-30T08:12:43,0,119988,0,119988
2022-06-30T08:23:21,0,119988,0,119988
2022-06-30T08:33:53,0,119988,0,119988
2022-06-30T08:44:25,0,119988,0,119988
2022-06-30T08:55:03,0,119988,0,119988
2022-06-30T09:05:42,0,119988,0,119988
2022-06-30T09:16:21,0,119988,0,119988
2022-06-30T09:27:01,0,119988,0,119988
2022-06-30T09:37:51,0,119988,0,119988
2022-06-30T09:48:30,0,119988,0,119988
2022-06-30T09:59:08,0,119988,0,119988
2022-06-30T10:09:47,0,119988,0,119988
2022-06-30T10:20:24,0,119988,0,119988
2022-06-30T10:30:58,0,119988,0,119988
2022-06-30T10:41:33,0,119988,0,119988
2022-06-30T10:52:04,0,119988,0,119988
2022-06-30T11:02:35,0,119988,0,119988
2022-06-30T11:13:18,0,119988,0,119988
2022-06-30T11:23:48,0,119988,0,119988
2022-06-30T11:34:18,0,119988,0,119988
2022-06-30T11:44:48,0,119988,0,119988
2022-06-30T11:55:18,0,119988,0,119988
2022-06-30T12:05:49,0,119988,0,119988
2022-06-30T12:16:21,0,119988,0,119988
2022-06-30T12:27:02,0,119988,0,119988
2022-06-30T12:37:33,0,119988,0,119988
2022-06-30T12:48:03,0,119988,0,119988
2022-06-30T12:58:34,0,119988,0,119988
2022-06-30T13:09:05,0,119988,0,119988
2022-06-30T13:19:36,0,119988,0,119988
2022-06-30T13:30:07,0,119988,0,119988
2022-06-30T13:40:38,0,119988,0,119988
2022-06-30T13:51:19,0,119988,0,119988
2022-06-30T14:01:52,0,119988,0,119988
2022-06-30T14:12:23,0,119988,0,119988
2022-06-30T14:22:54,0,119988,0,119988
2022-06-30T14:33:26,0,119988,0,119988
2022-06-30T14:43:57,0,119988,0,119988
2022-06-30T14:54:28,0,119988,0,119988
2022-06-30T15:04:59,0,119988,0,119988
2022-06-30T15:15:30,0,119988,0,119988
2022-06-30T15:26:11,0,119988,0,119988
2022-06-30T15:36:42,0,119988,0,119988
2022-06-30T15:47:13,0,119988,0,119988
2022-06-30T15:57:43,0,119988,0,119988
2022-06-30T16:08:14,0,119988,0,119988
2022-06-30T16:18:45,0,119988,0,119988
2022-06-30T16:29:15,0,119988,0,119988
2022-06-30T16:39:45,0,119988,0,119988
2022-06-30T16:50:27,0,119988,0,119988
2022-06-30T17:00:56,0,119988,0,119988
2022-06-30T17:11:27,0,119988,0,119988
2022-06-30T17:21:57,0,119988,0,119988
2022-06-30T17:32:26,0,119988,0,119988
2022-06-30T17:42:56,0,119988,0,119988
2022-06-30T17:53:26,0,119988,0,119988
2022-06-30T18:03:56,0,119988,0,119988
2022-06-30T18:14:26,0,119988,0,119988
2022-06-30T18:24:56,0,119988,0,119988
2022-06-30T18:35:25,0,119988,0,119988
2022-06-30T18:46:06,0,119988,0,119988
2022-06-30T18:56:36,0,119988,0,119988
2022-06-30T19:07:05,0,119988,0,119988
2022-06-30T19:17:34,0,119988,0,119988
2022-06-30T19:28:03,0,119988,0,119988
2022-06-30T19:38:33,0,119988,0,119988
2022-06-30T19:49:01,0,119988,0,119988
2022-06-30T19:59:31,0,119988,0,119988
2022-06-30T20:10:00,0,119988,0,119988
2022-06-30T20:20:30,0,119988,0,119988
2022-06-30T20:30:59,0,119988,0,119988
2022-06-30T20:41:30,0,119988,0,119988
2022-06-30T20:51:59,0,119988,0,119988
2022-06-30T21:02:41,0,119988,0,119988
2022-06-30T21:13:11,0,119988,0,119988
2022-06-30T21:23:40,0,119988,0,119988
2022-06-30T21:34:09,0,119988,0,119988
2022-06-30T21:44:39,0,119988,0,119988
2022-06-30T21:55:08,0,119988,0,119988
2022-06-30T22:05:37,0,119988,0,119988
2022-06-30T22:16:06,0,119988,0,119988
2022-06-30T22:26:35,0,119988,0,119988
2022-06-30T22:37:05,0,119988,0,119988
2022-06-30T22:47:35,0,119988,0,119988
2022-06-30T22:58:14,0,119988,0,119988
2022-06-30T23:08:44,0,119988,0,119988
2022-06-30T23:19:14,0,119988,0,119988
2022-06-30T23:29:44,0,119988,0,119988
2022-06-30T23:40:13,0,119988,0,119988
2022-06-30T23:50:43,0,119988,0,119988
2022-07-01T00:01:12,0,119988,0,119988
2022-07-01T00:11:44,0,119988,0,119988
2022-07-01T00:22:22,0,119988,0,119988
2022-07-01T00:32:53,0,119988,0,119988
2022-07-01T00:43:36,0,119988,0,119988
2022-07-01T00:54:08,0,119988,0,119988
2022-07-01T01:04:40,0,119988,0,119988
2022-07-01T01:15:12,0,119988,0,119988
2022-07-01T01:25:44,0,119988,0,119988
2022-07-01T01:36:17,0,119988,0,119988
2022-07-01T01:46:48,0,119988,0,119988
2022-07-01T01:57:22,0,119988,0,119988
2022-07-01T02:07:54,0,119988,0,119988
2022-07-01T02:18:25,0,119988,0,119988
2022-07-01T02:29:07,0,119988,0,119988
2022-07-01T02:39:38,0,119988,0,119988
2022-07-01T02:50:08,0,119988,0,119988
2022-07-01T03:00:37,0,119988,0,119988
2022-07-01T03:11:07,0,119988,0,119988
2022-07-01T03:21:36,0,119988,0,119988
2022-07-01T03:32:06,0,119988,0,119988
2022-07-01T03:42:37,0,119988,0,119988
2022-07-01T03:53:09,0,119988,0,119988
2022-07-01T04:03:40,0,119988,0,119988
2022-07-01T04:19:17,0,119988,0,119988
2022-07-01T04:31:00,0,119988,0,119988
2022-07-01T04:41:48,0,119988,0,119988
2022-07-01T04:52:23,0,119988,0,119988
2022-07-01T05:02:56,0,119988,0,119988
2022-07-01T05:13:28,0,119988,0,119988
2022-07-01T05:24:00,0,119988,0,119988
2022-07-01T05:34:32,0,119988,0,119988
2022-07-01T05:45:04,0,119988,0,119988
2022-07-01T05:55:34,0,119988,0,119988
2022-07-01T06:06:07,0,119988,0,119988
2022-07-01T06:16:36,0,119988,0,119988
2022-07-01T06:27:05,0,119988,0,119988
2022-07-01T06:37:34,0,119988,0,119988
2022-07-01T06:48:03,0,119988,0,119988
2022-07-01T06:58:33,0,119988,0,119988
2022-07-01T07:09:03,0,119988,0,119988
2022-07-01T07:19:33,0,119988,0,119988
2022-07-01T07:30:03,0,119988,0,119988
2022-07-01T07:40:33,0,119988,0,119988
2022-07-01T07:51:02,0,119988,0,119988
2022-07-01T08:01:42,0,119988,0,119988
2022-07-01T08:12:12,0,119988,0,119988
2022-07-01T08:22:43,0,119988,0,119988
2022-07-01T08:33:14,0,119988,0,119988
2022-07-01T08:43:45,0,119988,0,119988
2022-07-01T08:54:15,0,119988,0,119988
2022-07-01T09:04:46,0,119988,0,119988
2022-07-01T09:15:16,0,119988,0,119988
2022-07-01T09:25:48,0,119988,0,119988
2022-07-01T09:36:20,0,119988,0,119988
2022-07-01T09:46:51,0,119988,0,119988
2022-07-01T09:57:22,0,119988,0,119988
2022-07-01T10:07:53,0,119988,0,119988
2022-07-01T10:18:35,0,119988,0,119988
2022-07-01T10:29:05,0,119988,0,119988
2022-07-01T10:39:36,0,119988,0,119988
2022-07-01T10:50:07,0,119988,0,119988
2022-07-01T11:00:38,0,119988,0,119988
2022-07-01T11:11:09,0,119988,0,119988
2022-07-01T11:21:41,0,119988,0,119988
2022-07-01T11:32:11,0,119988,0,119988
2022-07-01T11:42:42,0,119988,0,119988
2022-07-01T11:53:13,0,119988,0,119988
2022-07-01T12:03:44,0,119988,0,119988
2022-07-01T12:14:26,0,119988,0,119988
2022-07-01T12:24:56,0,119988,0,119988
2022-07-01T12:35:27,0,119988,0,119988
2022-07-01T12:45:57,0,119988,0,119988
2022-07-01T12:56:27,0,119988,0,119988
2022-07-01T13:06:58,0,119988,0,119988
2022-07-01T13:17:28,0,119988,0,119988
2022-07-01T13:27:59,0,119988,0,119988
2022-07-01T13:38:31,0,119988,0,119988
2022-07-01T13:49:12,0,119988,0,119988
2022-07-01T13:59:43,0,119988,0,119988
2022-07-01T14:10:14,0,119988,0,119988
2022-07-01T14:20:45,0,119988,0,119988
2022-07-01T14:31:16,0,119988,0,119988
2022-07-01T14:41:47,0,119988,0,119988
2022-07-01T14:52:18,0,119988,0,119988
2022-07-01T15:02:49,0,119988,0,119988
2022-07-01T15:13:20,0,119988,0,119988
2022-07-01T15:23:50,0,119988,0,119988
2022-07-01T15:34:20,0,119988,0,119988
2022-07-01T15:45:02,0,119988,0,119988
2022-07-01T15:55:33,0,119988,0,119988
2022-07-01T16:06:04,0,119988,0,119988
2022-07-01T16:16:34,0,119988,0,119988
2022-07-01T16:27:04,0,119988,0,119988
2022-07-01T16:37:34,0,119988,0,119988
2022-07-01T16:48:03,0,119988,0,119988
2022-07-01T16:58:33,0,119988,0,119988
2022-07-01T17:09:03,0,119988,0,119988
2022-07-01T17:19:34,0,119988,0,119988
2022-07-01T17:30:03,0,119988,0,119988
2022-07-01T17:40:32,0,119988,0,119988
2022-07-01T17:51:13,0,119988,0,119988
2022-07-01T18:01:42,0,119988,0,119988
2022-07-01T18:12:11,0,119988,0,119988
2022-07-01T18:22:40,0,119988,0,119988
2022-07-01T18:33:10,0,119988,0,119988
2022-07-01T18:43:39,0,119988,0,119988
2022-07-01T18:54:09,0,119988,0,119988
2022-07-01T19:04:37,0,119988,0,119988
2022-07-01T19:15:07,0,119988,0,119988
2022-07-01T19:25:36,0,119988,0,119988
2022-07-01T19:36:06,0,119988,0,119988
2022-07-01T19:46:37,0,119988,0,119988
2022-07-01T19:57:06,0,119988,0,119988
2022-07-01T20:07:46,0,119988,0,119988
2022-07-01T20:18:15,0,119988,0,119988
2022-07-01T20:28:45,0,119988,0,119988
2022-07-01T20:39:13,0,119988,0,119988
2022-07-01T20:49:42,0,119988,0,119988
2022-07-01T21:00:11,0,119988,0,119988
2022-07-01T21:10:40,0,119988,0,119988
2022-07-01T21:21:09,0,119988,0,119988
2022-07-01T21:31:38,0,119988,0,119988
2022-07-01T21:42:08,0,119988,0,119988
2022-07-01T21:52:37,0,119988,0,119988
2022-07-01T22:03:16,0,119988,0,119988
2022-07-01T22:13:45,0,119988,0,119988
2022-07-01T22:24:15,0,119988,0,119988
2022-07-01T22:34:44,0,119988,0,119988
2022-07-01T22:45:13,0,119988,0,119988
2022-07-01T22:55:42,0,119988,0,119988
2022-07-01T23:06:13,0,119988,0,119988
2022-07-01T23:16:44,0,119988,0,119988
2022-07-01T23:27:13,0,119988,0,119988
2022-07-01T23:37:42,0,119988,0,119988
2022-07-01T23:48:11,0,119988,0,119988
2022-07-01T23:58:40,0,119988,0,119988
2022-07-02T00:09:11,0,119988,0,119988
2022-07-02T00:19:54,0,119988,0,119988
2022-07-02T00:30:25,0,119988,0,119988
2022-07-02T00:40:56,0,119988,0,119988
2022-07-02T00:51:29,0,119988,0,119988
2022-07-02T01:02:03,0,119988,0,119988
2022-07-02T01:12:35,0,119988,0,119988
2022-07-02T01:23:07,0,119988,0,119988
2022-07-02T01:33:39,0,119988,0,119988
2022-07-02T01:50:27,0,119988,0,119988
2022-07-02T02:10:57,0,119988,0,119988
2022-07-02T02:24:45,0,119988,0,119988
2022-07-02T02:35:15,0,119988,0,119988
2022-07-02T02:45:45,0,119988,0,119988
2022-07-02T02:56:15,0,119988,0,119988
2022-07-02T03:06:45,0,119988,0,119988
2022-07-02T03:17:14,0,119988,0,119988
2022-07-02T03:27:43,0,119988,0,119988
2022-07-02T03:38:23,0,119988,0,119988
2022-07-02T03:48:53,0,119988,0,119988
2022-07-02T03:59:24,0,119988,0,119988
2022-07-02T04:09:55,0,119988,0,119988
2022-07-02T04:26:20,0,119988,0,119988
2022-07-02T04:37:09,0,119988,0,119988
2022-07-02T04:47:42,0,119988,0,119988
2022-07-02T04:58:13,0,119988,0,119988
2022-07-02T05:08:43,0,119988,0,119988
2022-07-02T05:19:15,0,119988,0,119988
2022-07-02T05:29:48,0,119988,0,119988
2022-07-02T05:40:19,0,119988,0,119988
2022-07-02T05:50:49,0,119988,0,119988
2022-07-02T06:01:19,0,119988,0,119988
2022-07-02T06:11:50,0,119988,0,119988
2022-07-02T06:22:21,0,119988,0,119988
2022-07-02T06:32:51,0,119988,0,119988
2022-07-02T06:43:22,0,119988,0,119988
2022-07-02T06:53:52,0,119988,0,119988
2022-07-02T07:04:23,0,119988,0,119988
2022-07-02T07:14:55,0,119988,0,119988
2022-07-02T07:25:27,0,119988,0,119988
2022-07-02T07:35:58,0,119988,0,119988
2022-07-02T07:46:39,0,119988,0,119988
2022-07-02T07:57:09,0,119988,0,119988
2022-07-02T08:07:40,0,119988,0,119988
2022-07-02T08:18:11,0,119988,0,119988
2022-07-02T08:28:41,0,119988,0,119988
2022-07-02T08:39:12,0,119988,0,119988
2022-07-02T08:49:42,0,119988,0,119988
2022-07-02T09:00:13,0,119988,0,119988
2022-07-02T09:10:42,0,119988,0,119988
2022-07-02T09:21:11,0,119988,0,119988
2022-07-02T09:31:46,0,119988,0,119988
2022-07-02T09:42:16,0,119988,0,119988
2022-07-02T09:53:00,0,119988,0,119988
2022-07-02T10:03:31,0,119988,0,119988
2022-07-02T10:14:01,0,119988,0,119988
2022-07-02T10:24:31,0,119988,0,119988
2022-07-02T10:35:01,0,119988,0,119988
2022-07-02T10:45:31,0,119988,0,119988
2022-07-02T10:56:01,0,119988,0,119988
2022-07-02T11:06:30,0,119988,0,119988
2022-07-02T11:17:01,0,119988,0,119988
2022-07-02T11:27:43,0,119988,0,119988
2022-07-02T11:38:15,0,119988,0,119988
2022-07-02T11:48:46,0,119988,0,119988
2022-07-02T11:59:16,0,119988,0,119988
2022-07-02T12:09:46,0,119988,0,119988
2022-07-02T12:20:18,0,119988,0,119988
2022-07-02T12:30:48,0,119988,0,119988
2022-07-02T12:41:19,0,119988,0,119988
2022-07-02T12:51:50,0,119988,0,119988
2022-07-02T13:02:21,0,119988,0,119988
2022-07-02T13:12:51,0,119988,0,119988
2022-07-02T13:23:22,0,119988,0,119988
2022-07-02T13:33:51,0,119988,0,119988
2022-07-02T13:44:22,0,119988,0,119988
2022-07-02T13:54:52,0,119988,0,119988
2022-07-02T14:05:23,0,119988,0,119988
2022-07-02T14:15:54,0,119988,0,119988
2022-07-02T14:26:35,0,119988,0,119988
2022-07-02T14:37:04,0,119988,0,119988
2022-07-02T14:47:33,0,119988,0,119988
2022-07-02T14:58:01,0,119988,0,119988
2022-07-02T15:08:30,0,119988,0,119988
2022-07-02T15:18:59,0,119988,0,119988
2022-07-02T15:29:28,0,119988,0,119988
2022-07-02T15:39:57,0,119988,0,119988
2022-07-02T15:50:26,0,119988,0,119988
2022-07-02T16:00:55,0,119988,0,119988
2022-07-02T16:11:34,0,119988,0,119988
2022-07-02T16:22:03,0,119988,0,119988
2022-07-02T16:32:32,0,119988,0,119988
2022-07-02T16:43:00,0,119988,0,119988
2022-07-02T16:53:29,0,119988,0,119988
2022-07-02T17:03:58,0,119988,0,119988
2022-07-02T17:14:28,0,119988,0,119988
2022-07-02T17:24:57,0,119988,0,119988
2022-07-02T17:35:26,0,119988,0,119988
2022-07-02T17:45:55,0,119988,0,119988
2022-07-02T17:56:24,0,119988,0,119988
2022-07-02T18:06:54,0,119988,0,119988
2022-07-02T18:17:23,0,119988,0,119988
2022-07-02T18:27:52,0,119988,0,119988
2022-07-02T18:38:20,0,119988,0,119988
2022-07-02T18:48:49,0,119988,0,119988
2022-07-02T18:59:18,0,119988,0,119988
2022-07-02T19:09:58,0,119988,0,119988
2022-07-02T19:20:27,0,119988,0,119988
2022-07-02T19:30:56,0,119988,0,119988
2022-07-02T19:41:27,0,119988,0,119988
2022-07-02T19:51:57,0,119988,0,119988
2022-07-02T20:02:27,0,119988,0,119988
2022-07-02T20:12:58,0,119988,0,119988
2022-07-02T20:23:29,0,119988,0,119988
2022-07-02T20:34:00,0,119988,0,119988
2022-07-02T20:44:30,0,119988,0,119988
2022-07-02T20:55:01,0,119988,0,119988
2022-07-02T21:05:31,0,119988,0,119988
2022-07-02T21:16:02,0,119988,0,119988
2022-07-02T21:26:31,0,119988,0,119988
2022-07-02T21:37:02,0,119988,0,119988
2022-07-02T21:47:41,0,119988,0,119988
2022-07-02T21:58:10,0,119988,0,119988
2022-07-02T22:08:39,0,119988,0,119988
2022-07-02T22:19:09,0,119988,0,119988
2022-07-02T22:29:38,0,119988,0,119988
2022-07-02T22:40:08,0,119988,0,119988
2022-07-02T22:50:38,0,119988,0,119988
2022-07-02T23:01:07,0,119988,0,119988
2022-07-02T23:11:37,0,119988,0,119988
2022-07-02T23:22:07,0,119988,0,119988
2022-07-02T23:32:37,0,119988,0,119988
2022-07-02T23:43:07,0,119988,0,119988
2022-07-02T23:53:36,0,119988,0,119988
2022-07-03T00:04:06,0,119988,0,119988
2022-07-03T00:14:36,0,119988,0,119988
2022-07-03T00:25:07,0,119988,0,119988
2022-07-03T00:35:38,0,119988,0,119988
2022-07-03T00:46:09,0,119988,0,119988
2022-07-03T00:56:41,0,119988,0,119988
2022-07-03T01:07:21,0,119988,0,119988
2022-07-03T01:17:51,0,119988,0,119988
2022-07-03T01:28:21,0,119988,0,119988
2022-07-03T01:38:52,0,119988,0,119988
2022-07-03T01:49:22,0,119988,0,119988
2022-07-03T01:59:54,0,119988,0,119988
2022-07-03T02:10:25,0,119988,0,119988
2022-07-03T02:20:56,0,119988,0,119988
2022-07-03T02:31:27,0,119988,0,119988
2022-07-03T02:41:57,0,119988,0,119988
2022-07-03T02:52:29,0,119988,0,119988
2022-07-03T03:03:01,0,119988,0,119988
2022-07-03T03:13:41,0,119988,0,119988
2022-07-03T03:24:11,0,119988,0,119988
2022-07-03T03:34:42,0,119988,0,119988
2022-07-03T03:45:13,0,119988,0,119988
2022-07-03T03:55:44,0,119988,0,119988
2022-07-03T04:06:15,0,119988,0,119988
2022-07-03T04:27:04,0,119988,0,119988
2022-07-03T04:37:56,0,119988,0,119988
2022-07-03T04:48:30,0,119988,0,119988
2022-07-03T04:59:02,0,119988,0,119988
2022-07-03T05:09:34,0,119988,0,119988
2022-07-03T05:20:05,0,119988,0,119988
2022-07-03T05:30:36,0,119988,0,119988
2022-07-03T05:41:06,0,119988,0,119988
2022-07-03T05:51:35,0,119988,0,119988
2022-07-03T06:02:05,0,119988,0,119988
2022-07-03T06:12:35,0,119988,0,119988
2022-07-03T06:23:06,0,119988,0,119988
2022-07-03T06:33:36,0,119988,0,119988
2022-07-03T06:44:05,0,119988,0,119988
2022-07-03T06:54:34,0,119988,0,119988
2022-07-03T07:05:03,0,119988,0,119988
2022-07-03T07:15:33,0,119988,0,119988
2022-07-03T07:26:02,0,119988,0,119988
2022-07-03T07:36:34,0,119988,0,119988
2022-07-03T07:47:04,0,119988,0,119988
2022-07-03T07:57:33,0,119988,0,119988
2022-07-03T08:08:02,0,119988,0,119988
2022-07-03T08:18:32,0,119988,0,119988
2022-07-03T08:29:02,0,119988,0,119988
2022-07-03T08:39:33,0,119988,0,119988
2022-07-03T08:50:02,0,119988,0,119988
2022-07-03T09:00:31,0,119988,0,119988
2022-07-03T09:11:00,0,119988,0,119988
2022-07-03T09:21:38,0,119988,0,119988
2022-07-03T09:32:07,0,119988,0,119988
2022-07-03T09:42:36,0,119988,0,119988
2022-07-03T09:53:05,0,119988,0,119988
2022-07-03T10:03:34,0,119988,0,119988
2022-07-03T10:14:04,0,119988,0,119988
2022-07-03T10:24:33,0,119988,0,119988
2022-07-03T10:35:02,0,119988,0,119988
2022-07-03T10:45:31,0,119988,0,119988
2022-07-03T10:56:00,0,119988,0,119988
2022-07-03T11:06:29,0,119988,0,119988
2022-07-03T11:16:58,0,119988,0,119988
2022-07-03T11:27:27,0,119988,0,119988
2022-07-03T11:37:57,0,119988,0,119988
2022-07-03T11:48:27,0,119988,0,119988
2022-07-03T11:58:57,0,119988,0,119988
2022-07-03T12:09:38,0,119988,0,119988
2022-07-03T12:20:08,0,119988,0,119988
2022-07-03T12:30:37,0,119988,0,119988
2022-07-03T12:41:07,0,119988,0,119988
2022-07-03T12:51:37,0,119988,0,119988
2022-07-03T13:02:07,0,119988,0,119988
2022-07-03T13:12:41,0,119988,0,119988
2022-07-03T13:23:11,0,119988,0,119988
2022-07-03T13:33:41,0,119988,0,119988
2022-07-03T13:44:11,0,119988,0,119988
2022-07-03T13:54:40,0,119988,0,119988
2022-07-03T14:05:10,0,119988,0,119988
2022-07-03T14:15:49,0,119988,0,119988
2022-07-03T14:26:18,0,119988,0,119988
2022-07-03T14:36:47,0,119988,0,119988
2022-07-03T14:47:17,0,119988,0,119988
2022-07-03T14:57:46,0,119988,0,119988
2022-07-03T15:08:15,0,119988,0,119988
2022-07-03T15:18:44,0,119988,0,119988
2022-07-03T15:29:14,0,119988,0,119988
2022-07-03T15:39:43,0,119988,0,119988
2022-07-03T15:50:12,0,119988,0,119988
2022-07-03T16:00:41,0,119988,0,119988
2022-07-03T16:11:10,0,119988,0,119988
2022-07-03T16:21:39,0,119988,0,119988
2022-07-03T16:32:18,0,119988,0,119988
2022-07-03T16:42:47,0,119988,0,119988
2022-07-03T16:53:16,0,119988,0,119988
2022-07-03T17:03:44,0,119988,0,119988
2022-07-03T17:16:27,0,119988,0,119988
2022-07-03T17:26:55,0,119988,0,119988
2022-07-03T17:37:24,0,119988,0,119988
2022-07-03T17:47:53,0,119988,0,119988
2022-07-03T17:58:22,0,119988,0,119988
2022-07-03T18:08:51,0,119988,0,119988
2022-07-03T18:19:20,0,119988,0,119988
2022-07-03T18:29:49,0,119988,0,119988
2022-07-03T18:40:18,0,119988,0,119988
2022-07-03T18:50:47,0,119988,0,119988
2022-07-03T19:01:26,0,119988,0,119988
2022-07-03T19:11:56,0,119988,0,119988
2022-07-03T19:22:26,0,119988,0,119988
2022-07-03T19:32:56,0,119988,0,119988
2022-07-03T19:43:28,0,119988,0,119988
2022-07-03T19:54:06,0,119988,0,119988
2022-07-03T20:04:36,0,119988,0,119988
2022-07-03T20:15:04,0,119988,0,119988
2022-07-03T20:25:33,0,119988,0,119988
2022-07-03T20:36:02,0,119988,0,119988
2022-07-03T20:46:30,0,119988,0,119988
2022-07-03T20:56:59,0,119988,0,119988
2022-07-03T21:07:28,0,119988,0,119988
2022-07-03T21:17:57,0,119988,0,119988
2022-07-03T21:28:26,0,119988,0,119988
2022-07-03T21:38:55,0,119988,0,119988
2022-07-03T21:49:25,0,119988,0,119988
2022-07-03T22:00:05,0,119988,0,119988
2022-07-03T22:10:33,0,119988,0,119988
2022-07-03T22:21:03,0,119988,0,119988
2022-07-03T22:31:32,0,119988,0,119988
2022-07-03T22:42:01,0,119988,0,119988
2022-07-03T22:52:30,0,119988,0,119988
2022-07-03T23:03:00,0,119988,0,119988
2022-07-03T23:13:30,0,119988,0,119988
2022-07-03T23:24:00,0,119988,0,119988
2022-07-03T23:34:30,0,119988,0,119988
2022-07-03T23:45:00,0,119988,0,119988
2022-07-03T23:55:29,0,119988,0,119988
2022-07-04T00:05:59,0,119988,0,119988
2022-07-04T00:16:33,0,119988,0,119988
2022-07-04T00:27:07,0,119988,0,119988
2022-07-04T00:37:49,0,119988,0,119988
2022-07-04T00:48:19,0,119988,0,119988
2022-07-04T00:58:49,0,119988,0,119988
2022-07-04T01:09:21,0,119988,0,119988
2022-07-04T01:19:54,0,119988,0,119988
2022-07-04T01:30:27,0,119988,0,119988
2022-07-04T01:40:58,0,119988,0,119988
2022-07-04T01:51:28,0,119988,0,119988
2022-07-04T02:01:59,0,119988,0,119988
2022-07-04T02:12:31,0,119988,0,119988
2022-07-04T02:23:01,0,119988,0,119988
2022-07-04T02:33:32,0,119988,0,119988
2022-07-04T02:44:03,0,119988,0,119988
2022-07-04T02:54:41,0,119988,0,119988
2022-07-04T03:05:10,0,119988,0,119988
2022-07-04T03:15:40,0,119988,0,119988
2022-07-04T03:26:11,0,119988,0,119988
2022-07-04T03:36:43,0,119988,0,119988
2022-07-04T03:47:16,0,119988,0,119988
2022-07-04T03:57:46,0,119988,0,119988
2022-07-04T04:08:17,0,119988,0,119988
2022-07-04T04:35:31,0,119988,0,119988
2022-07-04T04:46:03,0,119988,0,119988
2022-07-04T04:56:34,0,119988,0,119988
2022-07-04T05:07:09,0,119988,0,119988
2022-07-04T05:17:41,0,119988,0,119988
2022-07-04T05:28:14,0,119988,0,119988
2022-07-04T05:38:45,0,119988,0,119988
2022-07-04T05:49:16,0,119988,0,119988
2022-07-04T05:59:46,0,119988,0,119988
2022-07-04T06:10:18,0,119988,0,119988
2022-07-04T06:20:49,0,119988,0,119988
2022-07-04T06:31:19,0,119988,0,119988
2022-07-04T06:41:49,0,119988,0,119988
2022-07-04T06:52:21,0,119988,0,119988
2022-07-04T07:02:50,0,119988,0,119988
2022-07-04T07:13:28,0,119988,0,119988
2022-07-04T07:23:57,0,119988,0,119988
2022-07-04T07:34:26,0,119988,0,119988
2022-07-04T07:44:55,0,119988,0,119988
2022-07-04T07:55:24,0,119988,0,119988
2022-07-04T08:05:53,0,119988,0,119988
2022-07-04T08:16:22,0,119988,0,119988
2022-07-04T08:26:51,0,119988,0,119988
2022-07-04T08:37:20,0,119988,0,119988
2022-07-04T08:47:49,0,119988,0,119988
2022-07-04T08:58:18,0,119988,0,119988
2022-07-04T09:09:07,0,119988,0,119988
2022-07-04T09:19:36,0,119988,0,119988
2022-07-04T09:30:05,0,119988,0,119988
2022-07-04T09:40:33,0,119988,0,119988
2022-07-04T09:51:03,0,119988,0,119988
2022-07-04T10:01:32,0,119988,0,119988
2022-07-04T10:12:00,0,119988,0,119988
2022-07-04T10:22:29,0,119988,0,119988
2022-07-04T10:32:59,0,119988,0,119988
2022-07-04T10:43:40,0,119988,0,119988
2022-07-04T10:54:08,0,119988,0,119988
2022-07-04T11:04:37,0,119988,0,119988
2022-07-04T11:15:06,0,119988,0,119988
2022-07-04T11:25:35,0,119988,0,119988
2022-07-04T11:36:03,0,119988,0,119988
2022-07-04T11:46:32,0,119988,0,119988
2022-07-04T11:57:01,0,119988,0,119988
2022-07-04T12:07:30,0,119988,0,119988
2022-07-04T12:17:59,0,119988,0,119988
2022-07-04T12:28:28,0,119988,0,119988
2022-07-04T12:38:57,0,119988,0,119988
2022-07-04T12:49:26,0,119988,0,119988
2022-07-04T12:59:55,0,119988,0,119988
2022-07-04T13:10:23,0,119988,0,119988
2022-07-04T13:21:02,0,119988,0,119988
2022-07-04T13:31:31,0,119988,0,119988
2022-07-04T13:42:00,0,119988,0,119988
2022-07-04T13:52:29,0,119988,0,119988
2022-07-04T14:02:57,0,119988,0,119988
2022-07-04T14:13:26,0,119988,0,119988
2022-07-04T14:23:55,0,119988,0,119988
2022-07-04T14:34:24,0,119988,0,119988
2022-07-04T14:44:54,0,119988,0,119988
2022-07-04T14:55:22,0,119988,0,119988
2022-07-04T15:05:51,0,119988,0,119988
2022-07-04T15:16:31,0,119988,0,119988
2022-07-04T15:27:00,0,119988,0,119988
2022-07-04T15:37:30,0,119988,0,119988
2022-07-04T15:47:59,0,119988,0,119988
2022-07-04T15:58:30,0,119988,0,119988
2022-07-04T16:08:59,0,119988,0,119988
2022-07-04T16:19:27,0,119988,0,119988
2022-07-04T16:29:56,0,119988,0,119988
2022-07-04T16:40:25,0,119988,0,119988
2022-07-04T16:50:55,0,119988,0,119988
2022-07-04T17:01:24,0,119988,0,119988
2022-07-04T17:11:53,0,119988,0,119988
2022-07-04T17:22:23,0,119988,0,119988
2022-07-04T17:32:51,0,119988,0,119988
2022-07-04T17:43:20,0,119988,0,119988
2022-07-04T17:53:58,0,119988,0,119988
2022-07-04T18:04:27,0,119988,0,119988
2022-07-04T18:14:55,0,119988,0,119988
2022-07-04T18:25:24,0,119988,0,119988
2022-07-04T18:35:52,0,119988,0,119988
2022-07-04T18:46:20,0,119988,0,119988
2022-07-04T18:56:49,0,119988,0,119988
2022-07-04T19:07:18,0,119988,0,119988
2022-07-04T19:17:47,0,119988,0,119988
2022-07-04T19:28:17,0,119988,0,119988
2022-07-04T19:38:45,0,119988,0,119988
2022-07-04T19:49:14,0,119988,0,119988
2022-07-04T19:59:42,0,119988,0,119988
2022-07-04T20:10:11,0,119988,0,119988
2022-07-04T20:20:39,0,119988,0,119988
2022-07-04T20:31:08,0,119988,0,119988
2022-07-04T20:41:37,0,119988,0,119988
2022-07-04T20:52:15,0,119988,0,119988
2022-07-04T21:02:44,0,119988,0,119988
2022-07-04T21:13:13,0,119988,0,119988
2022-07-04T21:23:42,0,119988,0,119988
2022-07-04T21:34:09,0,119988,0,119988
2022-07-04T21:44:38,0,119988,0,119988
2022-07-04T21:55:08,0,119988,0,119988
2022-07-04T22:05:36,0,119988,0,119988
2022-07-04T22:16:05,0,119988,0,119988
2022-07-04T22:26:34,0,119988,0,119988
2022-07-04T22:37:03,0,119988,0,119988
2022-07-04T22:47:32,0,119988,0,119988
2022-07-04T22:58:11,0,119988,0,119988
2022-07-04T23:08:41,0,119988,0,119988
2022-07-04T23:19:11,0,119988,0,119988
2022-07-04T23:29:40,0,119988,0,119988
2022-07-04T23:40:10,0,119988,0,119988
2022-07-04T23:50:40,0,119988,0,119988
2022-07-05T00:01:10,0,119988,0,119988
2022-07-05T00:11:41,0,119988,0,119988
2022-07-05T00:22:13,0,119988,0,119988
2022-07-05T00:32:42,0,119988,0,119988
2022-07-05T00:43:12,0,119988,0,119988
2022-07-05T00:53:42,0,119988,0,119988
2022-07-05T01:04:22,0,119988,0,119988
2022-07-05T01:14:53,0,119988,0,119988
2022-07-05T01:25:24,0,119988,0,119988
2022-07-05T01:35:54,0,119988,0,119988
2022-07-05T01:46:23,0,119988,0,119988
2022-07-05T01:56:54,0,119988,0,119988
2022-07-05T02:07:35,0,119988,0,119988
2022-07-05T02:18:06,0,119988,0,119988
2022-07-05T02:28:37,0,119988,0,119988
2022-07-05T02:39:08,0,119988,0,119988
2022-07-05T02:49:37,0,119988,0,119988
2022-07-05T03:00:07,0,119988,0,119988
2022-07-05T03:10:48,0,119988,0,119988
2022-07-05T03:21:18,0,119988,0,119988
2022-07-05T03:31:48,0,119988,0,119988
2022-07-05T03:42:27,0,119988,0,119988
2022-07-05T03:53:07,0,119988,0,119988
2022-07-05T04:05:37,0,119988,0,119988
2022-07-05T04:29:57,0,119988,0,119988
2022-07-05T04:40:34,0,119988,0,119988
2022-07-05T04:51:10,0,119988,0,119988
2022-07-05T05:01:47,0,119988,0,119988
2022-07-05T05:12:22,0,119988,0,119988
2022-07-05T05:22:56,0,119988,0,119988
2022-07-05T05:33:28,0,119988,0,119988
2022-07-05T05:44:03,0,119988,0,119988
2022-07-05T05:54:33,0,119988,0,119988
2022-07-05T06:05:04,0,119988,0,119988
2022-07-05T06:15:34,0,119988,0,119988
2022-07-05T06:26:05,0,119988,0,119988
2022-07-05T06:36:34,0,119988,0,119988
2022-07-05T06:47:03,0,119988,0,119988
2022-07-05T06:57:32,0,119988,0,119988
2022-07-05T07:08:02,0,119988,0,119988
2022-07-05T07:18:32,0,119988,0,119988
2022-07-05T07:29:01,0,119988,0,119988
2022-07-05T07:39:31,0,119988,0,119988
2022-07-05T07:50:00,0,119988,0,119988
2022-07-05T08:00:30,0,119988,0,119988
2022-07-05T08:11:00,0,119988,0,119988
2022-07-05T08:21:31,0,119988,0,119988
2022-07-05T08:32:02,0,119988,0,119988
2022-07-05T08:42:43,0,119988,0,119988
2022-07-05T08:53:13,0,119988,0,119988
2022-07-05T09:03:44,0,119988,0,119988
2022-07-05T09:14:15,0,119988,0,119988
2022-07-05T09:24:46,0,119988,0,119988
2022-07-05T09:35:18,0,119988,0,119988
2022-07-05T09:45:48,0,119988,0,119988
2022-07-05T09:56:20,0,119988,0,119988
2022-07-05T10:06:50,0,119988,0,119988
2022-07-05T10:17:22,0,119988,0,119988
2022-07-05T10:27:53,0,119988,0,119988
2022-07-05T10:38:24,0,119988,0,119988
2022-07-05T10:48:55,0,119988,0,119988
2022-07-05T10:59:26,0,119988,0,119988
2022-07-05T11:09:57,0,119988,0,119988
2022-07-05T11:20:28,0,119988,0,119988
2022-07-05T11:31:09,0,119988,0,119988
2022-07-05T11:41:40,0,119988,0,119988
2022-07-05T11:52:11,0,119988,0,119988
2022-07-05T12:02:41,0,119988,0,119988
2022-07-05T12:13:12,0,119988,0,119988
2022-07-05T12:23:42,0,119988,0,119988
2022-07-05T12:34:14,0,119988,0,119988
2022-07-05T12:44:44,0,119988,0,119988
2022-07-05T12:55:14,0,119988,0,119988
2022-07-05T13:05:45,0,119988,0,119988
2022-07-05T13:16:16,0,119988,0,119988
2022-07-05T13:26:57,0,119988,0,119988
2022-07-05T13:37:28,0,119988,0,119988
2022-07-05T13:48:01,0,119988,0,119988
2022-07-05T13:58:32,0,119988,0,119988
2022-07-05T14:09:03,0,119988,0,119988
2022-07-05T14:19:34,0,119988,0,119988
2022-07-05T14:30:05,0,119988,0,119988
2022-07-05T14:40:36,0,119988,0,119988
2022-07-05T14:51:17,0,119988,0,119988
2022-07-05T15:01:49,0,119988,0,119988
2022-07-05T15:12:19,0,119988,0,119988
2022-07-05T15:22:51,0,119988,0,119988
2022-07-05T15:33:21,0,119988,0,119988
2022-07-05T15:43:53,0,119988,0,119988
2022-07-05T15:54:24,0,119988,0,119988
2022-07-05T16:04:55,0,119988,0,119988
2022-07-05T16:15:26,0,119988,0,119988
2022-07-05T16:25:57,0,119988,0,119988
2022-07-05T16:36:28,0,119988,0,119988
2022-07-05T16:46:59,0,119988,0,119988
2022-07-05T16:57:40,0,119988,0,119988
2022-07-05T17:08:10,0,119988,0,119988
2022-07-05T17:18:41,0,119988,0,119988
2022-07-05T17:29:11,0,119988,0,119988
2022-07-05T17:39:42,0,119988,0,119988
2022-07-05T17:50:13,0,119988,0,119988
2022-07-05T18:00:44,0,119988,0,119988
2022-07-05T18:11:14,0,119988,0,119988
2022-07-05T18:21:44,0,119988,0,119988
2022-07-05T18:32:15,0,119988,0,119988
2022-07-05T18:42:46,0,119988,0,119988
2022-07-05T18:53:17,0,119988,0,119988
2022-07-05T19:03:56,0,119988,0,119988
2022-07-05T19:14:27,0,119988,0,119988
2022-07-05T19:24:58,0,119988,0,119988
2022-07-05T19:35:28,0,119988,0,119988
2022-07-05T19:45:58,0,119988,0,119988
2022-07-05T19:56:28,0,119988,0,119988
2022-07-05T20:06:58,0,119988,0,119988
2022-07-05T20:17:29,0,119988,0,119988
2022-07-05T20:27:59,0,119988,0,119988
2022-07-05T20:38:28,0,119988,0,119988
2022-07-05T20:48:57,0,119988,0,119988
2022-07-05T20:59:28,0,119988,0,119988
2022-07-05T21:09:58,0,119988,0,119988
2022-07-05T21:20:27,0,119988,0,119988
2022-07-05T21:30:57,0,119988,0,119988
2022-07-05T21:41:26,0,119988,0,119988
2022-07-05T21:51:57,0,119988,0,119988
2022-07-05T22:02:37,0,119988,0,119988
2022-07-05T22:13:07,0,119988,0,119988
2022-07-05T22:23:36,0,119988,0,119988
2022-07-05T22:34:07,0,119988,0,119988
2022-07-05T22:44:37,0,119988,0,119988
2022-07-05T22:55:06,0,119988,0,119988
2022-07-05T23:05:37,0,119988,0,119988
2022-07-05T23:16:06,0,119988,0,119988
2022-07-05T23:26:37,0,119988,0,119988
2022-07-05T23:37:07,0,119988,0,119988
2022-07-05T23:47:37,0,119988,0,119988
2022-07-05T23:58:07,0,119988,0,119988
2022-07-06T00:08:38,0,119988,0,119988
2022-07-06T00:19:10,0,119988,0,119988
2022-07-06T00:29:42,0,119988,0,119988
2022-07-06T00:40:14,0,119988,0,119988
2022-07-06T00:50:47,0,119988,0,119988
2022-07-06T01:01:20,0,119988,0,119988
2022-07-06T01:11:52,0,119988,0,119988
2022-07-06T01:22:34,0,119988,0,119988
2022-07-06T01:33:06,0,119988,0,119988
2022-07-06T01:43:37,0,119988,0,119988
2022-07-06T01:54:09,0,119988,0,119988
2022-07-06T02:04:40,0,119988,0,119988
2022-07-06T02:15:10,0,119988,0,119988
2022-07-06T02:25:41,0,119988,0,119988
2022-07-06T02:36:12,0,119988,0,119988
2022-07-06T02:47:02,0,119988,0,119988
2022-07-06T02:57:34,0,119988,0,119988
2022-07-06T03:08:07,0,119988,0,119988
2022-07-06T03:18:38,0,119988,0,119988
2022-07-06T03:29:09,0,119988,0,119988
2022-07-06T03:39:40,0,119988,0,119988
2022-07-06T03:50:12,0,119988,0,119988
2022-07-06T04:00:45,0,119988,0,119988
2022-07-06T04:11:17,0,119988,0,119988
2022-07-06T04:27:49,0,119988,0,119988
2022-07-06T04:38:22,0,119988,0,119988
2022-07-06T04:48:55,0,119988,0,119988
2022-07-06T05:00:58,0,119988,0,119988
2022-07-06T05:11:32,0,119988,0,119988
2022-07-06T05:22:05,0,119988,0,119988
2022-07-06T05:32:38,0,119988,0,119988
2022-07-06T05:43:09,0,119988,0,119988
2022-07-06T05:53:41,0,119988,0,119988
2022-07-06T06:04:13,0,119988,0,119988
2022-07-06T06:14:45,0,119988,0,119988
2022-07-06T06:25:18,0,119988,0,119988
2022-07-06T06:35:49,0,119988,0,119988
2022-07-06T06:46:20,0,119988,0,119988
2022-07-06T06:56:50,0,119988,0,119988
2022-07-06T07:07:21,0,119988,0,119988
2022-07-06T07:17:51,0,119988,0,119988
2022-07-06T07:28:21,0,119988,0,119988
2022-07-06T07:38:51,0,119988,0,119988
2022-07-06T07:49:22,0,119988,0,119988
2022-07-06T07:59:51,0,119988,0,119988
2022-07-06T08:10:22,0,119988,0,119988
2022-07-06T08:20:52,0,119988,0,119988
2022-07-06T08:31:23,0,119988,0,119988
2022-07-06T08:41:54,0,119988,0,119988
2022-07-06T08:52:25,0,119988,0,119988
2022-07-06T09:02:56,0,119988,0,119988
2022-07-06T09:13:27,0,119988,0,119988
2022-07-06T09:23:59,0,119988,0,119988
2022-07-06T09:34:34,0,119988,0,119988
2022-07-06T09:45:05,0,119988,0,119988
2022-07-06T09:55:37,0,119988,0,119988
2022-07-06T10:06:21,0,119988,0,119988
2022-07-06T10:16:53,0,119988,0,119988
2022-07-06T10:27:24,0,119988,0,119988
2022-07-06T10:37:56,0,119988,0,119988
2022-07-06T10:48:28,0,119988,0,119988
2022-07-06T10:58:59,0,119988,0,119988
2022-07-06T11:09:32,0,119988,0,119988
2022-07-06T11:20:03,0,119988,0,119988
2022-07-06T11:30:35,0,119988,0,119988
2022-07-06T11:41:07,0,119988,0,119988
2022-07-06T11:51:38,0,119988,0,119988
2022-07-06T12:02:10,0,119988,0,119988
2022-07-06T12:12:53,0,119988,0,119988
2022-07-06T12:23:24,0,119988,0,119988
2022-07-06T12:33:55,0,119988,0,119988
2022-07-06T12:44:26,0,119988,0,119988
2022-07-06T12:54:57,0,119988,0,119988
2022-07-06T13:05:29,0,119988,0,119988
2022-07-06T13:16:00,0,119988,0,119988
2022-07-06T13:26:31,0,119988,0,119988
2022-07-06T13:37:03,0,119988,0,119988
2022-07-06T13:47:35,0,119988,0,119988
2022-07-06T13:58:07,0,119988,0,119988
2022-07-06T14:08:40,0,119988,0,119988
2022-07-06T14:19:13,0,119988,0,119988
2022-07-06T14:29:57,0,119988,0,119988
2022-07-06T14:40:28,0,119988,0,119988
2022-07-06T14:51:00,0,119988,0,119988
2022-07-06T15:01:32,0,119988,0,119988
2022-07-06T15:12:03,0,119988,0,119988
2022-07-06T15:22:36,0,119988,0,119988
2022-07-06T15:33:07,0,119988,0,119988
2022-07-06T15:43:39,0,119988,0,119988
2022-07-06T15:54:10,0,119988,0,119988
2022-07-06T16:04:41,0,119988,0,119988
2022-07-06T16:15:23,0,119988,0,119988
2022-07-06T16:25:54,0,119988,0,119988
2022-07-06T16:36:24,0,119988,0,119988
2022-07-06T16:46:54,0,119988,0,119988
2022-07-06T16:57:25,0,119988,0,119988
2022-07-06T17:07:55,0,119988,0,119988
2022-07-06T17:18:26,0,119988,0,119988
2022-07-06T17:28:56,0,119988,0,119988
2022-07-06T17:39:27,0,119988,0,119988
2022-07-06T17:49:57,0,119988,0,119988
2022-07-06T18:00:27,0,119988,0,119988
2022-07-06T18:10:58,0,119988,0,119988
2022-07-06T18:21:30,0,119988,0,119988
2022-07-06T18:32:00,0,119988,0,119988
2022-07-06T18:42:30,0,119988,0,119988
2022-07-06T18:53:00,0,119988,0,119988
2022-07-06T19:03:42,0,119988,0,119988
2022-07-06T19:14:12,0,119988,0,119988
2022-07-06T19:24:43,0,119988,0,119988
2022-07-06T19:35:13,0,119988,0,119988
2022-07-06T19:45:42,0,119988,0,119988
2022-07-06T19:56:12,0,119988,0,119988
2022-07-06T20:06:42,0,119988,0,119988
2022-07-06T20:17:12,0,119988,0,119988
2022-07-06T20:27:42,0,119988,0,119988
2022-07-06T20:38:12,0,119988,0,119988
2022-07-06T20:48:42,0,119988,0,119988
2022-07-06T20:59:11,0,119988,0,119988
2022-07-06T21:09:42,0,119988,0,119988
2022-07-06T21:20:11,0,119988,0,119988
2022-07-06T21:30:41,0,119988,0,119988
2022-07-06T21:41:11,0,119988,0,119988
2022-07-06T21:51:40,0,119988,0,119988
2022-07-06T22:02:10,0,119988,0,119988
2022-07-06T22:12:40,0,119988,0,119988
2022-07-06T22:23:10,0,119988,0,119988
2022-07-06T22:33:39,0,119988,0,119988
2022-07-06T22:44:09,0,119988,0,119988
2022-07-06T22:54:39,0,119988,0,119988
2022-07-06T23:05:10,0,119988,0,119988
2022-07-06T23:15:53,0,119988,0,119988
2022-07-06T23:26:24,0,119988,0,119988
2022-07-06T23:36:53,0,119988,0,119988
2022-07-06T23:47:23,0,119988,0,119988
2022-07-06T23:57:53,0,119988,0,119988
2022-07-07T00:08:23,0,119988,0,119988
2022-07-07T00:18:56,0,119988,0,119988
2022-07-07T00:29:27,0,119988,0,119988
2022-07-07T00:39:59,0,119988,0,119988
2022-07-07T00:50:32,0,119988,0,119988
2022-07-07T01:01:04,0,119988,0,119988
2022-07-07T01:11:35,0,119988,0,119988
2022-07-07T01:22:07,0,119988,0,119988
2022-07-07T01:32:40,0,119988,0,119988
2022-07-07T01:43:11,0,119988,0,119988
2022-07-07T01:53:43,0,119988,0,119988
2022-07-07T02:04:14,0,119988,0,119988
2022-07-07T02:14:44,0,119988,0,119988
2022-07-07T02:25:14,0,119988,0,119988
2022-07-07T02:35:44,0,119988,0,119988
2022-07-07T02:46:13,0,119988,0,119988
2022-07-07T02:56:43,0,119988,0,119988
2022-07-07T03:07:12,0,119988,0,119988
2022-07-07T03:17:41,0,119988,0,119988
2022-07-07T03:28:10,0,119988,0,119988
2022-07-07T03:38:39,0,119988,0,119988
2022-07-07T03:49:08,0,119988,0,119988
2022-07-07T04:01:57,0,119988,0,119988
2022-07-07T04:23:30,0,119988,0,119988
2022-07-07T04:34:22,0,119988,0,119988
2022-07-07T04:44:52,0,119988,0,119988
2022-07-07T04:55:22,0,119988,0,119988
2022-07-07T05:05:52,0,119988,0,119988
2022-07-07T05:16:22,0,119988,0,119988
2022-07-07T05:26:52,0,119988,0,119988
2022-07-07T05:37:23,0,119988,0,119988
2022-07-07T05:47:55,0,119988,0,119988
2022-07-07T05:58:28,0,119988,0,119988
2022-07-07T06:09:02,0,119988,0,119988
2022-07-07T06:19:36,0,119988,0,119988
2022-07-07T06:30:09,0,119988,0,119988
2022-07-07T06:40:42,0,119988,0,119988
2022-07-07T06:51:16,0,119988,0,119988
2022-07-07T07:01:49,0,119988,0,119988
2022-07-07T07:12:23,0,119988,0,119988
2022-07-07T07:22:57,0,119988,0,119988
2022-07-07T07:33:30,0,119988,0,119988
2022-07-07T07:44:06,0,119988,0,119988
2022-07-07T07:54:49,0,119988,0,119988
2022-07-07T08:05:33,0,119988,0,119988
2022-07-07T08:16:16,0,119988,0,119988
2022-07-07T08:26:58,0,119988,0,119988
2022-07-07T08:37:47,0,119988,0,119988
2022-07-07T08:48:35,0,119988,0,119988
2022-07-07T08:59:17,0,119988,0,119988
2022-07-07T09:10:08,0,119988,0,119988
2022-07-07T09:20:48,0,119988,0,119988
2022-07-07T09:31:27,0,119988,0,119988
2022-07-07T09:42:06,0,119988,0,119988
2022-07-07T09:52:47,0,119988,0,119988
2022-07-07T10:03:28,0,119988,0,119988
2022-07-07T10:14:09,0,119988,0,119988
2022-07-07T10:24:47,0,119988,0,119988
2022-07-07T10:35:26,0,119988,0,119988
2022-07-07T10:46:07,0,119988,0,119988
2022-07-07T10:56:47,0,119988,0,119988
2022-07-07T11:07:38,0,119988,0,119988
2022-07-07T11:18:16,0,119988,0,119988
2022-07-07T11:28:52,0,119988,0,119988
2022-07-07T11:39:28,0,119988,0,119988
2022-07-07T11:50:01,0,119988,0,119988
2022-07-07T12:00:34,0,119988,0,119988
2022-07-07T12:11:05,0,119988,0,119988
2022-07-07T12:21:37,0,119988,0,119988
2022-07-07T12:32:08,0,119988,0,119988
2022-07-07T12:42:39,0,119988,0,119988
2022-07-07T12:53:20,0,119988,0,119988
2022-07-07T13:03:51,0,119988,0,119988
2022-07-07T13:14:22,0,119988,0,119988
2022-07-07T13:24:54,0,119988,0,119988
2022-07-07T13:35:27,0,119988,0,119988
2022-07-07T13:45:58,0,119988,0,119988
2022-07-07T13:56:31,0,119988,0,119988
2022-07-07T14:07:03,0,119988,0,119988
2022-07-07T14:17:34,0,119988,0,119988
2022-07-07T14:28:07,0,119988,0,119988
2022-07-07T14:38:41,0,119988,0,119988
2022-07-07T14:49:13,0,119988,0,119988
2022-07-07T14:59:55,0,119988,0,119988
2022-07-07T15:10:27,0,119988,0,119988
2022-07-07T15:20:59,0,119988,0,119988
2022-07-07T15:31:30,0,119988,0,119988
2022-07-07T15:42:02,0,119988,0,119988
2022-07-07T15:52:33,0,119988,0,119988
2022-07-07T16:03:14,0,119988,0,119988
2022-07-07T16:13:46,0,119988,0,119988
2022-07-07T16:24:17,0,119988,0,119988
2022-07-07T16:34:48,0,119988,0,119988
2022-07-07T16:45:19,0,119988,0,119988
2022-07-07T16:55:50,0,119988,0,119988
2022-07-07T17:06:22,0,119988,0,119988
2022-07-07T17:16:55,0,119988,0,119988
2022-07-07T17:27:26,0,119988,0,119988
2022-07-07T17:37:58,0,119988,0,119988
2022-07-07T17:48:28,0,119988,0,119988
2022-07-07T17:59:10,0,119988,0,119988
2022-07-07T18:09:41,0,119988,0,119988
2022-07-07T18:20:12,0,119988,0,119988
2022-07-07T18:30:42,0,119988,0,119988
2022-07-07T18:41:12,0,119988,0,119988
2022-07-07T18:51:42,0,119988,0,119988
2022-07-07T19:02:12,0,119988,0,119988
2022-07-07T19:12:43,0,119988,0,119988
2022-07-07T19:23:13,0,119988,0,119988
2022-07-07T19:33:44,0,119988,0,119988
2022-07-07T19:44:14,0,119988,0,119988
2022-07-07T19:54:44,0,119988,0,119988
2022-07-07T20:05:15,0,119988,0,119988
2022-07-07T20:15:45,0,119988,0,119988
2022-07-07T20:26:15,0,119988,0,119988
2022-07-07T20:36:45,0,119988,0,119988
2022-07-07T20:47:15,0,119988,0,119988
2022-07-07T20:57:56,0,119988,0,119988
2022-07-07T21:08:26,0,119988,0,119988
2022-07-07T21:18:56,0,119988,0,119988
2022-07-07T21:29:26,0,119988,0,119988
2022-07-07T21:39:56,0,119988,0,119988
2022-07-07T21:50:27,0,119988,0,119988
2022-07-07T22:00:57,0,119988,0,119988
2022-07-07T22:11:39,0,119988,0,119988
2022-07-07T22:22:09,0,119988,0,119988
2022-07-07T22:32:41,0,119988,0,119988
2022-07-07T22:43:11,0,119988,0,119988
2022-07-07T22:53:41,0,119988,0,119988
2022-07-07T23:04:12,0,119988,0,119988
2022-07-07T23:14:42,0,119988,0,119988
2022-07-07T23:25:13,0,119988,0,119988
2022-07-07T23:35:44,0,119988,0,119988
2022-07-07T23:46:14,0,119988,0,119988
2022-07-07T23:56:45,0,119988,0,119988
2022-07-08T00:07:16,0,119988,0,119988
2022-07-08T00:17:48,0,119988,0,119988
2022-07-08T00:28:20,0,119988,0,119988
2022-07-08T00:38:53,0,119988,0,119988
2022-07-08T00:49:26,0,119988,0,119988
2022-07-08T01:00:09,0,119988,0,119988
2022-07-08T01:10:43,0,119988,0,119988
2022-07-08T01:21:17,0,119988,0,119988
2022-07-08T01:31:50,0,119988,0,119988
2022-07-08T01:42:21,0,119988,0,119988
2022-07-08T01:52:53,0,119988,0,119988
2022-07-08T02:03:25,0,119988,0,119988
2022-07-08T02:13:57,0,119988,0,119988
2022-07-08T02:24:40,0,119988,0,119988
2022-07-08T02:35:13,0,119988,0,119988
2022-07-08T02:45:46,0,119988,0,119988
2022-07-08T02:56:18,0,119988,0,119988
2022-07-08T03:06:51,0,119988,0,119988
2022-07-08T03:17:22,0,119988,0,119988
2022-07-08T03:27:53,0,119988,0,119988
2022-07-08T03:38:25,0,119988,0,119988
2022-07-08T03:51:02,0,119988,0,119988
2022-07-08T04:01:55,0,119988,0,119988
2022-07-08T04:12:28,0,119988,0,119988
2022-07-08T04:28:10,0,119988,0,119988
2022-07-08T04:39:05,0,119988,0,119988
2022-07-08T04:49:38,0,119988,0,119988
2022-07-08T05:00:12,0,119988,0,119988
2022-07-08T05:10:47,0,119988,0,119988
2022-07-08T05:21:22,0,119988,0,119988
2022-07-08T05:31:56,0,119988,0,119988
2022-07-08T05:42:28,0,119988,0,119988
2022-07-08T05:53:01,0,119988,0,119988
2022-07-08T06:03:36,0,119988,0,119988
2022-07-08T06:14:09,0,119988,0,119988
2022-07-08T06:24:41,0,119988,0,119988
2022-07-08T06:35:12,0,119988,0,119988
2022-07-08T06:45:43,0,119988,0,119988
2022-07-08T06:56:13,0,119988,0,119988
2022-07-08T07:06:44,0,119988,0,119988
2022-07-08T07:17:16,0,119988,0,119988
2022-07-08T07:27:46,0,119988,0,119988
2022-07-08T07:38:17,0,119988,0,119988
2022-07-08T07:48:48,0,119988,0,119988
2022-07-08T07:59:22,0,119988,0,119988
2022-07-08T08:09:52,0,119988,0,119988
2022-07-08T08:20:23,0,119988,0,119988
2022-07-08T08:30:54,0,119988,0,119988
2022-07-08T08:41:25,0,119988,0,119988
2022-07-08T08:51:56,0,119988,0,119988
2022-07-08T09:02:27,0,119988,0,119988
2022-07-08T09:12:58,0,119988,0,119988
2022-07-08T09:23:40,0,119988,0,119988
2022-07-08T09:34:11,0,119988,0,119988
2022-07-08T09:44:42,0,119988,0,119988
2022-07-08T09:55:15,0,119988,0,119988
2022-07-08T10:05:47,0,119988,0,119988
2022-07-08T10:16:18,0,119988,0,119988
2022-07-08T10:26:49,0,119988,0,119988
2022-07-08T10:37:20,0,119988,0,119988
2022-07-08T10:47:52,0,119988,0,119988
2022-07-08T10:58:23,0,119988,0,119988
2022-07-08T11:08:55,0,119988,0,119988
2022-07-08T11:19:26,0,119988,0,119988
2022-07-08T11:29:58,0,119988,0,119988
2022-07-08T11:40:29,0,119988,0,119988
2022-07-08T11:51:13,0,119988,0,119988
2022-07-08T12:01:44,0,119988,0,119988
2022-07-08T12:12:15,0,119988,0,119988
2022-07-08T12:22:46,0,119988,0,119988
2022-07-08T12:33:17,0,119988,0,119988
2022-07-08T12:43:49,0,119988,0,119988
2022-07-08T12:54:20,0,119988,0,119988
2022-07-08T13:04:53,0,119988,0,119988
2022-07-08T13:15:27,0,119988,0,119988
2022-07-08T13:26:00,0,119988,0,119988
2022-07-08T13:36:43,0,119988,0,119988
2022-07-08T13:47:15,0,119988,0,119988
2022-07-08T13:57:47,0,119988,0,119988
2022-07-08T14:08:19,0,119988,0,119988
2022-07-08T14:18:50,0,119988,0,119988
2022-07-08T14:29:21,0,119988,0,119988
2022-07-08T14:39:52,0,119988,0,119988
2022-07-08T14:50:24,0,119988,0,119988
2022-07-08T15:00:55,0,119988,0,119988
2022-07-08T15:11:26,0,119988,0,119988
2022-07-08T15:21:58,0,119988,0,119988
2022-07-08T15:32:39,0,119988,0,119988
2022-07-08T15:43:11,0,119988,0,119988
2022-07-08T15:53:42,0,119988,0,119988
2022-07-08T16:04:13,0,119988,0,119988
2022-07-08T16:14:43,0,119988,0,119988
2022-07-08T16:25:13,0,119988,0,119988
2022-07-08T16:35:44,0,119988,0,119988
2022-07-08T16:46:15,0,119988,0,119988
2022-07-08T16:56:45,0,119988,0,119988
2022-07-08T17:07:16,0,119988,0,119988
2022-07-08T17:17:47,0,119988,0,119988
2022-07-08T17:28:28,0,119988,0,119988
2022-07-08T17:38:58,0,119988,0,119988
2022-07-08T17:49:28,0,119988,0,119988
2022-07-08T17:59:59,0,119988,0,119988
2022-07-08T18:10:30,0,119988,0,119988
2022-07-08T18:21:01,0,119988,0,119988
2022-07-08T18:31:31,0,119988,0,119988
2022-07-08T18:42:01,0,119988,0,119988
2022-07-08T18:52:31,0,119988,0,119988
2022-07-08T19:03:02,0,119988,0,119988
2022-07-08T19:13:32,0,119988,0,119988
2022-07-08T19:24:03,0,119988,0,119988
2022-07-08T19:34:34,0,119988,0,119988
2022-07-08T19:45:04,0,119988,0,119988
2022-07-08T19:55:34,0,119988,0,119988
2022-07-08T20:06:16,0,119988,0,119988
2022-07-08T20:16:46,0,119988,0,119988
2022-07-08T20:27:16,0,119988,0,119988
2022-07-08T20:37:45,0,119988,0,119988
2022-07-08T20:48:15,0,119988,0,119988
2022-07-08T20:58:46,0,119988,0,119988
2022-07-08T21:09:16,0,119988,0,119988
2022-07-08T21:19:46,0,119988,0,119988
2022-07-08T21:30:16,0,119988,0,119988
2022-07-08T21:40:46,0,119988,0,119988
2022-07-08T21:51:18,0,119988,0,119988
2022-07-08T22:01:48,0,119988,0,119988
2022-07-08T22:12:18,0,119988,0,119988
2022-07-08T22:22:48,0,119988,0,119988
2022-07-08T22:33:18,0,119988,0,119988
2022-07-08T22:43:49,0,119988,0,119988
2022-07-08T22:54:43,0,119988,0,119988
2022-07-08T23:05:14,0,119988,0,119988
2022-07-08T23:15:44,0,119988,0,119988
2022-07-08T23:26:15,0,119988,0,119988
2022-07-08T23:36:45,0,119988,0,119988
2022-07-08T23:47:15,0,119988,0,119988
2022-07-08T23:57:45,0,119988,0,119988
2022-07-09T00:08:16,0,119988,0,119988
2022-07-09T00:18:49,0,119988,0,119988
2022-07-09T00:29:20,0,119988,0,119988
2022-07-09T00:39:53,0,119988,0,119988
2022-07-09T00:50:25,0,119988,0,119988
2022-07-09T01:00:59,0,119988,0,119988
2022-07-09T01:11:31,0,119988,0,119988
2022-07-09T01:22:04,0,119988,0,119988
2022-07-09T01:32:37,0,119988,0,119988
2022-07-09T01:43:09,0,119988,0,119988
2022-07-09T01:53:42,0,119988,0,119988
2022-07-09T02:04:15,0,119988,0,119988
2022-07-09T02:14:46,0,119988,0,119988
2022-07-09T02:25:25,0,119988,0,119988
2022-07-09T02:35:54,0,119988,0,119988
2022-07-09T02:46:24,0,119988,0,119988
2022-07-09T02:56:54,0,119988,0,119988
2022-07-09T03:07:24,0,119988,0,119988
2022-07-09T03:17:53,0,119988,0,119988
2022-07-09T03:28:23,0,119988,0,119988
2022-07-09T03:38:54,0,119988,0,119988
2022-07-09T03:49:25,0,119988,0,119988
2022-07-09T03:59:56,0,119988,0,119988
2022-07-09T04:29:18,0,119988,0,119988
2022-07-09T04:39:53,0,119988,0,119988
2022-07-09T04:50:26,0,119988,0,119988
2022-07-09T05:00:58,0,119988,0,119988
2022-07-09T05:11:33,0,119988,0,119988
2022-07-09T05:22:18,0,119988,0,119988
2022-07-09T05:32:51,0,119988,0,119988
2022-07-09T05:43:26,0,119988,0,119988
2022-07-09T05:53:59,0,119988,0,119988
2022-07-09T06:04:32,0,119988,0,119988
2022-07-09T06:15:05,0,119988,0,119988
2022-07-09T06:25:37,0,119988,0,119988
2022-07-09T06:36:09,0,119988,0,119988
2022-07-09T06:46:41,0,119988,0,119988
2022-07-09T06:57:14,0,119988,0,119988
2022-07-09T07:07:46,0,119988,0,119988
2022-07-09T07:18:19,0,119988,0,119988
2022-07-09T07:28:52,0,119988,0,119988
2022-07-09T07:39:24,0,119988,0,119988
2022-07-09T07:49:58,0,119988,0,119988
2022-07-09T08:00:32,0,119988,0,119988
2022-07-09T08:11:06,0,119988,0,119988
2022-07-09T08:21:39,0,119988,0,119988
2022-07-09T08:32:11,0,119988,0,119988
2022-07-09T08:44:47,0,119988,0,119988
2022-07-09T09:04:48,0,119988,0,119988
2022-07-09T09:25:27,0,119988,0,119988
2022-07-09T09:47:38,0,119988,0,119988
2022-07-09T10:08:12,0,119988,0,119988
2022-07-09T10:28:56,0,119988,0,119988
2022-07-09T10:41:55,0,119988,0,119988
2022-07-09T10:52:26,0,119988,0,119988
2022-07-09T11:02:57,0,119988,0,119988
2022-07-09T11:13:27,0,119988,0,119988
2022-07-09T11:23:57,0,119988,0,119988
2022-07-09T11:34:27,0,119988,0,119988
2022-07-09T11:45:06,0,119988,0,119988
2022-07-09T11:55:36,0,119988,0,119988
2022-07-09T12:06:08,0,119988,0,119988
2022-07-09T12:16:38,0,119988,0,119988
2022-07-09T12:27:08,0,119988,0,119988
2022-07-09T12:37:38,0,119988,0,119988
2022-07-09T12:48:08,0,119988,0,119988
2022-07-09T12:58:40,0,119988,0,119988
2022-07-09T13:09:10,0,119988,0,119988
2022-07-09T13:19:41,0,119988,0,119988
2022-07-09T13:30:13,0,119988,0,119988
2022-07-09T13:40:43,0,119988,0,119988
2022-07-09T13:51:14,0,119988,0,119988
2022-07-09T14:01:51,0,119988,0,119988
2022-07-09T14:12:38,0,119988,0,119988
2022-07-09T14:23:15,0,119988,0,119988
2022-07-09T14:33:51,0,119988,0,119988
2022-07-09T14:44:27,0,119988,0,119988
2022-07-09T14:55:05,0,119988,0,119988
2022-07-09T15:05:41,0,119988,0,119988
2022-07-09T15:16:18,0,119988,0,119988
2022-07-09T15:26:52,0,119988,0,119988
2022-07-09T15:37:26,0,119988,0,119988
2022-07-09T15:47:59,0,119988,0,119988
2022-07-09T15:58:40,0,119988,0,119988
2022-07-09T16:09:09,0,119988,0,119988
2022-07-09T16:19:39,0,119988,0,119988
2022-07-09T16:30:09,0,119988,0,119988
2022-07-09T16:40:39,0,119988,0,119988
2022-07-09T16:51:09,0,119988,0,119988
2022-07-09T17:01:39,0,119988,0,119988
2022-07-09T17:12:21,0,119988,0,119988
2022-07-09T17:22:51,0,119988,0,119988
2022-07-09T17:33:23,0,119988,0,119988
2022-07-09T17:43:53,0,119988,0,119988
2022-07-09T17:54:23,0,119988,0,119988
2022-07-09T18:04:52,0,119988,0,119988
2022-07-09T18:15:22,0,119988,0,119988
2022-07-09T18:25:52,0,119988,0,119988
2022-07-09T18:36:22,0,119988,0,119988
2022-07-09T18:46:51,0,119988,0,119988
2022-07-09T18:57:21,0,119988,0,119988
2022-07-09T19:07:51,0,119988,0,119988
2022-07-09T19:18:21,0,119988,0,119988
2022-07-09T19:28:50,0,119988,0,119988
2022-07-09T19:39:29,0,119988,0,119988
2022-07-09T19:49:59,0,119988,0,119988
2022-07-09T20:00:28,0,119988,0,119988
2022-07-09T20:10:58,0,119988,0,119988
2022-07-09T20:21:28,0,119988,0,119988
2022-07-09T20:31:58,0,119988,0,119988
2022-07-09T20:42:28,0,119988,0,119988
2022-07-09T20:52:58,0,119988,0,119988
2022-07-09T21:03:27,0,119988,0,119988
2022-07-09T21:13:57,0,119988,0,119988
2022-07-09T21:24:27,0,119988,0,119988
2022-07-09T21:34:57,0,119988,0,119988
2022-07-09T21:45:27,0,119988,0,119988
2022-07-09T21:55:58,0,119988,0,119988
2022-07-09T22:06:28,0,119988,0,119988
2022-07-09T22:16:58,0,119988,0,119988
2022-07-09T22:27:28,0,119988,0,119988
2022-07-09T22:38:07,0,119988,0,119988
2022-07-09T22:48:37,0,119988,0,119988
2022-07-09T22:59:06,0,119988,0,119988
2022-07-09T23:09:37,0,119988,0,119988
2022-07-09T23:20:08,0,119988,0,119988
2022-07-09T23:30:38,0,119988,0,119988
2022-07-09T23:41:08,0,119988,0,119988
2022-07-09T23:51:40,0,119988,0,119988
2022-07-10T00:02:11,0,119988,0,119988
2022-07-10T00:12:41,0,119988,0,119988
2022-07-10T00:23:14,0,119988,0,119988
2022-07-10T00:33:45,0,119988,0,119988
2022-07-10T00:44:15,0,119988,0,119988
2022-07-10T00:54:45,0,119988,0,119988
2022-07-10T01:05:15,0,119988,0,119988
2022-07-10T01:15:46,0,119988,0,119988
2022-07-10T01:26:15,0,119988,0,119988
2022-07-10T01:36:45,0,119988,0,119988
2022-07-10T01:47:15,0,119988,0,119988
2022-07-10T01:57:44,0,119988,0,119988
2022-07-10T02:08:14,0,119988,0,119988
2022-07-10T02:18:44,0,119988,0,119988
2022-07-10T02:29:23,0,119988,0,119988
2022-07-10T02:39:58,0,119988,0,119988
2022-07-10T02:50:31,0,119988,0,119988
2022-07-10T03:01:04,0,119988,0,119988
2022-07-10T03:11:43,0,119988,0,119988
2022-07-10T03:22:17,0,119988,0,119988
2022-07-10T03:32:51,0,119988,0,119988
2022-07-10T03:43:24,0,119988,0,119988
2022-07-10T03:53:57,0,119988,0,119988
2022-07-10T04:04:30,0,119988,0,119988
2022-07-10T04:16:01,0,119988,0,119988
2022-07-10T04:30:43,0,119988,0,119988
2022-07-10T04:41:37,0,119988,0,119988
2022-07-10T04:52:10,0,119988,0,119988
2022-07-10T05:02:44,0,119988,0,119988
2022-07-10T05:13:20,0,119988,0,119988
2022-07-10T05:23:53,0,119988,0,119988
2022-07-10T05:34:25,0,119988,0,119988
2022-07-10T05:45:00,0,119988,0,119988
2022-07-10T05:55:32,0,119988,0,119988
2022-07-10T06:06:04,0,119988,0,119988
2022-07-10T06:16:38,0,119988,0,119988
2022-07-10T06:27:11,0,119988,0,119988
2022-07-10T06:37:43,0,119988,0,119988
2022-07-10T06:48:15,0,119988,0,119988
2022-07-10T06:58:46,0,119988,0,119988
2022-07-10T07:09:16,0,119988,0,119988
2022-07-10T07:19:47,0,119988,0,119988
2022-07-10T07:30:18,0,119988,0,119988
2022-07-10T07:40:48,0,119988,0,119988
2022-07-10T07:51:19,0,119988,0,119988
2022-07-10T08:01:49,0,119988,0,119988
2022-07-10T08:12:20,0,119988,0,119988
2022-07-10T08:22:50,0,119988,0,119988
2022-07-10T08:33:33,0,119988,0,119988
2022-07-10T08:44:03,0,119988,0,119988
2022-07-10T08:54:33,0,119988,0,119988
2022-07-10T09:05:02,0,119988,0,119988
2022-07-10T09:15:33,0,119988,0,119988
2022-07-10T09:26:03,0,119988,0,119988
2022-07-10T09:36:32,0,119988,0,119988
2022-07-10T09:47:02,0,119988,0,119988
2022-07-10T09:57:33,0,119988,0,119988
2022-07-10T10:08:04,0,119988,0,119988
2022-07-10T10:18:35,0,119988,0,119988
2022-07-10T10:29:06,0,119988,0,119988
2022-07-10T10:39:36,0,119988,0,119988
2022-07-10T10:50:07,0,119988,0,119988
2022-07-10T11:00:48,0,119988,0,119988
2022-07-10T11:11:19,0,119988,0,119988
2022-07-10T11:21:55,0,119988,0,119988
2022-07-10T11:32:25,0,119988,0,119988
2022-07-10T11:42:57,0,119988,0,119988
2022-07-10T11:53:28,0,119988,0,119988
2022-07-10T12:03:59,0,119988,0,119988
2022-07-10T12:14:29,0,119988,0,119988
2022-07-10T12:24:59,0,119988,0,119988
2022-07-10T12:35:29,0,119988,0,119988
2022-07-10T12:45:59,0,119988,0,119988
2022-07-10T12:56:29,0,119988,0,119988
2022-07-10T13:06:59,0,119988,0,119988
2022-07-10T13:17:30,0,119988,0,119988
2022-07-10T13:28:00,0,119988,0,119988
2022-07-10T13:38:40,0,119988,0,119988
2022-07-10T13:49:10,0,119988,0,119988
2022-07-10T13:59:40,0,119988,0,119988
2022-07-10T14:10:10,0,119988,0,119988
2022-07-10T14:20:40,0,119988,0,119988
2022-07-10T14:31:10,0,119988,0,119988
2022-07-10T14:41:40,0,119988,0,119988
2022-07-10T14:52:10,0,119988,0,119988
2022-07-10T15:02:40,0,119988,0,119988
2022-07-10T15:13:10,0,119988,0,119988
2022-07-10T15:23:40,0,119988,0,119988
2022-07-10T15:34:10,0,119988,0,119988
2022-07-10T15:44:40,0,119988,0,119988
2022-07-10T15:55:10,0,119988,0,119988
2022-07-10T16:05:41,0,119988,0,119988
2022-07-10T16:16:11,0,119988,0,119988
2022-07-10T16:26:51,0,119988,0,119988
2022-07-10T16:37:21,0,119988,0,119988
2022-07-10T16:47:52,0,119988,0,119988
2022-07-10T16:58:23,0,119988,0,119988
2022-07-10T17:08:53,0,119988,0,119988
2022-07-10T17:19:24,0,119988,0,119988
2022-07-10T17:29:54,0,119988,0,119988
2022-07-10T17:40:25,0,119988,0,119988
2022-07-10T17:50:56,0,119988,0,119988
2022-07-10T18:01:26,0,119988,0,119988
2022-07-10T18:11:57,0,119988,0,119988
2022-07-10T18:22:27,0,119988,0,119988
2022-07-10T18:32:57,0,119988,0,119988
2022-07-10T18:43:26,0,119988,0,119988
2022-07-10T18:53:57,0,119988,0,119988
2022-07-10T19:04:28,0,119988,0,119988
2022-07-10T19:14:59,0,119988,0,119988
2022-07-10T19:25:30,0,119988,0,119988
2022-07-10T19:36:00,0,119988,0,119988
2022-07-10T19:46:41,0,119988,0,119988
2022-07-10T19:57:12,0,119988,0,119988
2022-07-10T20:07:42,0,119988,0,119988
2022-07-10T20:18:13,0,119988,0,119988
2022-07-10T20:28:43,0,119988,0,119988
2022-07-10T20:39:13,0,119988,0,119988
2022-07-10T20:49:43,0,119988,0,119988
2022-07-10T21:00:13,0,119988,0,119988
2022-07-10T21:10:44,0,119988,0,119988
2022-07-10T21:21:14,0,119988,0,119988
2022-07-10T21:31:45,0,119988,0,119988
2022-07-10T21:42:16,0,119988,0,119988
2022-07-10T21:52:47,0,119988,0,119988
2022-07-10T22:03:17,0,119988,0,119988
2022-07-10T22:13:47,0,119988,0,119988
2022-07-10T22:24:17,0,119988,0,119988
2022-07-10T22:34:59,0,119988,0,119988
2022-07-10T22:45:29,0,119988,0,119988
2022-07-10T22:55:58,0,119988,0,119988
2022-07-10T23:06:29,0,119988,0,119988
2022-07-10T23:17:00,0,119988,0,119988
2022-07-10T23:27:32,0,119988,0,119988
2022-07-10T23:38:02,0,119988,0,119988
2022-07-10T23:48:32,0,119988,0,119988
2022-07-10T23:59:03,0,119988,0,119988
2022-07-11T00:09:35,0,119988,0,119988
2022-07-11T00:20:10,0,119988,0,119988
2022-07-11T00:30:44,0,119988,0,119988
2022-07-11T00:41:16,0,119988,0,119988
2022-07-11T00:51:48,0,119988,0,119988
2022-07-11T01:02:28,0,119988,0,119988
2022-07-11T01:13:07,0,119988,0,119988
2022-07-11T01:23:40,0,119988,0,119988
2022-07-11T01:34:12,0,119988,0,119988
2022-07-11T01:44:44,0,119988,0,119988
2022-07-11T01:55:16,0,119988,0,119988
2022-07-11T02:05:59,0,119988,0,119988
2022-07-11T02:16:31,0,119988,0,119988
2022-07-11T02:27:03,0,119988,0,119988
2022-07-11T02:37:35,0,119988,0,119988
2022-07-11T02:48:06,0,119988,0,119988
2022-07-11T02:58:36,0,119988,0,119988
2022-07-11T03:09:07,0,119988,0,119988
2022-07-11T03:19:37,0,119988,0,119988
2022-07-11T03:30:08,0,119988,0,119988
2022-07-11T03:40:40,0,119988,0,119988
2022-07-11T03:53:55,0,119988,0,119988
2022-07-11T04:04:27,0,119988,0,119988
2022-07-11T04:15:00,0,119988,0,119988
2022-07-11T04:30:57,0,119988,0,119988
2022-07-11T04:42:01,0,119988,0,119988
2022-07-11T04:52:34,0,119988,0,119988
2022-07-11T05:03:09,0,119988,0,119988
2022-07-11T05:13:42,0,119988,0,119988
2022-07-11T05:24:15,0,119988,0,119988
2022-07-11T05:34:49,0,119988,0,119988
2022-07-11T05:45:20,0,119988,0,119988
2022-07-11T05:55:51,0,119988,0,119988
2022-07-11T06:06:25,0,119988,0,119988
2022-07-11T06:16:57,0,119988,0,119988
2022-07-11T06:27:29,0,119988,0,119988
2022-07-11T06:38:01,0,119988,0,119988
2022-07-11T06:48:31,0,119988,0,119988
2022-07-11T06:59:02,0,119988,0,119988
2022-07-11T07:09:33,0,119988,0,119988
2022-07-11T07:20:05,0,119988,0,119988
2022-07-11T07:30:44,0,119988,0,119988
2022-07-11T07:41:15,0,119988,0,119988
2022-07-11T07:51:46,0,119988,0,119988
2022-07-11T08:02:17,0,119988,0,119988
2022-07-11T08:12:49,0,119988,0,119988
2022-07-11T08:23:20,0,119988,0,119988
2022-07-11T08:33:52,0,119988,0,119988
2022-07-11T08:44:24,0,119988,0,119988
2022-07-11T08:54:55,0,119988,0,119988
2022-07-11T09:05:26,0,119988,0,119988
2022-07-11T09:15:58,0,119988,0,119988
2022-07-11T09:26:29,0,119988,0,119988
2022-07-11T09:37:01,0,119988,0,119988
2022-07-11T09:47:33,0,119988,0,119988
2022-07-11T09:58:05,0,119988,0,119988
2022-07-11T10:08:38,0,119988,0,119988
2022-07-11T10:19:10,0,119988,0,119988
2022-07-11T10:29:42,0,119988,0,119988
2022-07-11T10:40:13,0,119988,0,119988
2022-07-11T10:50:45,0,119988,0,119988
2022-07-11T11:01:30,0,119988,0,119988
2022-07-11T11:12:03,0,119988,0,119988
2022-07-11T11:22:39,0,119988,0,119988
2022-07-11T11:33:15,0,119988,0,119988
2022-07-11T11:43:48,0,119988,0,119988
2022-07-11T11:54:20,0,119988,0,119988
2022-07-11T12:04:51,0,119988,0,119988
2022-07-11T12:15:23,0,119988,0,119988
2022-07-11T12:25:54,0,119988,0,119988
2022-07-11T12:36:25,0,119988,0,119988
2022-07-11T12:47:06,0,119988,0,119988
2022-07-11T12:57:37,0,119988,0,119988
2022-07-11T13:08:09,0,119988,0,119988
2022-07-11T13:18:40,0,119988,0,119988
2022-07-11T13:29:12,0,119988,0,119988
2022-07-11T13:39:43,0,119988,0,119988
2022-07-11T13:50:16,0,119988,0,119988
2022-07-11T14:00:49,0,119988,0,119988
2022-07-11T14:11:20,0,119988,0,119988
2022-07-11T14:21:54,0,119988,0,119988
2022-07-11T14:32:35,0,119988,0,119988
2022-07-11T14:43:07,0,119988,0,119988
2022-07-11T14:53:39,0,119988,0,119988
2022-07-11T15:04:13,0,119988,0,119988
2022-07-11T15:14:45,0,119988,0,119988
2022-07-11T15:25:17,0,119988,0,119988
2022-07-11T15:35:49,0,119988,0,119988
2022-07-11T15:46:21,0,119988,0,119988
2022-07-11T15:56:53,0,119988,0,119988
2022-07-11T16:07:25,0,119988,0,119988
2022-07-11T16:17:56,0,119988,0,119988
2022-07-11T16:28:27,0,119988,0,119988
2022-07-11T16:38:58,0,119988,0,119988
2022-07-11T16:49:29,0,119988,0,119988
2022-07-11T17:00:11,0,119988,0,119988
2022-07-11T17:10:42,0,119988,0,119988
2022-07-11T17:21:14,0,119988,0,119988
2022-07-11T17:31:46,0,119988,0,119988
2022-07-11T17:42:17,0,119988,0,119988
2022-07-11T17:52:48,0,119988,0,119988
2022-07-11T18:03:18,0,119988,0,119988
2022-07-11T18:13:48,0,119988,0,119988
2022-07-11T18:24:19,0,119988,0,119988
2022-07-11T18:34:49,0,119988,0,119988
2022-07-11T18:45:21,0,119988,0,119988
2022-07-11T18:55:52,0,119988,0,119988
2022-07-11T19:06:23,0,119988,0,119988
2022-07-11T19:16:54,0,119988,0,119988
2022-07-11T19:27:25,0,119988,0,119988
2022-07-11T19:38:05,0,119988,0,119988
2022-07-11T19:48:35,0,119988,0,119988
2022-07-11T19:59:05,0,119988,0,119988
2022-07-11T20:09:35,0,119988,0,119988
2022-07-11T20:20:05,0,119988,0,119988
2022-07-11T20:30:36,0,119988,0,119988
2022-07-11T20:41:07,0,119988,0,119988
2022-07-11T20:51:37,0,119988,0,119988
2022-07-11T21:02:07,0,119988,0,119988
2022-07-11T21:12:40,0,119988,0,119988
2022-07-11T21:23:10,0,119988,0,119988
2022-07-11T21:33:51,0,119988,0,119988
2022-07-11T21:44:21,0,119988,0,119988
2022-07-11T21:54:54,0,119988,0,119988
2022-07-11T22:05:24,0,119988,0,119988
2022-07-11T22:15:55,0,119988,0,119988
2022-07-11T22:26:25,0,119988,0,119988
2022-07-11T22:36:55,0,119988,0,119988
2022-07-11T22:47:26,0,119988,0,119988
2022-07-11T22:57:56,0,119988,0,119988
2022-07-11T23:08:27,0,119988,0,119988
2022-07-11T23:19:08,0,119988,0,119988
2022-07-11T23:29:38,0,119988,0,119988
2022-07-11T23:40:09,0,119988,0,119988
2022-07-11T23:50:39,0,119988,0,119988
2022-07-12T00:01:09,0,119988,0,119988
2022-07-12T00:11:41,0,119988,0,119988
2022-07-12T00:22:18,0,119988,0,119988
2022-07-12T00:32:51,0,119988,0,119988
2022-07-12T00:43:24,0,119988,0,119988
2022-07-12T00:53:57,0,119988,0,119988
2022-07-12T01:04:30,0,119988,0,119988
2022-07-12T01:15:01,0,119988,0,119988
2022-07-12T01:25:45,0,119988,0,119988
2022-07-12T01:36:18,0,119988,0,119988
2022-07-12T01:46:49,0,119988,0,119988
2022-07-12T01:57:21,0,119988,0,119988
2022-07-12T02:07:53,0,119988,0,119988
2022-07-12T02:18:24,0,119988,0,119988
2022-07-12T02:28:55,0,119988,0,119988
2022-07-12T02:39:26,0,119988,0,119988
2022-07-12T02:49:56,0,119988,0,119988
2022-07-12T03:00:26,0,119988,0,119988
2022-07-12T03:10:56,0,119988,0,119988
2022-07-12T03:23:08,0,119988,0,119988
2022-07-12T03:32:02,0,119988,0,119988
2022-07-12T03:40:58,0,119988,0,119988
2022-07-12T03:49:54,0,119988,0,119988
2022-07-12T03:58:51,0,119988,0,119988
2022-07-12T04:08:52,0,119988,0,119988
2022-07-12T04:24:34,0,119988,0,119988
2022-07-12T04:33:58,0,119988,0,119988
2022-07-12T04:42:55,0,119988,0,119988
2022-07-12T04:51:53,0,119988,0,119988
2022-07-12T05:00:49,0,119988,0,119988
2022-07-12T05:09:44,0,119988,0,119988
2022-07-12T05:18:40,0,119988,0,119988
2022-07-12T05:27:35,0,119988,0,119988
2022-07-12T05:36:31,0,119988,0,119988
2022-07-12T05:45:28,0,119988,0,119988
2022-07-12T05:54:33,0,119988,0,119988
2022-07-12T06:03:31,0,119988,0,119988
2022-07-12T06:12:29,0,119988,0,119988
2022-07-12T06:21:27,0,119988,0,119988
2022-07-12T06:30:23,0,119988,0,119988
2022-07-12T06:39:23,0,119988,0,119988
2022-07-12T06:48:20,0,119988,0,119988
2022-07-12T06:57:17,0,119988,0,119988
2022-07-12T07:06:17,0,119988,0,119988
2022-07-12T07:15:14,0,119988,0,119988
2022-07-12T07:24:10,0,119988,0,119988
2022-07-12T07:33:06,0,119988,0,119988
2022-07-12T07:42:02,0,119988,0,119988
2022-07-12T07:50:59,0,119988,0,119988
2022-07-12T07:59:56,0,119988,0,119988
2022-07-12T08:08:52,0,119988,0,119988
2022-07-12T08:17:49,0,119988,0,119988
2022-07-12T08:26:47,0,119988,0,119988
2022-07-12T08:35:44,0,119988,0,119988
2022-07-12T08:44:41,0,119988,0,119988
2022-07-12T08:53:39,0,119988,0,119988
2022-07-12T09:02:36,0,119988,0,119988
2022-07-12T09:11:44,0,119988,0,119988
2022-07-12T09:20:42,0,119988,0,119988
2022-07-12T09:29:38,0,119988,0,119988
2022-07-12T09:38:34,0,119988,0,119988
2022-07-12T09:47:30,0,119988,0,119988
2022-07-12T09:56:26,0,119988,0,119988
2022-07-12T10:05:22,0,119988,0,119988
2022-07-12T10:14:19,0,119988,0,119988
2022-07-12T10:23:16,0,119988,0,119988
2022-07-12T10:32:13,0,119988,0,119988
2022-07-12T10:41:10,0,119988,0,119988
2022-07-12T10:50:07,0,119988,0,119988
2022-07-12T10:59:04,0,119988,0,119988
2022-07-12T11:08:02,0,119988,0,119988
2022-07-12T11:17:10,0,119988,0,119988
2022-07-12T11:26:07,0,119988,0,119988
2022-07-12T11:35:03,0,119988,0,119988
2022-07-12T11:43:59,0,119988,0,119988
2022-07-12T11:52:55,0,119988,0,119988
2022-07-12T12:01:52,0,119988,0,119988
2022-07-12T12:10:48,0,119988,0,119988
2022-07-12T12:19:44,0,119988,0,119988
2022-07-12T12:28:40,0,119988,0,119988
2022-07-12T12:37:36,0,119988,0,119988
2022-07-12T12:46:31,0,119988,0,119988
2022-07-12T12:55:27,0,119988,0,119988
2022-07-12T13:04:24,0,119988,0,119988
2022-07-12T13:13:20,0,119988,0,119988
2022-07-12T13:22:26,0,119988,0,119988
2022-07-12T13:31:23,0,119988,0,119988
2022-07-12T13:40:19,0,119988,0,119988
2022-07-12T13:49:16,0,119988,0,119988
2022-07-12T13:58:13,0,119988,0,119988
2022-07-12T14:07:09,0,119988,0,119988
2022-07-12T14:16:05,0,119988,0,119988
2022-07-12T14:25:01,0,119988,0,119988
2022-07-12T14:33:57,0,119988,0,119988
2022-07-12T14:42:53,0,119988,0,119988
2022-07-12T14:52:00,0,119988,0,119988
2022-07-12T15:00:56,0,119988,0,119988
2022-07-12T15:09:52,0,119988,0,119988
2022-07-12T15:18:49,0,119988,0,119988
2022-07-12T15:27:45,0,119988,0,119988
2022-07-12T15:36:42,0,119988,0,119988
2022-07-12T15:45:40,0,119988,0,119988
2022-07-12T15:54:36,0,119988,0,119988
2022-07-12T16:03:45,0,119988,0,119988
2022-07-12T16:12:40,0,119988,0,119988
2022-07-12T16:21:36,0,119988,0,119988
2022-07-12T16:30:31,0,119988,0,119988
2022-07-12T16:39:27,0,119988,0,119988
2022-07-12T16:48:22,0,119988,0,119988
2022-07-12T16:57:18,0,119988,0,119988
2022-07-12T17:06:24,0,119988,0,119988
2022-07-12T17:15:20,0,119988,0,119988
2022-07-12T17:24:16,0,119988,0,119988
2022-07-12T17:33:11,0,119988,0,119988
2022-07-12T17:42:06,0,119988,0,119988
2022-07-12T17:51:01,0,119988,0,119988
2022-07-12T17:59:56,0,119988,0,119988
2022-07-12T18:08:51,0,119988,0,119988
2022-07-12T18:17:48,0,119988,0,119988
2022-07-12T18:26:43,0,119988,0,119988
2022-07-12T18:35:38,0,119988,0,119988
2022-07-12T18:44:33,0,119988,0,119988
2022-07-12T18:53:28,0,119988,0,119988
2022-07-12T19:02:34,0,119988,0,119988
2022-07-12T19:11:29,0,119988,0,119988
2022-07-12T19:20:25,0,119988,0,119988
2022-07-12T19:29:21,0,119988,0,119988
2022-07-12T19:38:16,0,119988,0,119988
2022-07-12T19:47:12,0,119988,0,119988
2022-07-12T19:56:06,0,119988,0,119988
2022-07-12T20:05:00,0,119988,0,119988
2022-07-12T20:13:56,0,119988,0,119988
2022-07-12T20:22:50,0,119988,0,119988
2022-07-12T20:31:45,0,119988,0,119988
2022-07-12T20:40:40,0,119988,0,119988
2022-07-12T20:49:34,0,119988,0,119988
2022-07-12T20:58:30,0,119988,0,119988
2022-07-12T21:07:35,0,119988,0,119988
2022-07-12T21:16:30,0,119988,0,119988
2022-07-12T21:25:24,0,119988,0,119988
2022-07-12T21:34:17,0,119988,0,119988
2022-07-12T21:43:12,0,119988,0,119988
2022-07-12T21:52:07,0,119988,0,119988
2022-07-12T22:01:11,0,119988,0,119988
2022-07-12T22:10:05,0,119988,0,119988
2022-07-12T22:18:59,0,119988,0,119988
2022-07-12T22:27:54,0,119988,0,119988
2022-07-12T22:36:49,0,119988,0,119988
2022-07-12T22:45:43,0,119988,0,119988
2022-07-12T22:54:38,0,119988,0,119988
2022-07-12T23:03:42,0,119988,0,119988
2022-07-12T23:12:37,0,119988,0,119988
2022-07-12T23:21:32,0,119988,0,119988
2022-07-12T23:30:27,0,119988,0,119988
2022-07-12T23:39:22,0,119988,0,119988
2022-07-12T23:48:16,0,119988,0,119988
2022-07-12T23:57:11,0,119988,0,119988
2022-07-13T00:06:05,0,119988,0,119988
2022-07-13T00:15:01,0,119988,0,119988
2022-07-13T00:23:58,0,119988,0,119988
2022-07-13T00:32:54,0,119988,0,119988
2022-07-13T00:41:51,0,119988,0,119988
2022-07-13T00:50:49,0,119988,0,119988
2022-07-13T00:59:55,0,119988,0,119988
2022-07-13T01:08:52,0,119988,0,119988
2022-07-13T01:17:51,0,119988,0,119988
2022-07-13T01:26:49,0,119988,0,119988
2022-07-13T01:35:47,0,119988,0,119988
2022-07-13T01:44:43,0,119988,0,119988
2022-07-13T01:53:42,0,119988,0,119988
2022-07-13T02:02:39,0,119988,0,119988
2022-07-13T02:11:35,0,119988,0,119988
2022-07-13T02:20:30,0,119988,0,119988
2022-07-13T02:29:28,0,119988,0,119988
2022-07-13T02:38:34,0,119988,0,119988
2022-07-13T02:47:30,0,119988,0,119988
2022-07-13T02:56:27,0,119988,0,119988
2022-07-13T03:05:23,0,119988,0,119988
2022-07-13T03:14:19,0,119988,0,119988
2022-07-13T03:23:14,0,119988,0,119988
2022-07-13T03:32:09,0,119988,0,119988
2022-07-13T03:41:06,0,119988,0,119988
2022-07-13T03:50:03,0,119988,0,119988
2022-07-13T03:58:59,0,119988,0,119988
2022-07-13T04:07:56,0,119988,0,119988
2022-07-13T04:17:05,0,119988,0,119988
2022-07-13T04:31:01,0,119988,0,119988
2022-07-13T04:40:21,0,119988,0,119988
2022-07-13T04:49:19,0,119988,0,119988
2022-07-13T04:58:16,0,119988,0,119988
2022-07-13T05:07:15,0,119988,0,119988
2022-07-13T05:16:13,0,119988,0,119988
2022-07-13T05:25:11,0,119988,0,119988
2022-07-13T05:34:09,0,119988,0,119988
2022-07-13T05:43:09,0,119988,0,119988
2022-07-13T05:52:06,0,119988,0,119988
2022-07-13T06:01:04,0,119988,0,119988
2022-07-13T06:10:01,0,119988,0,119988
2022-07-13T06:18:58,0,119988,0,119988
2022-07-13T06:27:56,0,119988,0,119988
2022-07-13T06:36:52,0,119988,0,119988
2022-07-13T06:45:57,0,119988,0,119988
2022-07-13T06:54:52,0,119988,0,119988
2022-07-13T07:03:48,0,119988,0,119988
2022-07-13T07:12:44,0,119988,0,119988
2022-07-13T07:21:39,0,119988,0,119988
2022-07-13T07:30:34,0,119988,0,119988
2022-07-13T07:39:30,0,119988,0,119988
2022-07-13T07:48:24,0,119988,0,119988
2022-07-13T07:57:19,0,119988,0,119988
2022-07-13T08:06:15,0,119988,0,119988
2022-07-13T08:15:10,0,119988,0,119988
2022-07-13T08:24:06,0,119988,0,119988
2022-07-13T08:33:02,0,119988,0,119988
2022-07-13T08:41:58,0,119988,0,119988
2022-07-13T08:50:53,0,119988,0,119988
2022-07-13T08:59:50,0,119988,0,119988
2022-07-13T09:08:46,0,119988,0,119988
2022-07-13T09:17:42,0,119988,0,119988
2022-07-13T09:26:38,0,119988,0,119988
2022-07-13T09:35:34,0,119988,0,119988
2022-07-13T09:44:41,0,119988,0,119988
2022-07-13T09:53:37,0,119988,0,119988
2022-07-13T10:02:33,0,119988,0,119988
2022-07-13T10:11:29,0,119988,0,119988
2022-07-13T10:20:28,0,119988,0,119988
2022-07-13T10:29:24,0,119988,0,119988
2022-07-13T10:38:21,0,119988,0,119988
2022-07-13T10:47:17,0,119988,0,119988
2022-07-13T10:56:14,0,119988,0,119988
2022-07-13T11:05:20,0,119988,0,119988
2022-07-13T11:14:15,0,119988,0,119988
2022-07-13T11:23:12,0,119988,0,119988
2022-07-13T11:32:08,0,119988,0,119988
2022-07-13T11:41:03,0,119988,0,119988
2022-07-13T11:49:59,0,119988,0,119988
2022-07-13T11:58:55,0,119988,0,119988
2022-07-13T12:07:50,0,119988,0,119988
2022-07-13T12:16:46,0,119988,0,119988
2022-07-13T12:25:42,0,119988,0,119988
2022-07-13T12:34:37,0,119988,0,119988
2022-07-13T12:43:33,0,119988,0,119988
2022-07-13T12:52:29,0,119988,0,119988
2022-07-13T13:01:36,0,119988,0,119988
2022-07-13T13:10:32,0,119988,0,119988
2022-07-13T13:19:28,0,119988,0,119988
2022-07-13T13:28:25,0,119988,0,119988
2022-07-13T13:37:21,0,119988,0,119988
2022-07-13T13:46:21,0,119988,0,119988
2022-07-13T13:55:17,0,119988,0,119988
2022-07-13T14:04:13,0,119988,0,119988
2022-07-13T14:13:09,0,119988,0,119988
2022-07-13T14:22:06,0,119988,0,119988
2022-07-13T14:31:13,0,119988,0,119988
2022-07-13T14:40:09,0,119988,0,119988
2022-07-13T14:49:06,0,119988,0,119988
2022-07-13T14:58:02,0,119988,0,119988
2022-07-13T15:06:58,0,119988,0,119988
2022-07-13T15:15:54,0,119988,0,119988
2022-07-13T15:24:50,0,119988,0,119988
2022-07-13T15:33:47,0,119988,0,119988
2022-07-13T15:42:43,0,119988,0,119988
2022-07-13T15:51:39,0,119988,0,119988
2022-07-13T16:00:46,0,119988,0,119988
2022-07-13T16:09:42,0,119988,0,119988
2022-07-13T16:18:37,0,119988,0,119988
2022-07-13T16:27:33,0,119988,0,119988
2022-07-13T16:36:28,0,119988,0,119988
2022-07-13T16:45:23,0,119988,0,119988
2022-07-13T16:54:28,0,119988,0,119988
2022-07-13T17:03:23,0,119988,0,119988
2022-07-13T17:12:19,0,119988,0,119988
2022-07-13T17:21:15,0,119988,0,119988
2022-07-13T17:30:10,0,119988,0,119988
2022-07-13T17:39:06,0,119988,0,119988
2022-07-13T17:48:01,0,119988,0,119988
2022-07-13T17:56:56,0,119988,0,119988
2022-07-13T18:05:51,0,119988,0,119988
2022-07-13T18:14:46,0,119988,0,119988
2022-07-13T18:23:41,0,119988,0,119988
2022-07-13T18:32:36,0,119988,0,119988
2022-07-13T18:41:31,0,119988,0,119988
2022-07-13T18:50:26,0,119988,0,119988
2022-07-13T18:59:31,0,119988,0,119988
2022-07-13T19:08:27,0,119988,0,119988
2022-07-13T19:17:22,0,119988,0,119988
2022-07-13T19:26:17,0,119988,0,119988
2022-07-13T19:35:12,0,119988,0,119988
2022-07-13T19:44:07,0,119988,0,119988
2022-07-13T19:53:02,0,119988,0,119988
2022-07-13T20:01:57,0,119988,0,119988
2022-07-13T20:10:51,0,119988,0,119988
2022-07-13T20:19:46,0,119988,0,119988
2022-07-13T20:28:40,0,119988,0,119988
2022-07-13T20:37:35,0,119988,0,119988
2022-07-13T20:46:30,0,119988,0,119988
2022-07-13T20:55:25,0,119988,0,119988
2022-07-13T21:04:19,0,119988,0,119988
2022-07-13T21:13:14,0,119988,0,119988
2022-07-13T21:22:09,0,119988,0,119988
2022-07-13T21:31:15,0,119988,0,119988
2022-07-13T21:40:11,0,119988,0,119988
2022-07-13T21:49:07,0,119988,0,119988
2022-07-13T21:58:03,0,119988,0,119988
2022-07-13T22:06:58,0,119988,0,119988
2022-07-13T22:15:52,0,119988,0,119988
2022-07-13T22:24:47,0,119988,0,119988
2022-07-13T22:33:42,0,119988,0,119988
2022-07-13T22:42:36,0,119988,0,119988
2022-07-13T22:51:31,0,119988,0,119988
2022-07-13T23:00:26,0,119988,0,119988
2022-07-13T23:09:23,0,119988,0,119988
2022-07-13T23:18:18,0,119988,0,119988
2022-07-13T23:27:14,0,119988,0,119988
2022-07-13T23:36:09,0,119988,0,119988
2022-07-13T23:45:03,0,119988,0,119988
2022-07-13T23:53:58,0,119988,0,119988
2022-07-14T00:02:53,0,119988,0,119988
2022-07-14T00:11:49,0,119988,0,119988
2022-07-14T00:20:58,0,119988,0,119988
2022-07-14T00:29:55,0,119988,0,119988
2022-07-14T00:38:54,0,119988,0,119988
2022-07-14T00:47:52,0,119988,0,119988
2022-07-14T00:56:49,0,119988,0,119988
2022-07-14T01:05:46,0,119988,0,119988
2022-07-14T01:14:43,0,119988,0,119988
2022-07-14T01:23:40,0,119988,0,119988
2022-07-14T01:32:38,0,119988,0,119988
2022-07-14T01:41:35,0,119988,0,119988
2022-07-14T01:50:32,0,119988,0,119988
2022-07-14T01:59:29,0,119988,0,119988
2022-07-14T02:08:24,0,119988,0,119988
2022-07-14T02:17:20,0,119988,0,119988
2022-07-14T02:26:15,0,119988,0,119988
2022-07-14T02:35:10,0,119988,0,119988
2022-07-14T02:44:04,0,119988,0,119988
2022-07-14T02:52:59,0,119988,0,119988
2022-07-14T03:01:53,0,119988,0,119988
2022-07-14T03:11:01,0,119988,0,119988
2022-07-14T03:19:55,0,119988,0,119988
2022-07-14T03:28:48,0,119988,0,119988
2022-07-14T03:37:43,0,119988,0,119988
2022-07-14T03:46:39,0,119988,0,119988
2022-07-14T03:55:34,0,119988,0,119988
2022-07-14T04:06:58,0,119988,0,119988
2022-07-14T04:16:17,0,119988,0,119988
2022-07-14T04:29:03,0,119988,0,119988
2022-07-14T04:38:22,0,119988,0,119988
2022-07-14T04:47:21,0,119988,0,119988
2022-07-14T04:56:18,0,119988,0,119988
2022-07-14T05:05:16,0,119988,0,119988
2022-07-14T05:14:13,0,119988,0,119988
2022-07-14T05:23:10,0,119988,0,119988
2022-07-14T05:32:09,0,119988,0,119988
2022-07-14T05:41:06,0,119988,0,119988
2022-07-14T05:50:02,0,119988,0,119988
2022-07-14T05:58:59,0,119988,0,119988
2022-07-14T06:07:55,0,119988,0,119988
2022-07-14T06:16:52,0,119988,0,119988
2022-07-14T06:25:50,0,119988,0,119988
2022-07-14T06:34:46,0,119988,0,119988
2022-07-14T06:43:43,0,119988,0,119988
2022-07-14T06:52:40,0,119988,0,119988
2022-07-14T07:01:37,0,119988,0,119988
2022-07-14T07:10:34,0,119988,0,119988
2022-07-14T07:19:32,0,119988,0,119988
2022-07-14T07:28:32,0,119988,0,119988
2022-07-14T07:37:30,0,119988,0,119988
2022-07-14T07:46:29,0,119988,0,119988
2022-07-14T07:55:24,0,119988,0,119988
2022-07-14T08:04:21,0,119988,0,119988
2022-07-14T08:13:16,0,119988,0,119988
2022-07-14T08:22:12,0,119988,0,119988
2022-07-14T08:31:09,0,119988,0,119988
2022-07-14T08:40:05,0,119988,0,119988
2022-07-14T08:49:01,0,119988,0,119988
2022-07-14T08:58:08,0,119988,0,119988
2022-07-14T09:07:04,0,119988,0,119988
2022-07-14T09:16:00,0,119988,0,119988
2022-07-14T09:24:56,0,119988,0,119988
2022-07-14T09:33:53,0,119988,0,119988
2022-07-14T09:42:49,0,119988,0,119988
2022-07-14T09:51:46,0,119988,0,119988
2022-07-14T10:00:42,0,119988,0,119988
2022-07-14T10:09:39,0,119988,0,119988
2022-07-14T10:18:35,0,119988,0,119988
2022-07-14T10:27:32,0,119988,0,119988
2022-07-14T10:36:29,0,119988,0,119988
2022-07-14T10:45:26,0,119988,0,119988
2022-07-14T10:54:34,0,119988,0,119988
2022-07-14T11:03:30,0,119988,0,119988
2022-07-14T11:12:27,0,119988,0,119988
2022-07-14T11:21:23,0,119988,0,119988
2022-07-14T11:30:19,0,119988,0,119988
2022-07-14T11:39:15,0,119988,0,119988
2022-07-14T11:48:12,0,119988,0,119988
2022-07-14T11:57:08,0,119988,0,119988
2022-07-14T12:06:05,0,119988,0,119988
2022-07-14T12:15:02,0,119988,0,119988
2022-07-14T12:23:58,0,119988,0,119988
2022-07-14T12:32:55,0,119988,0,119988
2022-07-14T12:41:50,0,119988,0,119988
2022-07-14T12:50:46,0,119988,0,119988
2022-07-14T12:59:54,0,119988,0,119988
2022-07-14T13:08:50,0,119988,0,119988
2022-07-14T13:17:47,0,119988,0,119988
2022-07-14T13:26:55,0,119988,0,119988
2022-07-14T13:36:03,0,119988,0,119988
2022-07-14T13:45:16,0,119988,0,119988
2022-07-14T13:54:30,0,119988,0,119988
2022-07-14T14:03:39,0,119988,0,119988
2022-07-14T14:12:49,0,119988,0,119988
2022-07-14T14:21:59,0,119988,0,119988
2022-07-14T14:31:05,0,119988,0,119988
2022-07-14T14:40:09,0,119988,0,119988
2022-07-14T14:49:17,0,119988,0,119988
2022-07-14T14:58:25,0,119988,0,119988
2022-07-14T15:07:36,0,119988,0,119988
2022-07-14T15:16:54,0,119988,0,119988
2022-07-14T15:26:00,0,119988,0,119988
2022-07-14T15:35:07,0,119988,0,119988
2022-07-14T15:44:13,0,119988,0,119988
2022-07-14T15:53:19,0,119988,0,119988
2022-07-14T16:02:24,0,119988,0,119988
2022-07-14T16:11:30,0,119988,0,119988
2022-07-14T16:20:33,0,119988,0,119988
2022-07-14T16:29:35,0,119988,0,119988
2022-07-14T16:38:35,0,119988,0,119988
2022-07-14T16:47:31,0,119988,0,119988
2022-07-14T16:56:27,0,119988,0,119988
2022-07-14T17:05:22,0,119988,0,119988
2022-07-14T17:14:18,0,119988,0,119988
2022-07-14T17:23:13,0,119988,0,119988
2022-07-14T17:32:20,0,119988,0,119988
2022-07-14T17:41:15,0,119988,0,119988
2022-07-14T17:50:10,0,119988,0,119988
2022-07-14T17:59:06,0,119988,0,119988
2022-07-14T18:08:01,0,119988,0,119988
2022-07-14T18:16:56,0,119988,0,119988
2022-07-14T18:25:50,0,119988,0,119988
2022-07-14T18:34:45,0,119988,0,119988
2022-07-14T18:43:40,0,119988,0,119988
2022-07-14T18:52:35,0,119988,0,119988
2022-07-14T19:01:31,0,119988,0,119988
2022-07-14T19:10:39,0,119988,0,119988
2022-07-14T19:19:34,0,119988,0,119988
2022-07-14T19:28:29,0,119988,0,119988
2022-07-14T19:37:24,0,119988,0,119988
2022-07-14T19:46:18,0,119988,0,119988
2022-07-14T19:55:13,0,119988,0,119988
2022-07-14T20:04:07,0,119988,0,119988
2022-07-14T20:13:02,0,119988,0,119988
2022-07-14T20:21:56,0,119988,0,119988
2022-07-14T20:30:50,0,119988,0,119988
2022-07-14T20:39:45,0,119988,0,119988
2022-07-14T20:48:50,0,119988,0,119988
2022-07-14T20:57:45,0,119988,0,119988
2022-07-14T21:06:40,0,119988,0,119988
2022-07-14T21:15:35,0,119988,0,119988
2022-07-14T21:24:30,0,119988,0,119988
2022-07-14T21:33:24,0,119988,0,119988
2022-07-14T21:42:18,0,119988,0,119988
2022-07-14T21:51:16,0,119988,0,119988
2022-07-14T22:00:11,0,119988,0,119988
2022-07-14T22:09:05,0,119988,0,119988
2022-07-14T22:18:00,0,119988,0,119988
2022-07-14T22:26:54,0,119988,0,119988
2022-07-14T22:35:49,0,119988,0,119988
2022-07-14T22:44:44,0,119988,0,119988
2022-07-14T22:53:38,0,119988,0,119988
2022-07-14T23:02:33,0,119988,0,119988
2022-07-14T23:11:29,0,119988,0,119988
2022-07-14T23:20:24,0,119988,0,119988
2022-07-14T23:29:20,0,119988,0,119988
2022-07-14T23:38:15,0,119988,0,119988
2022-07-14T23:47:09,0,119988,0,119988
2022-07-14T23:56:04,0,119988,0,119988
2022-07-15T00:04:59,0,119988,0,119988
2022-07-15T00:14:09,0,119988,0,119988
2022-07-15T00:23:06,0,119988,0,119988
2022-07-15T00:32:02,0,119988,0,119988
2022-07-15T00:40:59,0,119988,0,119988
2022-07-15T00:49:56,0,119988,0,119988
2022-07-15T00:58:53,0,119988,0,119988
2022-07-15T01:07:50,0,119988,0,119988
2022-07-15T01:16:47,0,119988,0,119988
2022-07-15T01:25:45,0,119988,0,119988
2022-07-15T01:34:42,0,119988,0,119988
2022-07-15T01:43:37,0,119988,0,119988
2022-07-15T01:52:34,0,119988,0,119988
2022-07-15T02:01:31,0,119988,0,119988
2022-07-15T02:10:26,0,119988,0,119988
2022-07-15T02:19:24,0,119988,0,119988
2022-07-15T02:28:20,0,119988,0,119988
2022-07-15T02:37:17,0,119988,0,119988
2022-07-15T02:46:14,0,119988,0,119988
2022-07-15T02:55:09,0,119988,0,119988
2022-07-15T03:04:05,0,119988,0,119988
2022-07-15T03:13:01,0,119988,0,119988
2022-07-15T03:21:55,0,119988,0,119988
2022-07-15T03:30:50,0,119988,0,119988
2022-07-15T03:39:57,0,119988,0,119988
2022-07-15T03:48:53,0,119988,0,119988
2022-07-15T04:00:02,0,119988,0,119988
2022-07-15T04:20:19,0,119988,0,119988
2022-07-15T04:29:41,0,119988,0,119988
2022-07-15T04:38:38,0,119988,0,119988
2022-07-15T04:47:35,0,119988,0,119988
2022-07-15T04:56:32,0,119988,0,119988
2022-07-15T05:05:31,0,119988,0,119988
2022-07-15T05:14:28,0,119988,0,119988
2022-07-15T05:23:24,0,119988,0,119988
2022-07-15T05:32:21,0,119988,0,119988
2022-07-15T05:41:22,0,119988,0,119988
2022-07-15T05:50:19,0,119988,0,119988
2022-07-15T05:59:17,0,119988,0,119988
2022-07-15T06:08:13,0,119988,0,119988
2022-07-15T06:17:09,0,119988,0,119988
2022-07-15T06:26:06,0,119988,0,119988
2022-07-15T06:35:02,0,119988,0,119988
2022-07-15T06:43:57,0,119988,0,119988
2022-07-15T06:52:51,0,119988,0,119988
2022-07-15T07:01:47,0,119988,0,119988
2022-07-15T07:10:51,0,119988,0,119988
2022-07-15T07:19:47,0,119988,0,119988
2022-07-15T07:28:42,0,119988,0,119988
2022-07-15T07:37:38,0,119988,0,119988
2022-07-15T07:46:34,0,119988,0,119988
2022-07-15T07:55:28,0,119988,0,119988
2022-07-15T08:04:23,0,119988,0,119988
2022-07-15T08:13:19,0,119988,0,119988
2022-07-15T08:22:14,0,119988,0,119988
2022-07-15T08:31:11,0,119988,0,119988
2022-07-15T08:40:06,0,119988,0,119988
2022-07-15T08:49:01,0,119988,0,119988
2022-07-15T08:57:57,0,119988,0,119988
2022-07-15T09:06:53,0,119988,0,119988
2022-07-15T09:15:48,0,119988,0,119988
2022-07-15T09:24:45,0,119988,0,119988
2022-07-15T09:33:41,0,119988,0,119988
2022-07-15T09:42:37,0,119988,0,119988
2022-07-15T09:51:33,0,119988,0,119988
2022-07-15T10:00:29,0,119988,0,119988
2022-07-15T10:09:25,0,119988,0,119988
2022-07-15T10:18:22,0,119988,0,119988
2022-07-15T10:27:31,0,119988,0,119988
2022-07-15T10:36:27,0,119988,0,119988
2022-07-15T10:45:24,0,119988,0,119988
2022-07-15T10:54:21,0,119988,0,119988
2022-07-15T11:03:18,0,119988,0,119988
2022-07-15T11:12:15,0,119988,0,119988
2022-07-15T11:21:12,0,119988,0,119988
2022-07-15T11:30:10,0,119988,0,119988
2022-07-15T11:39:06,0,119988,0,119988
2022-07-15T11:48:02,0,119988,0,119988
2022-07-15T11:56:58,0,119988,0,119988
2022-07-15T12:05:53,0,119988,0,119988
2022-07-15T12:14:49,0,119988,0,119988
2022-07-15T12:24:03,0,119988,0,119988
2022-07-15T12:32:58,0,119988,0,119988
2022-07-15T12:41:53,0,119988,0,119988
2022-07-15T12:50:49,0,119988,0,119988
2022-07-15T12:59:45,0,119988,0,119988
2022-07-15T13:08:40,0,119988,0,119988
2022-07-15T13:17:36,0,119988,0,119988
2022-07-15T13:26:31,0,119988,0,119988
2022-07-15T13:35:27,0,119988,0,119988
2022-07-15T13:44:22,0,119988,0,119988
2022-07-15T13:53:18,0,119988,0,119988
2022-07-15T14:02:31,0,119988,0,119988
2022-07-15T14:11:26,0,119988,0,119988
2022-07-15T14:20:22,0,119988,0,119988
2022-07-15T14:29:18,0,119988,0,119988
2022-07-15T14:38:14,0,119988,0,119988
2022-07-15T14:47:11,0,119988,0,119988
2022-07-15T14:56:07,0,119988,0,119988
2022-07-15T15:05:03,0,119988,0,119988
2022-07-15T15:14:00,0,119988,0,119988
2022-07-15T15:22:57,0,119988,0,119988
2022-07-15T15:31:54,0,119988,0,119988
2022-07-15T15:40:51,0,119988,0,119988
2022-07-15T15:49:47,0,119988,0,119988
2022-07-15T15:58:42,0,119988,0,119988
2022-07-15T16:07:49,0,119988,0,119988
2022-07-15T16:16:45,0,119988,0,119988
2022-07-15T16:25:40,0,119988,0,119988
2022-07-15T16:34:36,0,119988,0,119988
2022-07-15T16:43:31,0,119988,0,119988
2022-07-15T16:52:26,0,119988,0,119988
2022-07-15T17:01:21,0,119988,0,119988
2022-07-15T17:10:17,0,119988,0,119988
2022-07-15T17:19:12,0,119988,0,119988
2022-07-15T17:28:07,0,119988,0,119988
2022-07-15T17:37:02,0,119988,0,119988
2022-07-15T17:45:56,0,119988,0,119988
2022-07-15T17:54:51,0,119988,0,119988
2022-07-15T18:03:46,0,119988,0,119988
2022-07-15T18:12:41,0,119988,0,119988
2022-07-15T18:21:37,0,119988,0,119988
2022-07-15T18:30:48,0,119988,0,119988
2022-07-15T18:39:43,0,119988,0,119988
2022-07-15T18:48:37,0,119988,0,119988
2022-07-15T18:57:32,0,119988,0,119988
2022-07-15T19:06:26,0,119988,0,119988
2022-07-15T19:15:21,0,119988,0,119988
2022-07-15T19:24:16,0,119988,0,119988
2022-07-15T19:33:11,0,119988,0,119988
2022-07-15T19:42:05,0,119988,0,119988
2022-07-15T19:50:59,0,119988,0,119988
2022-07-15T19:59:53,0,119988,0,119988
2022-07-15T20:08:48,0,119988,0,119988
2022-07-15T20:17:42,0,119988,0,119988
2022-07-15T20:26:37,0,119988,0,119988
2022-07-15T20:35:31,0,119988,0,119988
2022-07-15T20:44:25,0,119988,0,119988
2022-07-15T20:53:20,0,119988,0,119988
2022-07-15T21:02:14,0,119988,0,119988
2022-07-15T21:11:09,0,119988,0,119988
2022-07-15T21:20:04,0,119988,0,119988
2022-07-15T21:29:09,0,119988,0,119988
2022-07-15T21:38:04,0,119988,0,119988
2022-07-15T21:46:59,0,119988,0,119988
2022-07-15T21:55:53,0,119988,0,119988
2022-07-15T22:04:47,0,119988,0,119988
2022-07-15T22:13:42,0,119988,0,119988
2022-07-15T22:22:35,0,119988,0,119988
2022-07-15T22:31:30,0,119988,0,119988
2022-07-15T22:40:25,0,119988,0,119988
2022-07-15T22:49:19,0,119988,0,119988
2022-07-15T22:58:14,0,119988,0,119988
2022-07-15T23:07:10,0,119988,0,119988
2022-07-15T23:16:07,0,119988,0,119988
2022-07-15T23:25:03,0,119988,0,119988
2022-07-15T23:33:59,0,119988,0,119988
2022-07-15T23:42:54,0,119988,0,119988
2022-07-15T23:51:48,0,119988,0,119988
2022-07-16T00:00:43,0,119988,0,119988
2022-07-16T00:09:38,0,119988,0,119988
2022-07-16T00:18:36,0,119988,0,119988
2022-07-16T00:28:08,0,119988,0,119988
2022-07-16T00:37:05,0,119988,0,119988
2022-07-16T00:46:03,0,119988,0,119988
2022-07-16T00:55:00,0,119988,0,119988
2022-07-16T01:03:58,0,119988,0,119988
2022-07-16T01:12:58,0,119988,0,119988
2022-07-16T01:21:55,0,119988,0,119988
2022-07-16T01:30:52,0,119988,0,119988
2022-07-16T01:39:52,0,119988,0,119988
2022-07-16T01:48:55,0,119988,0,119988
2022-07-16T01:57:59,0,119988,0,119988
2022-07-16T02:07:02,0,119988,0,119988
2022-07-16T02:16:04,0,119988,0,119988
2022-07-16T02:25:07,0,119988,0,119988
2022-07-16T02:34:10,0,119988,0,119988
2022-07-16T02:43:13,0,119988,0,119988
2022-07-16T02:52:17,0,119988,0,119988
2022-07-16T03:01:22,0,119988,0,119988
2022-07-16T03:10:21,0,119988,0,119988
2022-07-16T03:19:18,0,119988,0,119988
2022-07-16T03:28:15,0,119988,0,119988
2022-07-16T03:37:21,0,119988,0,119988
2022-07-16T03:46:17,0,119988,0,119988
2022-07-16T03:57:16,0,119988,0,119988
2022-07-16T04:06:31,0,119988,0,119988
2022-07-16T04:15:27,0,119988,0,119988
2022-07-16T04:28:59,0,119988,0,119988
2022-07-16T04:38:23,0,119988,0,119988
2022-07-16T04:47:21,0,119988,0,119988
2022-07-16T04:56:20,0,119988,0,119988
2022-07-16T05:05:18,0,119988,0,119988
2022-07-16T05:14:15,0,119988,0,119988
2022-07-16T05:23:12,0,119988,0,119988
2022-07-16T05:32:10,0,119988,0,119988
2022-07-16T05:41:08,0,119988,0,119988
2022-07-16T05:50:05,0,119988,0,119988
2022-07-16T05:59:02,0,119988,0,119988
2022-07-16T06:08:02,0,119988,0,119988
2022-07-16T06:16:59,0,119988,0,119988
2022-07-16T06:25:55,0,119988,0,119988
2022-07-16T06:34:51,0,119988,0,119988
2022-07-16T06:43:58,0,119988,0,119988
2022-07-16T06:52:56,0,119988,0,119988
2022-07-16T07:01:53,0,119988,0,119988
2022-07-16T07:10:49,0,119988,0,119988
2022-07-16T07:19:46,0,119988,0,119988
2022-07-16T07:28:43,0,119988,0,119988
2022-07-16T07:37:40,0,119988,0,119988
2022-07-16T07:46:37,0,119988,0,119988
2022-07-16T07:55:34,0,119988,0,119988
2022-07-16T08:04:31,0,119988,0,119988
2022-07-16T08:13:28,0,119988,0,119988
2022-07-16T08:22:25,0,119988,0,119988
2022-07-16T08:31:24,0,119988,0,119988
2022-07-16T08:40:21,0,119988,0,119988
2022-07-16T08:49:17,0,119988,0,119988
2022-07-16T08:58:14,0,119988,0,119988
2022-07-16T09:07:09,0,119988,0,119988
2022-07-16T09:16:08,0,119988,0,119988
2022-07-16T09:25:05,0,119988,0,119988
2022-07-16T09:34:01,0,119988,0,119988
2022-07-16T09:42:57,0,119988,0,119988
2022-07-16T09:51:54,0,119988,0,119988
2022-07-16T10:00:50,0,119988,0,119988
2022-07-16T10:09:46,0,119988,0,119988
2022-07-16T10:18:42,0,119988,0,119988
2022-07-16T10:27:36,0,119988,0,119988
2022-07-16T10:36:31,0,119988,0,119988
2022-07-16T10:45:25,0,119988,0,119988
2022-07-16T10:54:20,0,119988,0,119988
2022-07-16T11:03:14,0,119988,0,119988
2022-07-16T11:12:08,0,119988,0,119988
2022-07-16T11:21:03,0,119988,0,119988
2022-07-16T11:29:58,0,119988,0,119988
2022-07-16T11:38:53,0,119988,0,119988
2022-07-16T11:47:48,0,119988,0,119988
2022-07-16T11:56:43,0,119988,0,119988
2022-07-16T12:05:38,0,119988,0,119988
2022-07-16T12:14:32,0,119988,0,119988
2022-07-16T12:23:27,0,119988,0,119988
2022-07-16T12:32:21,0,119988,0,119988
2022-07-16T12:41:15,0,119988,0,119988
2022-07-16T12:50:09,0,119988,0,119988
2022-07-16T12:59:04,0,119988,0,119988
2022-07-16T13:08:09,0,119988,0,119988
2022-07-16T13:17:04,0,119988,0,119988
2022-07-16T13:25:58,0,119988,0,119988
2022-07-16T13:34:53,0,119988,0,119988
2022-07-16T13:43:47,0,119988,0,119988
2022-07-16T13:52:41,0,119988,0,119988
2022-07-16T14:01:36,0,119988,0,119988
2022-07-16T14:10:30,0,119988,0,119988
2022-07-16T14:19:25,0,119988,0,119988
2022-07-16T14:28:19,0,119988,0,119988
2022-07-16T14:37:13,0,119988,0,119988
2022-07-16T14:46:08,0,119988,0,119988
2022-07-16T14:55:02,0,119988,0,119988
2022-07-16T15:03:56,0,119988,0,119988
2022-07-16T15:12:51,0,119988,0,119988
2022-07-16T15:21:45,0,119988,0,119988
2022-07-16T15:30:39,0,119988,0,119988
2022-07-16T15:39:33,0,119988,0,119988
2022-07-16T15:48:27,0,119988,0,119988
2022-07-16T15:57:22,0,119988,0,119988
2022-07-16T16:06:16,0,119988,0,119988
2022-07-16T16:15:10,0,119988,0,119988
2022-07-16T16:24:05,0,119988,0,119988
2022-07-16T16:33:00,0,119988,0,119988
2022-07-16T16:41:54,0,119988,0,119988
2022-07-16T16:50:49,0,119988,0,119988
2022-07-16T16:59:44,0,119988,0,119988
2022-07-16T17:08:39,0,119988,0,119988
2022-07-16T17:17:34,0,119988,0,119988
2022-07-16T17:26:28,0,119988,0,119988
2022-07-16T17:35:23,0,119988,0,119988
2022-07-16T17:44:17,0,119988,0,119988
2022-07-16T17:53:12,0,119988,0,119988
2022-07-16T18:02:06,0,119988,0,119988
2022-07-16T18:11:00,0,119988,0,119988
2022-07-16T18:19:55,0,119988,0,119988
2022-07-16T18:28:50,0,119988,0,119988
2022-07-16T18:37:44,0,119988,0,119988
2022-07-16T18:46:38,0,119988,0,119988
2022-07-16T18:55:33,0,119988,0,119988
2022-07-16T19:04:27,0,119988,0,119988
2022-07-16T19:13:22,0,119988,0,119988
2022-07-16T19:22:16,0,119988,0,119988
2022-07-16T19:31:11,0,119988,0,119988
2022-07-16T19:40:05,0,119988,0,119988
2022-07-16T19:48:59,0,119988,0,119988
2022-07-16T19:57:53,0,119988,0,119988
2022-07-16T20:06:48,0,119988,0,119988
2022-07-16T20:15:42,0,119988,0,119988
2022-07-16T20:24:36,0,119988,0,119988
2022-07-16T20:33:31,0,119988,0,119988
2022-07-16T20:42:25,0,119988,0,119988
2022-07-16T20:51:20,0,119988,0,119988
2022-07-16T21:00:14,0,119988,0,119988
2022-07-16T21:09:08,0,119988,0,119988
2022-07-16T21:18:03,0,119988,0,119988
2022-07-16T21:26:57,0,119988,0,119988
2022-07-16T21:35:53,0,119988,0,119988
2022-07-16T21:44:48,0,119988,0,119988
2022-07-16T21:53:42,0,119988,0,119988
2022-07-16T22:02:37,0,119988,0,119988
2022-07-16T22:11:31,0,119988,0,119988
2022-07-16T22:20:26,0,119988,0,119988
2022-07-16T22:29:20,0,119988,0,119988
2022-07-16T22:38:15,0,119988,0,119988
2022-07-16T22:47:09,0,119988,0,119988
2022-07-16T22:56:03,0,119988,0,119988
2022-07-16T23:05:09,0,119988,0,119988
2022-07-16T23:14:04,0,119988,0,119988
2022-07-16T23:22:59,0,119988,0,119988
2022-07-16T23:31:53,0,119988,0,119988
2022-07-16T23:40:48,0,119988,0,119988
2022-07-16T23:49:42,0,119988,0,119988
2022-07-16T23:58:36,0,119988,0,119988
2022-07-17T00:07:31,0,119988,0,119988
2022-07-17T00:16:26,0,119988,0,119988
2022-07-17T00:25:20,0,119988,0,119988
2022-07-17T00:34:15,0,119988,0,119988
2022-07-17T00:43:11,0,119988,0,119988
2022-07-17T00:52:05,0,119988,0,119988
2022-07-17T01:01:01,0,119988,0,119988
2022-07-17T01:09:56,0,119988,0,119988
2022-07-17T01:18:51,0,119988,0,119988
2022-07-17T01:27:46,0,119988,0,119988
2022-07-17T01:36:42,0,119988,0,119988
2022-07-17T01:55:42,0,119988,0,119988
2022-07-17T02:04:37,0,119988,0,119988
2022-07-17T02:13:33,0,119988,0,119988
2022-07-17T02:22:31,0,119988,0,119988
2022-07-17T02:31:30,0,119988,0,119988
2022-07-17T02:40:56,0,119988,0,119988
2022-07-17T02:49:52,0,119988,0,119988
2022-07-17T02:58:50,0,119988,0,119988
2022-07-17T03:07:48,0,119988,0,119988
2022-07-17T03:16:45,0,119988,0,119988
2022-07-17T03:25:41,0,119988,0,119988
2022-07-17T03:34:37,0,119988,0,119988
2022-07-17T03:43:33,0,119988,0,119988
2022-07-17T03:52:28,0,119988,0,119988
2022-07-17T04:03:48,0,119988,0,119988
2022-07-17T04:24:38,0,119988,0,119988
2022-07-17T04:33:56,0,119988,0,119988
2022-07-17T04:42:54,0,119988,0,119988
2022-07-17T04:51:52,0,119988,0,119988
2022-07-17T05:00:49,0,119988,0,119988
2022-07-17T05:09:46,0,119988,0,119988
2022-07-17T05:18:44,0,119988,0,119988
2022-07-17T05:27:41,0,119988,0,119988
2022-07-17T05:36:39,0,119988,0,119988
2022-07-17T05:45:34,0,119988,0,119988
2022-07-17T05:54:31,0,119988,0,119988
2022-07-17T06:03:27,0,119988,0,119988
2022-07-17T06:12:23,0,119988,0,119988
2022-07-17T06:21:20,0,119988,0,119988
2022-07-17T06:30:17,0,119988,0,119988
2022-07-17T06:39:12,0,119988,0,119988
2022-07-17T06:48:06,0,119988,0,119988
2022-07-17T06:57:00,0,119988,0,119988
2022-07-17T07:05:55,0,119988,0,119988
2022-07-17T07:14:49,0,119988,0,119988
2022-07-17T07:23:44,0,119988,0,119988
2022-07-17T07:32:38,0,119988,0,119988
2022-07-17T07:41:33,0,119988,0,119988
2022-07-17T07:50:27,0,119988,0,119988
2022-07-17T07:59:21,0,119988,0,119988
2022-07-17T08:08:15,0,119988,0,119988
2022-07-17T08:17:09,0,119988,0,119988
2022-07-17T08:26:04,0,119988,0,119988
2022-07-17T08:34:59,0,119988,0,119988
2022-07-17T08:43:53,0,119988,0,119988
2022-07-17T08:52:50,0,119988,0,119988
2022-07-17T09:01:44,0,119988,0,119988
2022-07-17T09:10:38,0,119988,0,119988
2022-07-17T09:19:32,0,119988,0,119988
2022-07-17T09:28:26,0,119988,0,119988
2022-07-17T09:37:20,0,119988,0,119988
2022-07-17T09:46:15,0,119988,0,119988
2022-07-17T09:55:09,0,119988,0,119988
2022-07-17T10:04:03,0,119988,0,119988
2022-07-17T10:12:58,0,119988,0,119988
2022-07-17T10:21:52,0,119988,0,119988
2022-07-17T10:30:46,0,119988,0,119988
2022-07-17T10:39:41,0,119988,0,119988
2022-07-17T10:48:45,0,119988,0,119988
2022-07-17T10:57:39,0,119988,0,119988
2022-07-17T11:06:33,0,119988,0,119988
2022-07-17T11:15:28,0,119988,0,119988
2022-07-17T11:24:23,0,119988,0,119988
2022-07-17T11:33:18,0,119988,0,119988
2022-07-17T11:42:12,0,119988,0,119988
2022-07-17T11:51:07,0,119988,0,119988
2022-07-17T12:00:02,0,119988,0,119988
2022-07-17T12:08:56,0,119988,0,119988
2022-07-17T12:17:51,0,119988,0,119988
2022-07-17T12:26:45,0,119988,0,119988
2022-07-17T12:35:39,0,119988,0,119988
2022-07-17T12:44:35,0,119988,0,119988
2022-07-17T12:53:30,0,119988,0,119988
2022-07-17T13:02:24,0,119988,0,119988
2022-07-17T13:11:19,0,119988,0,119988
2022-07-17T13:20:13,0,119988,0,119988
2022-07-17T13:29:08,0,119988,0,119988
2022-07-17T13:38:02,0,119988,0,119988
2022-07-17T13:46:56,0,119988,0,119988
2022-07-17T13:55:51,0,119988,0,119988
2022-07-17T14:04:45,0,119988,0,119988
2022-07-17T14:13:50,0,119988,0,119988
2022-07-17T14:22:44,0,119988,0,119988
2022-07-17T14:31:39,0,119988,0,119988
2022-07-17T14:40:33,0,119988,0,119988
2022-07-17T14:49:27,0,119988,0,119988
2022-07-17T14:58:21,0,119988,0,119988
2022-07-17T15:07:15,0,119988,0,119988
2022-07-17T15:16:10,0,119988,0,119988
2022-07-17T15:25:04,0,119988,0,119988
2022-07-17T15:33:58,0,119988,0,119988
2022-07-17T15:42:53,0,119988,0,119988
2022-07-17T15:51:48,0,119988,0,119988
2022-07-17T16:00:43,0,119988,0,119988
2022-07-17T16:09:37,0,119988,0,119988
2022-07-17T16:18:33,0,119988,0,119988
2022-07-17T16:27:28,0,119988,0,119988
2022-07-17T16:36:22,0,119988,0,119988
2022-07-17T16:45:17,0,119988,0,119988
2022-07-17T16:54:11,0,119988,0,119988
2022-07-17T17:03:06,0,119988,0,119988
2022-07-17T17:12:01,0,119988,0,119988
2022-07-17T17:20:56,0,119988,0,119988
2022-07-17T17:29:51,0,119988,0,119988
2022-07-17T17:38:46,0,119988,0,119988
2022-07-17T17:47:41,0,119988,0,119988
2022-07-17T17:56:45,0,119988,0,119988
2022-07-17T18:05:39,0,119988,0,119988
2022-07-17T18:14:34,0,119988,0,119988
2022-07-17T18:23:29,0,119988,0,119988
2022-07-17T18:32:23,0,119988,0,119988
2022-07-17T18:41:17,0,119988,0,119988
2022-07-17T18:50:11,0,119988,0,119988
2022-07-17T18:59:05,0,119988,0,119988
2022-07-17T19:08:01,0,119988,0,119988
2022-07-17T19:16:56,0,119988,0,119988
2022-07-17T19:25:51,0,119988,0,119988
2022-07-17T19:34:46,0,119988,0,119988
2022-07-17T19:43:43,0,119988,0,119988
2022-07-17T19:52:38,0,119988,0,119988
2022-07-17T20:01:37,0,119988,0,119988
2022-07-17T20:10:37,0,119988,0,119988
2022-07-17T20:19:37,0,119988,0,119988
2022-07-17T20:28:31,0,119988,0,119988
2022-07-17T20:37:35,0,119988,0,119988
2022-07-17T20:46:29,0,119988,0,119988
2022-07-17T20:55:25,0,119988,0,119988
2022-07-17T21:04:20,0,119988,0,119988
2022-07-17T21:13:15,0,119988,0,119988
2022-07-17T21:22:10,0,119988,0,119988
2022-07-17T21:31:05,0,119988,0,119988
2022-07-17T21:40:01,0,119988,0,119988
2022-07-17T21:48:57,0,119988,0,119988
2022-07-17T21:57:52,0,119988,0,119988
2022-07-17T22:06:48,0,119988,0,119988
2022-07-17T22:15:43,0,119988,0,119988
2022-07-17T22:24:37,0,119988,0,119988
2022-07-17T22:33:32,0,119988,0,119988
2022-07-17T22:42:26,0,119988,0,119988
2022-07-17T22:51:20,0,119988,0,119988
2022-07-17T23:00:15,0,119988,0,119988
2022-07-17T23:09:11,0,119988,0,119988
2022-07-17T23:18:06,0,119988,0,119988
2022-07-17T23:27:01,0,119988,0,119988
2022-07-17T23:35:55,0,119988,0,119988
2022-07-17T23:44:50,0,119988,0,119988
2022-07-17T23:53:44,0,119988,0,119988
2022-07-18T00:02:49,0,119988,0,119988
2022-07-18T00:11:46,0,119988,0,119988
2022-07-18T00:20:43,0,119988,0,119988
2022-07-18T00:29:40,0,119988,0,119988
2022-07-18T00:38:37,0,119988,0,119988
2022-07-18T00:47:34,0,119988,0,119988
2022-07-18T00:56:30,0,119988,0,119988
2022-07-18T01:05:27,0,119988,0,119988
2022-07-18T01:14:30,0,119988,0,119988
2022-07-18T01:23:27,0,119988,0,119988
2022-07-18T01:32:24,0,119988,0,119988
2022-07-18T01:41:20,0,119988,0,119988
2022-07-18T01:50:16,0,119988,0,119988
2022-07-18T01:59:13,0,119988,0,119988
2022-07-18T02:08:25,0,119988,0,119988
2022-07-18T02:17:21,0,119988,0,119988
2022-07-18T02:26:17,0,119988,0,119988
2022-07-18T02:35:15,0,119988,0,119988
2022-07-18T02:44:11,0,119988,0,119988
2022-07-18T02:53:07,0,119988,0,119988
2022-07-18T03:02:02,0,119988,0,119988
2022-07-18T03:10:57,0,119988,0,119988
2022-07-18T03:19:52,0,119988,0,119988
2022-07-18T03:28:46,0,119988,0,119988
2022-07-18T03:37:42,0,119988,0,119988
2022-07-18T03:46:39,0,119988,0,119988
2022-07-18T03:57:41,0,119988,0,119988
2022-07-18T04:06:58,0,119988,0,119988
2022-07-18T04:27:19,0,119988,0,119988
2022-07-18T04:36:37,0,119988,0,119988
2022-07-18T04:45:34,0,119988,0,119988
2022-07-18T04:54:33,0,119988,0,119988
2022-07-18T05:03:32,0,119988,0,119988
2022-07-18T05:12:30,0,119988,0,119988
2022-07-18T05:21:28,0,119988,0,119988
2022-07-18T05:30:25,0,119988,0,119988
2022-07-18T05:39:22,0,119988,0,119988
2022-07-18T05:48:18,0,119988,0,119988
2022-07-18T05:57:13,0,119988,0,119988
2022-07-18T06:06:10,0,119988,0,119988
2022-07-18T06:15:05,0,119988,0,119988
2022-07-18T06:24:02,0,119988,0,119988
2022-07-18T06:32:57,0,119988,0,119988
2022-07-18T06:41:55,0,119988,0,119988
2022-07-18T06:50:50,0,119988,0,119988
2022-07-18T06:59:44,0,119988,0,119988
2022-07-18T07:08:40,0,119988,0,119988
2022-07-18T07:17:36,0,119988,0,119988
2022-07-18T07:26:32,0,119988,0,119988
2022-07-18T07:35:28,0,119988,0,119988
2022-07-18T07:44:23,0,119988,0,119988
2022-07-18T07:53:19,0,119988,0,119988
2022-07-18T08:02:15,0,119988,0,119988
2022-07-18T08:11:11,0,119988,0,119988
2022-07-18T08:20:06,0,119988,0,119988
2022-07-18T08:29:11,0,119988,0,119988
2022-07-18T08:38:07,0,119988,0,119988
2022-07-18T08:47:04,0,119988,0,119988
2022-07-18T08:56:03,0,119988,0,119988
2022-07-18T09:04:59,0,119988,0,119988
2022-07-18T09:13:56,0,119988,0,119988
2022-07-18T09:22:54,0,119988,0,119988
2022-07-18T09:31:57,0,119988,0,119988
2022-07-18T09:41:03,0,119988,0,119988
2022-07-18T09:50:07,0,119988,0,119988
2022-07-18T09:59:11,0,119988,0,119988
2022-07-18T10:08:14,0,119988,0,119988
2022-07-18T10:17:17,0,119988,0,119988
2022-07-18T10:26:20,0,119988,0,119988
2022-07-18T10:35:25,0,119988,0,119988
2022-07-18T10:44:28,0,119988,0,119988
2022-07-18T10:53:42,0,119988,0,119988
2022-07-18T11:02:43,0,119988,0,119988
2022-07-18T11:11:43,0,119988,0,119988
2022-07-18T11:20:43,0,119988,0,119988
2022-07-18T11:29:40,0,119988,0,119988
2022-07-18T11:38:37,0,119988,0,119988
2022-07-18T11:47:33,0,119988,0,119988
2022-07-18T11:56:30,0,119988,0,119988
2022-07-18T12:05:26,0,119988,0,119988
2022-07-18T12:14:22,0,119988,0,119988
2022-07-18T12:23:18,0,119988,0,119988
2022-07-18T12:32:13,0,119988,0,119988
2022-07-18T12:41:09,0,119988,0,119988
2022-07-18T12:50:05,0,119988,0,119988
2022-07-18T12:59:02,0,119988,0,119988
2022-07-18T13:07:58,0,119988,0,119988
2022-07-18T13:16:54,0,119988,0,119988
2022-07-18T13:26:01,0,119988,0,119988
2022-07-18T13:34:57,0,119988,0,119988
2022-07-18T13:43:53,0,119988,0,119988
2022-07-18T13:52:50,0,119988,0,119988
2022-07-18T14:01:47,0,119988,0,119988
2022-07-18T14:10:44,0,119988,0,119988
2022-07-18T14:19:41,0,119988,0,119988
2022-07-18T14:28:37,0,119988,0,119988
2022-07-18T14:37:35,0,119988,0,119988
2022-07-18T14:46:31,0,119988,0,119988
2022-07-18T14:55:27,0,119988,0,119988
2022-07-18T15:04:23,0,119988,0,119988
2022-07-18T15:13:19,0,119988,0,119988
2022-07-18T15:22:14,0,119988,0,119988
2022-07-18T15:31:20,0,119988,0,119988
2022-07-18T15:40:16,0,119988,0,119988
2022-07-18T15:49:13,0,119988,0,119988
2022-07-18T15:58:10,0,119988,0,119988
2022-07-18T16:07:07,0,119988,0,119988
2022-07-18T16:16:03,0,119988,0,119988
2022-07-18T16:24:59,0,119988,0,119988
2022-07-18T16:33:56,0,119988,0,119988
2022-07-18T16:42:54,0,119988,0,119988
2022-07-18T16:51:49,0,119988,0,119988
2022-07-18T17:00:44,0,119988,0,119988
2022-07-18T17:09:41,0,119988,0,119988
2022-07-18T17:18:37,0,119988,0,119988
2022-07-18T17:27:42,0,119988,0,119988
2022-07-18T17:36:37,0,119988,0,119988
2022-07-18T17:45:32,0,119988,0,119988
2022-07-18T17:54:27,0,119988,0,119988
2022-07-18T18:03:23,0,119988,0,119988
2022-07-18T18:12:18,0,119988,0,119988
2022-07-18T18:21:13,0,119988,0,119988
2022-07-18T18:30:10,0,119988,0,119988
2022-07-18T18:39:05,0,119988,0,119988
2022-07-18T18:48:00,0,119988,0,119988
2022-07-18T18:56:54,0,119988,0,119988
2022-07-18T19:05:50,0,119988,0,119988
2022-07-18T19:14:47,0,119988,0,119988
2022-07-18T19:23:43,0,119988,0,119988
2022-07-18T19:32:39,0,119988,0,119988
2022-07-18T19:41:33,0,119988,0,119988
2022-07-18T19:50:29,0,119988,0,119988
2022-07-18T19:59:24,0,119988,0,119988
2022-07-18T20:08:18,0,119988,0,119988
2022-07-18T20:17:24,0,119988,0,119988
2022-07-18T20:26:19,0,119988,0,119988
2022-07-18T20:35:14,0,119988,0,119988
2022-07-18T20:44:08,0,119988,0,119988
2022-07-18T20:53:03,0,119988,0,119988
2022-07-18T21:01:57,0,119988,0,119988
2022-07-18T21:10:51,0,119988,0,119988
2022-07-18T21:19:46,0,119988,0,119988
2022-07-18T21:28:40,0,119988,0,119988
2022-07-18T21:37:35,0,119988,0,119988
2022-07-18T21:46:30,0,119988,0,119988
2022-07-18T21:55:25,0,119988,0,119988
2022-07-18T22:04:20,0,119988,0,119988
2022-07-18T22:13:14,0,119988,0,119988
2022-07-18T22:22:09,0,119988,0,119988
2022-07-18T22:31:04,0,119988,0,119988
2022-07-18T22:39:59,0,119988,0,119988
2022-07-18T22:48:53,0,119988,0,119988
2022-07-18T22:57:48,0,119988,0,119988
2022-07-18T23:06:43,0,119988,0,119988
2022-07-18T23:15:48,0,119988,0,119988
2022-07-18T23:24:43,0,119988,0,119988
2022-07-18T23:33:38,0,119988,0,119988
2022-07-18T23:42:33,0,119988,0,119988
2022-07-18T23:51:28,0,119988,0,119988
2022-07-19T00:00:23,0,119988,0,119988
2022-07-19T00:09:19,0,119988,0,119988
2022-07-19T00:18:19,0,119988,0,119988
2022-07-19T00:27:16,0,119988,0,119988
2022-07-19T00:36:23,0,119988,0,119988
2022-07-19T00:45:20,0,119988,0,119988
2022-07-19T00:54:18,0,119988,0,119988
2022-07-19T01:03:16,0,119988,0,119988
2022-07-19T01:12:12,0,119988,0,119988
2022-07-19T01:21:09,0,119988,0,119988
2022-07-19T01:30:07,0,119988,0,119988
2022-07-19T01:39:04,0,119988,0,119988
2022-07-19T01:48:01,0,119988,0,119988
2022-07-19T01:56:59,0,119988,0,119988
2022-07-19T02:05:55,0,119988,0,119988
2022-07-19T02:14:50,0,119988,0,119988
2022-07-19T02:23:45,0,119988,0,119988
2022-07-19T02:32:39,0,119988,0,119988
2022-07-19T02:41:33,0,119988,0,119988
2022-07-19T02:50:27,0,119988,0,119988
2022-07-19T02:59:22,0,119988,0,119988
2022-07-19T03:08:16,0,119988,0,119988
2022-07-19T03:17:09,0,119988,0,119988
2022-07-19T03:26:03,0,119988,0,119988
2022-07-19T03:34:57,0,119988,0,119988
2022-07-19T03:43:52,0,119988,0,119988
2022-07-19T03:52:48,0,119988,0,119988
2022-07-19T04:03:50,0,119988,0,119988
2022-07-19T04:22:47,0,119988,0,119988
2022-07-19T04:32:08,0,119988,0,119988
2022-07-19T04:41:06,0,119988,0,119988
2022-07-19T04:50:04,0,119988,0,119988
2022-07-19T04:59:01,0,119988,0,119988
2022-07-19T05:07:59,0,119988,0,119988
2022-07-19T05:16:57,0,119988,0,119988
2022-07-19T05:25:55,0,119988,0,119988
2022-07-19T05:34:52,0,119988,0,119988
2022-07-19T05:43:47,0,119988,0,119988
2022-07-19T05:52:43,0,119988,0,119988
2022-07-19T06:01:40,0,119988,0,119988
2022-07-19T06:10:37,0,119988,0,119988
2022-07-19T06:19:34,0,119988,0,119988
2022-07-19T06:28:30,0,119988,0,119988
2022-07-19T06:37:28,0,119988,0,119988
2022-07-19T06:46:25,0,119988,0,119988
2022-07-19T06:55:21,0,119988,0,119988
2022-07-19T07:04:18,0,119988,0,119988
2022-07-19T07:13:15,0,119988,0,119988
2022-07-19T07:22:11,0,119988,0,119988
2022-07-19T07:31:08,0,119988,0,119988
2022-07-19T07:40:04,0,119988,0,119988
2022-07-19T07:49:00,0,119988,0,119988
2022-07-19T07:57:55,0,119988,0,119988
2022-07-19T08:06:50,0,119988,0,119988
2022-07-19T08:15:48,0,119988,0,119988
2022-07-19T08:24:44,0,119988,0,119988
2022-07-19T08:33:40,0,119988,0,119988
2022-07-19T08:42:36,0,119988,0,119988
2022-07-19T08:51:33,0,119988,0,119988
2022-07-19T09:00:38,0,119988,0,119988
2022-07-19T09:09:34,0,119988,0,119988
2022-07-19T09:18:30,0,119988,0,119988
2022-07-19T09:27:26,0,119988,0,119988
2022-07-19T09:36:22,0,119988,0,119988
2022-07-19T09:45:20,0,119988,0,119988
2022-07-19T09:54:17,0,119988,0,119988
2022-07-19T10:03:13,0,119988,0,119988
2022-07-19T10:12:11,0,119988,0,119988
2022-07-19T10:21:08,0,119988,0,119988
2022-07-19T10:30:05,0,119988,0,119988
2022-07-19T10:39:01,0,119988,0,119988
2022-07-19T10:47:58,0,119988,0,119988
2022-07-19T10:56:55,0,119988,0,119988
2022-07-19T11:05:52,0,119988,0,119988
2022-07-19T11:14:49,0,119988,0,119988
2022-07-19T11:23:45,0,119988,0,119988
2022-07-19T11:32:42,0,119988,0,119988
2022-07-19T11:41:39,0,119988,0,119988
2022-07-19T11:50:46,0,119988,0,119988
2022-07-19T11:59:43,0,119988,0,119988
2022-07-19T12:08:38,0,119988,0,119988
2022-07-19T12:17:35,0,119988,0,119988
2022-07-19T12:26:32,0,119988,0,119988
2022-07-19T12:35:29,0,119988,0,119988
2022-07-19T12:44:25,0,119988,0,119988
2022-07-19T12:53:21,0,119988,0,119988
2022-07-19T13:02:17,0,119988,0,119988
2022-07-19T13:11:13,0,119988,0,119988
2022-07-19T13:20:10,0,119988,0,119988
2022-07-19T13:29:06,0,119988,0,119988
2022-07-19T13:38:03,0,119988,0,119988
2022-07-19T13:47:12,0,119988,0,119988
2022-07-19T13:55:28,0,119988,0,119988
2022-07-19T14:04:25,0,119988,0,119988
2022-07-19T14:13:22,0,119988,0,119988
2022-07-19T14:22:19,0,119988,0,119988
2022-07-19T14:31:15,0,119988,0,119988
2022-07-19T14:40:12,0,119988,0,119988
2022-07-19T14:49:09,0,119988,0,119988
2022-07-19T14:58:06,0,119988,0,119988
2022-07-19T15:07:02,0,119988,0,119988
2022-07-19T15:16:01,0,119988,0,119988
2022-07-19T15:24:57,0,119988,0,119988
2022-07-19T15:33:53,0,119988,0,119988
2022-07-19T15:43:01,0,119988,0,119988
2022-07-19T15:51:58,0,119988,0,119988
2022-07-19T16:00:55,0,119988,0,119988
2022-07-19T16:09:51,0,119988,0,119988
2022-07-19T16:18:47,0,119988,0,119988
2022-07-19T16:27:43,0,119988,0,119988
2022-07-19T16:36:39,0,119988,0,119988
2022-07-19T16:45:35,0,119988,0,119988
2022-07-19T16:54:41,0,119988,0,119988
2022-07-19T17:03:37,0,119988,0,119988
2022-07-19T17:12:34,0,119988,0,119988
2022-07-19T17:21:29,0,119988,0,119988
2022-07-19T17:30:25,0,119988,0,119988
2022-07-19T17:39:21,0,119988,0,119988
2022-07-19T17:48:16,0,119988,0,119988
2022-07-19T17:57:12,0,119988,0,119988
2022-07-19T18:06:08,0,119988,0,119988
2022-07-19T18:15:03,0,119988,0,119988
2022-07-19T18:23:58,0,119988,0,119988
2022-07-19T18:32:54,0,119988,0,119988
2022-07-19T18:41:59,0,119988,0,119988
2022-07-19T18:50:54,0,119988,0,119988
2022-07-19T18:59:49,0,119988,0,119988
2022-07-19T19:08:45,0,119988,0,119988
2022-07-19T19:17:40,0,119988,0,119988
2022-07-19T19:26:36,0,119988,0,119988
2022-07-19T19:35:31,0,119988,0,119988
2022-07-19T19:44:26,0,119988,0,119988
2022-07-19T19:53:21,0,119988,0,119988
2022-07-19T20:02:18,0,119988,0,119988
2022-07-19T20:11:13,0,119988,0,119988
2022-07-19T20:20:09,0,119988,0,119988
2022-07-19T20:29:06,0,119988,0,119988
2022-07-19T20:38:11,0,119988,0,119988
2022-07-19T20:47:06,0,119988,0,119988
2022-07-19T20:56:02,0,119988,0,119988
2022-07-19T21:04:57,0,119988,0,119988
2022-07-19T21:13:52,0,119988,0,119988
2022-07-19T21:22:47,0,119988,0,119988
2022-07-19T21:31:43,0,119988,0,119988
2022-07-19T21:40:38,0,119988,0,119988
2022-07-19T21:49:34,0,119988,0,119988
2022-07-19T21:58:30,0,119988,0,119988
2022-07-19T22:07:25,0,119988,0,119988
2022-07-19T22:16:20,0,119988,0,119988
2022-07-19T22:25:16,0,119988,0,119988
2022-07-19T22:34:11,0,119988,0,119988
2022-07-19T22:43:17,0,119988,0,119988
2022-07-19T22:52:12,0,119988,0,119988
2022-07-19T23:01:07,0,119988,0,119988
2022-07-19T23:10:03,0,119988,0,119988
2022-07-19T23:18:59,0,119988,0,119988
2022-07-19T23:27:54,0,119988,0,119988
2022-07-19T23:36:49,0,119988,0,119988
2022-07-19T23:45:45,0,119988,0,119988
2022-07-19T23:54:40,0,119988,0,119988
2022-07-20T00:03:37,0,119988,0,119988
2022-07-20T00:12:35,0,119988,0,119988
2022-07-20T00:21:34,0,119988,0,119988
2022-07-20T00:30:28,0,119988,0,119988
2022-07-20T00:39:24,0,119988,0,119988
2022-07-20T00:48:19,0,119988,0,119988
2022-07-20T00:57:23,0,119988,0,119988
2022-07-20T01:06:18,0,119988,0,119988
2022-07-20T01:15:13,0,119988,0,119988
2022-07-20T01:24:08,0,119988,0,119988
2022-07-20T01:33:03,0,119988,0,119988
2022-07-20T01:41:58,0,119988,0,119988
2022-07-20T01:50:52,0,119988,0,119988
2022-07-20T01:59:47,0,119988,0,119988
2022-07-20T02:08:43,0,119988,0,119988
2022-07-20T02:17:39,0,119988,0,119988
2022-07-20T02:26:47,0,119988,0,119988
2022-07-20T02:35:43,0,119988,0,119988
2022-07-20T02:44:38,0,119988,0,119988
2022-07-20T02:53:32,0,119988,0,119988
2022-07-20T03:02:26,0,119988,0,119988
2022-07-20T03:11:19,0,119988,0,119988
2022-07-20T03:20:12,0,119988,0,119988
2022-07-20T03:29:09,0,119988,0,119988
2022-07-20T03:38:06,0,119988,0,119988
2022-07-20T03:47:03,0,119988,0,119988
2022-07-20T03:55:59,0,119988,0,119988
2022-07-20T04:04:56,0,119988,0,119988
2022-07-20T04:28:52,0,119988,0,119988
2022-07-20T04:37:51,0,119988,0,119988
2022-07-20T04:46:50,0,119988,0,119988
2022-07-20T04:55:48,0,119988,0,119988
2022-07-20T05:04:47,0,119988,0,119988
2022-07-20T05:13:45,0,119988,0,119988
2022-07-20T05:22:43,0,119988,0,119988
2022-07-20T05:31:42,0,119988,0,119988
2022-07-20T05:40:40,0,119988,0,119988
2022-07-20T05:49:39,0,119988,0,119988
2022-07-20T05:58:39,0,119988,0,119988
2022-07-20T06:07:35,0,119988,0,119988
2022-07-20T06:16:32,0,119988,0,119988
2022-07-20T06:25:29,0,119988,0,119988
2022-07-20T06:34:26,0,119988,0,119988
2022-07-20T06:43:22,0,119988,0,119988
2022-07-20T06:52:17,0,119988,0,119988
2022-07-20T07:01:12,0,119988,0,119988
2022-07-20T07:10:08,0,119988,0,119988
2022-07-20T07:19:03,0,119988,0,119988
2022-07-20T07:27:59,0,119988,0,119988
2022-07-20T07:36:55,0,119988,0,119988
2022-07-20T07:45:51,0,119988,0,119988
2022-07-20T07:54:46,0,119988,0,119988
2022-07-20T08:03:42,0,119988,0,119988
2022-07-20T08:12:42,0,119988,0,119988
2022-07-20T08:21:37,0,119988,0,119988
2022-07-20T08:30:34,0,119988,0,119988
2022-07-20T08:39:30,0,119988,0,119988
2022-07-20T08:48:26,0,119988,0,119988
2022-07-20T08:57:23,0,119988,0,119988
2022-07-20T09:06:18,0,119988,0,119988
2022-07-20T09:15:15,0,119988,0,119988
2022-07-20T09:24:12,0,119988,0,119988
2022-07-20T09:33:09,0,119988,0,119988
2022-07-20T09:42:15,0,119988,0,119988
2022-07-20T09:51:12,0,119988,0,119988
2022-07-20T10:00:09,0,119988,0,119988
2022-07-20T10:09:07,0,119988,0,119988
2022-07-20T10:18:05,0,119988,0,119988
2022-07-20T10:27:03,0,119988,0,119988
2022-07-20T10:36:01,0,119988,0,119988
2022-07-20T10:44:58,0,119988,0,119988
2022-07-20T10:53:56,0,119988,0,119988
2022-07-20T11:02:54,0,119988,0,119988
2022-07-20T11:11:50,0,119988,0,119988
2022-07-20T11:20:47,0,119988,0,119988
2022-07-20T11:29:43,0,119988,0,119988
2022-07-20T11:38:41,0,119988,0,119988
2022-07-20T11:47:41,0,119988,0,119988
2022-07-20T11:56:48,0,119988,0,119988
2022-07-20T12:05:45,0,119988,0,119988
2022-07-20T12:14:41,0,119988,0,119988
2022-07-20T12:23:39,0,119988,0,119988
2022-07-20T12:32:36,0,119988,0,119988
2022-07-20T12:41:32,0,119988,0,119988
2022-07-20T12:50:28,0,119988,0,119988
2022-07-20T12:59:25,0,119988,0,119988
2022-07-20T13:08:22,0,119988,0,119988
2022-07-20T13:17:19,0,119988,0,119988
2022-07-20T13:26:27,0,119988,0,119988
2022-07-20T13:35:24,0,119988,0,119988
2022-07-20T13:44:21,0,119988,0,119988
2022-07-20T13:53:18,0,119988,0,119988
2022-07-20T14:02:16,0,119988,0,119988
2022-07-20T14:11:12,0,119988,0,119988
2022-07-20T14:20:09,0,119988,0,119988
2022-07-20T14:29:07,0,119988,0,119988
2022-07-20T14:38:05,0,119988,0,119988
2022-07-20T14:47:03,0,119988,0,119988
2022-07-20T14:55:59,0,119988,0,119988
2022-07-20T15:05:07,0,119988,0,119988
2022-07-20T15:14:04,0,119988,0,119988
2022-07-20T15:23:03,0,119988,0,119988
2022-07-20T15:32:00,0,119988,0,119988
2022-07-20T15:40:57,0,119988,0,119988
2022-07-20T15:49:54,0,119988,0,119988
2022-07-20T15:58:49,0,119988,0,119988
2022-07-20T16:07:45,0,119988,0,119988
2022-07-20T16:16:51,0,119988,0,119988
2022-07-20T16:25:49,0,119988,0,119988
2022-07-20T16:34:46,0,119988,0,119988
2022-07-20T16:43:41,0,119988,0,119988
2022-07-20T16:52:38,0,119988,0,119988
2022-07-20T17:01:33,0,119988,0,119988
2022-07-20T17:10:30,0,119988,0,119988
2022-07-20T17:19:26,0,119988,0,119988
2022-07-20T17:28:22,0,119988,0,119988
2022-07-20T17:37:17,0,119988,0,119988
2022-07-20T17:46:13,0,119988,0,119988
2022-07-20T17:55:08,0,119988,0,119988
2022-07-20T18:04:04,0,119988,0,119988
2022-07-20T18:13:11,0,119988,0,119988
2022-07-20T18:22:07,0,119988,0,119988
2022-07-20T18:31:02,0,119988,0,119988
2022-07-20T18:39:58,0,119988,0,119988
2022-07-20T18:48:53,0,119988,0,119988
2022-07-20T18:57:52,0,119988,0,119988
2022-07-20T19:06:50,0,119988,0,119988
2022-07-20T19:15:47,0,119988,0,119988
2022-07-20T19:24:43,0,119988,0,119988
2022-07-20T19:33:40,0,119988,0,119988
2022-07-20T19:42:35,0,119988,0,119988
2022-07-20T19:51:40,0,119988,0,119988
2022-07-20T20:00:35,0,119988,0,119988
2022-07-20T20:09:31,0,119988,0,119988
2022-07-20T20:18:26,0,119988,0,119988
2022-07-20T20:27:22,0,119988,0,119988
2022-07-20T20:36:18,0,119988,0,119988
2022-07-20T20:45:14,0,119988,0,119988
2022-07-20T20:54:09,0,119988,0,119988
2022-07-20T21:03:05,0,119988,0,119988
2022-07-20T21:12:10,0,119988,0,119988
2022-07-20T21:21:06,0,119988,0,119988
2022-07-20T21:30:02,0,119988,0,119988
2022-07-20T21:38:56,0,119988,0,119988
2022-07-20T21:47:53,0,119988,0,119988
2022-07-20T21:56:49,0,119988,0,119988
2022-07-20T22:05:44,0,119988,0,119988
2022-07-20T22:14:40,0,119988,0,119988
2022-07-20T22:23:36,0,119988,0,119988
2022-07-20T22:32:34,0,119988,0,119988
2022-07-20T22:41:31,0,119988,0,119988
2022-07-20T22:50:27,0,119988,0,119988
2022-07-20T22:59:31,0,119988,0,119988
2022-07-20T23:08:28,0,119988,0,119988
2022-07-20T23:17:25,0,119988,0,119988
2022-07-20T23:26:23,0,119988,0,119988
2022-07-20T23:35:20,0,119988,0,119988
2022-07-20T23:44:15,0,119988,0,119988
2022-07-20T23:53:11,0,119988,0,119988
2022-07-21T00:02:07,0,119988,0,119988
2022-07-21T00:11:03,0,119988,0,119988
2022-07-21T00:20:02,0,119988,0,119988
2022-07-21T00:29:00,0,119988,0,119988
2022-07-21T00:37:58,0,119988,0,119988
2022-07-21T00:46:59,0,119988,0,119988
2022-07-21T00:55:57,0,119988,0,119988
2022-07-21T01:04:56,0,119988,0,119988
2022-07-21T01:14:04,0,119988,0,119988
2022-07-21T01:23:00,0,119988,0,119988
2022-07-21T01:31:58,0,119988,0,119988
2022-07-21T01:40:55,0,119988,0,119988
2022-07-21T01:49:52,0,119988,0,119988
2022-07-21T01:58:49,0,119988,0,119988
2022-07-21T02:07:46,0,119988,0,119988
2022-07-21T02:16:41,0,119988,0,119988
2022-07-21T02:25:36,0,119988,0,119988
2022-07-21T02:34:31,0,119988,0,119988
2022-07-21T02:43:26,0,119988,0,119988
2022-07-21T02:52:21,0,119988,0,119988
2022-07-21T03:01:15,0,119988,0,119988
2022-07-21T03:10:10,0,119988,0,119988
2022-07-21T03:19:04,0,119988,0,119988
2022-07-21T03:27:59,0,119988,0,119988
2022-07-21T03:36:54,0,119988,0,119988
2022-07-21T03:45:51,0,119988,0,119988
2022-07-21T03:54:47,0,119988,0,119988
2022-07-21T04:03:45,0,119988,0,119988
2022-07-21T04:24:14,0,119988,0,119988
2022-07-21T04:33:30,0,119988,0,119988
2022-07-21T04:42:29,0,119988,0,119988
2022-07-21T04:51:28,0,119988,0,119988
2022-07-21T05:00:26,0,119988,0,119988
2022-07-21T05:09:25,0,119988,0,119988
2022-07-21T05:18:23,0,119988,0,119988
2022-07-21T05:27:20,0,119988,0,119988
2022-07-21T05:36:18,0,119988,0,119988
2022-07-21T05:45:15,0,119988,0,119988
2022-07-21T05:54:11,0,119988,0,119988
2022-07-21T06:03:10,0,119988,0,119988
2022-07-21T06:12:07,0,119988,0,119988
2022-07-21T06:21:08,0,119988,0,119988
2022-07-21T06:30:17,0,119988,0,119988
2022-07-21T06:39:29,0,119988,0,119988
2022-07-21T06:48:39,0,119988,0,119988
2022-07-21T06:57:50,0,119988,0,119988
2022-07-21T07:06:58,0,119988,0,119988
2022-07-21T07:16:14,0,119988,0,119988
2022-07-21T07:25:32,0,119988,0,119988
2022-07-21T07:34:49,0,119988,0,119988
2022-07-21T07:44:05,0,119988,0,119988
2022-07-21T07:53:14,0,119988,0,119988
2022-07-21T08:02:20,0,119988,0,119988
2022-07-21T08:11:26,0,119988,0,119988
2022-07-21T08:20:31,0,119988,0,119988
2022-07-21T08:29:37,0,119988,0,119988
2022-07-21T08:38:45,0,119988,0,119988
2022-07-21T08:47:50,0,119988,0,119988
2022-07-21T08:56:57,0,119988,0,119988
2022-07-21T09:05:57,0,119988,0,119988
2022-07-21T09:14:55,0,119988,0,119988
2022-07-21T09:23:53,0,119988,0,119988
2022-07-21T09:32:53,0,119988,0,119988
2022-07-21T09:41:51,0,119988,0,119988
2022-07-21T09:50:49,0,119988,0,119988
2022-07-21T09:59:46,0,119988,0,119988
2022-07-21T10:08:43,0,119988,0,119988
2022-07-21T10:17:49,0,119988,0,119988
2022-07-21T10:26:47,0,119988,0,119988
2022-07-21T10:35:43,0,119988,0,119988
2022-07-21T10:44:40,0,119988,0,119988
2022-07-21T10:53:37,0,119988,0,119988
2022-07-21T11:02:34,0,119988,0,119988
2022-07-21T11:11:31,0,119988,0,119988
2022-07-21T11:20:28,0,119988,0,119988
2022-07-21T11:29:25,0,119988,0,119988
2022-07-21T11:38:22,0,119988,0,119988
2022-07-21T11:47:20,0,119988,0,119988
2022-07-21T11:56:16,0,119988,0,119988
2022-07-21T12:05:14,0,119988,0,119988
2022-07-21T12:14:21,0,119988,0,119988
2022-07-21T12:23:17,0,119988,0,119988
2022-07-21T12:32:14,0,119988,0,119988
2022-07-21T12:41:11,0,119988,0,119988
2022-07-21T12:50:08,0,119988,0,119988
2022-07-21T12:59:05,0,119988,0,119988
2022-07-21T13:08:02,0,119988,0,119988
2022-07-21T13:17:01,0,119988,0,119988
2022-07-21T13:25:58,0,119988,0,119988
2022-07-21T13:34:54,0,119988,0,119988
2022-07-21T13:43:51,0,119988,0,119988
2022-07-21T13:52:47,0,119988,0,119988
2022-07-21T14:01:44,0,119988,0,119988
2022-07-21T14:10:41,0,119988,0,119988
2022-07-21T14:19:37,0,119988,0,119988
2022-07-21T14:28:33,0,119988,0,119988
2022-07-21T14:37:40,0,119988,0,119988
2022-07-21T14:46:37,0,119988,0,119988
2022-07-21T14:55:34,0,119988,0,119988
2022-07-21T15:04:31,0,119988,0,119988
2022-07-21T15:13:27,0,119988,0,119988
2022-07-21T15:22:24,0,119988,0,119988
2022-07-21T15:31:22,0,119988,0,119988
2022-07-21T15:40:18,0,119988,0,119988
2022-07-21T15:49:14,0,119988,0,119988
2022-07-21T15:58:13,0,119988,0,119988
2022-07-21T16:07:09,0,119988,0,119988
2022-07-21T16:16:05,0,119988,0,119988
2022-07-21T16:25:01,0,119988,0,119988
2022-07-21T16:33:57,0,119988,0,119988
2022-07-21T16:42:53,0,119988,0,119988
2022-07-21T16:52:00,0,119988,0,119988
2022-07-21T17:00:56,0,119988,0,119988
2022-07-21T17:09:53,0,119988,0,119988
2022-07-21T17:18:49,0,119988,0,119988
2022-07-21T17:27:45,0,119988,0,119988
2022-07-21T17:36:41,0,119988,0,119988
2022-07-21T17:45:36,0,119988,0,119988
2022-07-21T17:54:33,0,119988,0,119988
2022-07-21T18:03:29,0,119988,0,119988
2022-07-21T18:12:25,0,119988,0,119988
2022-07-21T18:21:20,0,119988,0,119988
2022-07-21T18:30:17,0,119988,0,119988
2022-07-21T18:39:13,0,119988,0,119988
2022-07-21T18:48:08,0,119988,0,119988
2022-07-21T18:57:05,0,119988,0,119988
2022-07-21T19:06:02,0,119988,0,119988
2022-07-21T19:14:59,0,119988,0,119988
2022-07-21T19:23:56,0,119988,0,119988
2022-07-21T19:32:53,0,119988,0,119988
2022-07-21T19:42:01,0,119988,0,119988
2022-07-21T19:50:57,0,119988,0,119988
2022-07-21T19:59:52,0,119988,0,119988
2022-07-21T20:08:48,0,119988,0,119988
2022-07-21T20:17:43,0,119988,0,119988
2022-07-21T20:26:38,0,119988,0,119988
2022-07-21T20:35:34,0,119988,0,119988
2022-07-21T20:44:29,0,119988,0,119988
2022-07-21T20:53:25,0,119988,0,119988
2022-07-21T21:02:20,0,119988,0,119988
2022-07-21T21:11:15,0,119988,0,119988
2022-07-21T21:20:11,0,119988,0,119988
2022-07-21T21:29:06,0,119988,0,119988
2022-07-21T21:38:02,0,119988,0,119988
2022-07-21T21:47:00,0,119988,0,119988
2022-07-21T21:55:55,0,119988,0,119988
2022-07-21T22:04:50,0,119988,0,119988
2022-07-21T22:13:45,0,119988,0,119988
2022-07-21T22:22:41,0,119988,0,119988
2022-07-21T22:31:37,0,119988,0,119988
2022-07-21T22:40:32,0,119988,0,119988
2022-07-21T22:49:28,0,119988,0,119988
2022-07-21T22:58:24,0,119988,0,119988
2022-07-21T23:07:20,0,119988,0,119988
2022-07-21T23:16:16,0,119988,0,119988
2022-07-21T23:25:21,0,119988,0,119988
2022-07-21T23:34:17,0,119988,0,119988
2022-07-21T23:43:13,0,119988,0,119988
2022-07-21T23:52:08,0,119988,0,119988
2022-07-22T00:01:03,0,119988,0,119988
2022-07-22T00:10:00,0,119988,0,119988
2022-07-22T00:19:02,0,119988,0,119988
2022-07-22T00:27:59,0,119988,0,119988
2022-07-22T00:36:57,0,119988,0,119988
2022-07-22T00:45:54,0,119988,0,119988
2022-07-22T00:54:53,0,119988,0,119988
2022-07-22T01:03:50,0,119988,0,119988
2022-07-22T01:12:48,0,119988,0,119988
2022-07-22T01:21:47,0,119988,0,119988
2022-07-22T01:30:46,0,119988,0,119988
2022-07-22T01:39:43,0,119988,0,119988
2022-07-22T01:48:40,0,119988,0,119988
2022-07-22T01:57:37,0,119988,0,119988
2022-07-22T02:06:34,0,119988,0,119988
2022-07-22T02:15:32,0,119988,0,119988
2022-07-22T02:24:37,0,119988,0,119988
2022-07-22T02:33:35,0,119988,0,119988
2022-07-22T02:42:33,0,119988,0,119988
2022-07-22T02:51:29,0,119988,0,119988
2022-07-22T03:00:25,0,119988,0,119988
2022-07-22T03:09:21,0,119988,0,119988
2022-07-22T03:18:16,0,119988,0,119988
2022-07-22T03:27:13,0,119988,0,119988
2022-07-22T03:36:09,0,119988,0,119988
2022-07-22T03:45:07,0,119988,0,119988
2022-07-22T03:54:04,0,119988,0,119988
2022-07-22T04:03:00,0,119988,0,119988
2022-07-22T04:11:58,0,119988,0,119988
2022-07-22T04:30:53,0,119988,0,119988
2022-07-22T04:39:53,0,119988,0,119988
2022-07-22T04:48:52,0,119988,0,119988
2022-07-22T04:57:51,0,119988,0,119988
2022-07-22T05:06:51,0,119988,0,119988
2022-07-22T05:15:48,0,119988,0,119988
2022-07-22T05:24:47,0,119988,0,119988
2022-07-22T05:33:47,0,119988,0,119988
2022-07-22T05:42:45,0,119988,0,119988
2022-07-22T05:51:44,0,119988,0,119988
2022-07-22T06:00:42,0,119988,0,119988
2022-07-22T06:09:39,0,119988,0,119988
2022-07-22T06:18:35,0,119988,0,119988
2022-07-22T06:27:30,0,119988,0,119988
2022-07-22T06:36:25,0,119988,0,119988
2022-07-22T06:45:20,0,119988,0,119988
2022-07-22T06:54:15,0,119988,0,119988
2022-07-22T07:03:11,0,119988,0,119988
2022-07-22T07:12:07,0,119988,0,119988
2022-07-22T07:21:03,0,119988,0,119988
2022-07-22T07:29:58,0,119988,0,119988
2022-07-22T07:38:55,0,119988,0,119988
2022-07-22T07:47:51,0,119988,0,119988
2022-07-22T07:56:48,0,119988,0,119988
2022-07-22T08:05:43,0,119988,0,119988
2022-07-22T08:14:39,0,119988,0,119988
2022-07-22T08:23:36,0,119988,0,119988
2022-07-22T08:32:32,0,119988,0,119988
2022-07-22T08:41:28,0,119988,0,119988
2022-07-22T08:50:24,0,119988,0,119988
2022-07-22T08:59:20,0,119988,0,119988
2022-07-22T09:08:17,0,119988,0,119988
2022-07-22T09:17:13,0,119988,0,119988
2022-07-22T09:26:09,0,119988,0,119988
2022-07-22T09:35:06,0,119988,0,119988
2022-07-22T09:44:05,0,119988,0,119988
2022-07-22T09:53:01,0,119988,0,119988
2022-07-22T10:01:58,0,119988,0,119988
2022-07-22T10:10:55,0,119988,0,119988
2022-07-22T10:19:54,0,119988,0,119988
2022-07-22T10:28:51,0,119988,0,119988
2022-07-22T10:37:48,0,119988,0,119988
2022-07-22T10:46:45,0,119988,0,119988
2022-07-22T10:55:51,0,119988,0,119988
2022-07-22T11:04:48,0,119988,0,119988
2022-07-22T11:13:45,0,119988,0,119988
2022-07-22T11:22:42,0,119988,0,119988
2022-07-22T11:31:40,0,119988,0,119988
2022-07-22T11:40:39,0,119988,0,119988
2022-07-22T11:49:36,0,119988,0,119988
2022-07-22T11:58:33,0,119988,0,119988
2022-07-22T12:07:31,0,119988,0,119988
2022-07-22T12:16:28,0,119988,0,119988
2022-07-22T12:25:24,0,119988,0,119988
2022-07-22T12:34:21,0,119988,0,119988
2022-07-22T12:43:17,0,119988,0,119988
2022-07-22T12:52:15,0,119988,0,119988
2022-07-22T13:01:13,0,119988,0,119988
2022-07-22T13:10:10,0,119988,0,119988
2022-07-22T13:19:07,0,119988,0,119988
2022-07-22T13:28:05,0,119988,0,119988
2022-07-22T13:37:03,0,119988,0,119988
2022-07-22T13:46:01,0,119988,0,119988
2022-07-22T13:54:58,0,119988,0,119988
2022-07-22T14:04:09,0,119988,0,119988
2022-07-22T14:13:08,0,119988,0,119988
2022-07-22T14:22:06,0,119988,0,119988
2022-07-22T14:31:03,0,119988,0,119988
2022-07-22T14:40:01,0,119988,0,119988
2022-07-22T14:48:58,0,119988,0,119988
2022-07-22T14:57:56,0,119988,0,119988
2022-07-22T15:06:55,0,119988,0,119988
2022-07-22T15:15:52,0,119988,0,119988
2022-07-22T15:24:49,0,119988,0,119988
2022-07-22T15:33:47,0,119988,0,119988
2022-07-22T15:42:44,0,119988,0,119988
2022-07-22T15:51:42,0,119988,0,119988
2022-07-22T16:00:39,0,119988,0,119988
2022-07-22T16:09:36,0,119988,0,119988
2022-07-22T16:18:35,0,119988,0,119988
2022-07-22T16:27:33,0,119988,0,119988
2022-07-22T16:36:31,0,119988,0,119988
2022-07-22T16:45:37,0,119988,0,119988
2022-07-22T16:54:34,0,119988,0,119988
2022-07-22T17:03:31,0,119988,0,119988
2022-07-22T17:12:29,0,119988,0,119988
2022-07-22T17:21:27,0,119988,0,119988
2022-07-22T17:30:24,0,119988,0,119988
2022-07-22T17:39:21,0,119988,0,119988
2022-07-22T17:48:17,0,119988,0,119988
2022-07-22T17:57:14,0,119988,0,119988
2022-07-22T18:06:11,0,119988,0,119988
2022-07-22T18:15:08,0,119988,0,119988
2022-07-22T18:24:04,0,119988,0,119988
2022-07-22T18:33:01,0,119988,0,119988
2022-07-22T18:41:58,0,119988,0,119988
2022-07-22T18:50:54,0,119988,0,119988
2022-07-22T18:59:50,0,119988,0,119988
2022-07-22T19:08:47,0,119988,0,119988
2022-07-22T19:17:46,0,119988,0,119988
2022-07-22T19:26:44,0,119988,0,119988
2022-07-22T19:35:41,0,119988,0,119988
2022-07-22T19:44:37,0,119988,0,119988
2022-07-22T19:53:51,0,119988,0,119988
2022-07-22T20:02:54,0,119988,0,119988
2022-07-22T20:11:57,0,119988,0,119988
2022-07-22T20:21:01,0,119988,0,119988
2022-07-22T20:30:05,0,119988,0,119988
2022-07-22T20:39:08,0,119988,0,119988
2022-07-22T20:48:12,0,119988,0,119988
2022-07-22T20:57:16,0,119988,0,119988
2022-07-22T21:06:19,0,119988,0,119988
2022-07-22T21:15:22,0,119988,0,119988
2022-07-22T21:24:22,0,119988,0,119988
2022-07-22T21:33:23,0,119988,0,119988
2022-07-22T21:42:23,0,119988,0,119988
2022-07-22T21:51:21,0,119988,0,119988
2022-07-22T22:00:17,0,119988,0,119988
2022-07-22T22:09:24,0,119988,0,119988
2022-07-22T22:18:20,0,119988,0,119988
2022-07-22T22:27:17,0,119988,0,119988
2022-07-22T22:36:14,0,119988,0,119988
2022-07-22T22:45:12,0,119988,0,119988
2022-07-22T22:54:09,0,119988,0,119988
2022-07-22T23:03:07,0,119988,0,119988
2022-07-22T23:12:05,0,119988,0,119988
2022-07-22T23:21:01,0,119988,0,119988
2022-07-22T23:29:58,0,119988,0,119988
2022-07-22T23:38:54,0,119988,0,119988
2022-07-22T23:47:51,0,119988,0,119988
2022-07-22T23:56:57,0,119988,0,119988
2022-07-23T00:05:54,0,119988,0,119988
2022-07-23T00:14:53,0,119988,0,119988
2022-07-23T00:23:51,0,119988,0,119988
2022-07-23T00:32:50,0,119988,0,119988
2022-07-23T00:41:50,0,119988,0,119988
2022-07-23T00:50:49,0,119988,0,119988
2022-07-23T00:59:49,0,119988,0,119988
2022-07-23T01:08:48,0,119988,0,119988
2022-07-23T01:17:48,0,119988,0,119988
2022-07-23T01:26:46,0,119988,0,119988
2022-07-23T01:35:44,0,119988,0,119988
2022-07-23T01:44:42,0,119988,0,119988
2022-07-23T01:53:40,0,119988,0,119988
2022-07-23T02:02:39,0,119988,0,119988
2022-07-23T02:11:37,0,119988,0,119988
2022-07-23T02:20:34,0,119988,0,119988
2022-07-23T02:29:31,0,119988,0,119988
2022-07-23T02:38:28,0,119988,0,119988
2022-07-23T02:47:24,0,119988,0,119988
2022-07-23T02:56:22,0,119988,0,119988
2022-07-23T03:05:29,0,119988,0,119988
2022-07-23T03:14:26,0,119988,0,119988
2022-07-23T03:23:21,0,119988,0,119988
2022-07-23T03:32:16,0,119988,0,119988
2022-07-23T03:41:13,0,119988,0,119988
2022-07-23T03:50:12,0,119988,0,119988
2022-07-23T04:00:57,0,119988,0,119988
2022-07-23T04:20:06,0,119988,0,119988
2022-07-23T04:29:28,0,119988,0,119988
2022-07-23T04:38:27,0,119988,0,119988
2022-07-23T04:47:27,0,119988,0,119988
2022-07-23T04:56:28,0,119988,0,119988
2022-07-23T05:05:28,0,119988,0,119988
2022-07-23T05:14:38,0,119988,0,119988
2022-07-23T05:23:39,0,119988,0,119988
2022-07-23T05:32:38,0,119988,0,119988
2022-07-23T05:41:38,0,119988,0,119988
2022-07-23T05:50:38,0,119988,0,119988
2022-07-23T05:59:37,0,119988,0,119988
2022-07-23T06:08:36,0,119988,0,119988
2022-07-23T06:17:34,0,119988,0,119988
2022-07-23T06:26:33,0,119988,0,119988
2022-07-23T06:35:32,0,119988,0,119988
2022-07-23T06:44:33,0,119988,0,119988
2022-07-23T06:53:31,0,119988,0,119988
2022-07-23T07:02:30,0,119988,0,119988
2022-07-23T07:11:32,0,119988,0,119988
2022-07-23T07:20:31,0,119988,0,119988
2022-07-23T07:29:29,0,119988,0,119988
2022-07-23T07:38:27,0,119988,0,119988
2022-07-23T07:47:26,0,119988,0,119988
2022-07-23T07:56:24,0,119988,0,119988
2022-07-23T08:05:23,0,119988,0,119988
2022-07-23T08:14:21,0,119988,0,119988
2022-07-23T08:23:19,0,119988,0,119988
2022-07-23T08:32:19,0,119988,0,119988
2022-07-23T08:41:19,0,119988,0,119988
2022-07-23T08:50:18,0,119988,0,119988
2022-07-23T08:59:18,0,119988,0,119988
2022-07-23T09:08:16,0,119988,0,119988
2022-07-23T09:17:13,0,119988,0,119988
2022-07-23T09:26:11,0,119988,0,119988
2022-07-23T09:35:08,0,119988,0,119988
2022-07-23T09:44:06,0,119988,0,119988
2022-07-23T09:53:12,0,119988,0,119988
2022-07-23T10:02:09,0,119988,0,119988
2022-07-23T10:11:07,0,119988,0,119988
2022-07-23T10:20:05,0,119988,0,119988
2022-07-23T10:29:03,0,119988,0,119988
2022-07-23T10:38:00,0,119988,0,119988
2022-07-23T10:46:56,0,119988,0,119988
2022-07-23T10:55:52,0,119988,0,119988
2022-07-23T11:04:49,0,119988,0,119988
2022-07-23T11:13:45,0,119988,0,119988
2022-07-23T11:22:41,0,119988,0,119988
2022-07-23T11:31:38,0,119988,0,119988
2022-07-23T11:40:34,0,119988,0,119988
2022-07-23T11:49:30,0,119988,0,119988
2022-07-23T11:58:26,0,119988,0,119988
2022-07-23T12:07:23,0,119988,0,119988
2022-07-23T12:16:19,0,119988,0,119988
2022-07-23T12:25:15,0,119988,0,119988
2022-07-23T12:34:11,0,119988,0,119988
2022-07-23T12:43:08,0,119988,0,119988
2022-07-23T12:52:04,0,119988,0,119988
2022-07-23T13:01:00,0,119988,0,119988
2022-07-23T13:09:56,0,119988,0,119988
2022-07-23T13:18:53,0,119988,0,119988
2022-07-23T13:27:50,0,119988,0,119988
2022-07-23T13:36:47,0,119988,0,119988
2022-07-23T13:45:43,0,119988,0,119988
2022-07-23T13:54:40,0,119988,0,119988
2022-07-23T14:03:49,0,119988,0,119988
2022-07-23T14:12:45,0,119988,0,119988
2022-07-23T14:21:42,0,119988,0,119988
2022-07-23T14:30:38,0,119988,0,119988
2022-07-23T14:39:34,0,119988,0,119988
2022-07-23T14:48:31,0,119988,0,119988
2022-07-23T14:57:28,0,119988,0,119988
2022-07-23T15:06:24,0,119988,0,119988
2022-07-23T15:15:20,0,119988,0,119988
2022-07-23T15:24:16,0,119988,0,119988
2022-07-23T15:33:13,0,119988,0,119988
2022-07-23T15:42:09,0,119988,0,119988
2022-07-23T15:51:05,0,119988,0,119988
2022-07-23T16:00:01,0,119988,0,119988
2022-07-23T16:08:57,0,119988,0,119988
2022-07-23T16:17:54,0,119988,0,119988
2022-07-23T16:26:51,0,119988,0,119988
2022-07-23T16:35:47,0,119988,0,119988
2022-07-23T16:44:43,0,119988,0,119988
2022-07-23T16:53:39,0,119988,0,119988
2022-07-23T17:02:36,0,119988,0,119988
2022-07-23T17:11:32,0,119988,0,119988
2022-07-23T17:20:30,0,119988,0,119988
2022-07-23T17:29:26,0,119988,0,119988
2022-07-23T17:38:22,0,119988,0,119988
2022-07-23T17:47:17,0,119988,0,119988
2022-07-23T17:56:14,0,119988,0,119988
2022-07-23T18:05:10,0,119988,0,119988
2022-07-23T18:14:05,0,119988,0,119988
2022-07-23T18:23:02,0,119988,0,119988
2022-07-23T18:32:09,0,119988,0,119988
2022-07-23T18:41:06,0,119988,0,119988
2022-07-23T18:50:02,0,119988,0,119988
2022-07-23T18:58:57,0,119988,0,119988
2022-07-23T19:07:53,0,119988,0,119988
2022-07-23T19:16:49,0,119988,0,119988
2022-07-23T19:25:45,0,119988,0,119988
2022-07-23T19:34:41,0,119988,0,119988
2022-07-23T19:43:37,0,119988,0,119988
2022-07-23T19:52:33,0,119988,0,119988
2022-07-23T20:01:30,0,119988,0,119988
2022-07-23T20:10:28,0,119988,0,119988
2022-07-23T20:19:24,0,119988,0,119988
2022-07-23T20:28:21,0,119988,0,119988
2022-07-23T20:37:17,0,119988,0,119988
2022-07-23T20:46:13,0,119988,0,119988
2022-07-23T20:55:09,0,119988,0,119988
2022-07-23T21:04:06,0,119988,0,119988
2022-07-23T21:13:02,0,119988,0,119988
2022-07-23T21:21:58,0,119988,0,119988
2022-07-23T21:30:55,0,119988,0,119988
2022-07-23T21:39:51,0,119988,0,119988
2022-07-23T21:48:50,0,119988,0,119988
2022-07-23T21:57:46,0,119988,0,119988
2022-07-23T22:06:53,0,119988,0,119988
2022-07-23T22:15:49,0,119988,0,119988
2022-07-23T22:24:46,0,119988,0,119988
2022-07-23T22:33:42,0,119988,0,119988
2022-07-23T22:42:39,0,119988,0,119988
2022-07-23T22:51:35,0,119988,0,119988
2022-07-23T23:00:32,0,119988,0,119988
2022-07-23T23:09:29,0,119988,0,119988
2022-07-23T23:18:25,0,119988,0,119988
2022-07-23T23:27:22,0,119988,0,119988
2022-07-23T23:36:18,0,119988,0,119988
2022-07-23T23:45:14,0,119988,0,119988
2022-07-23T23:54:10,0,119988,0,119988
2022-07-24T00:03:08,0,119988,0,119988
2022-07-24T00:12:06,0,119988,0,119988
2022-07-24T00:21:06,0,119988,0,119988
2022-07-24T00:30:04,0,119988,0,119988
2022-07-24T00:39:01,0,119988,0,119988
2022-07-24T00:48:01,0,119988,0,119988
2022-07-24T00:56:57,0,119988,0,119988
2022-07-24T01:05:54,0,119988,0,119988
2022-07-24T01:14:50,0,119988,0,119988
2022-07-24T01:23:46,0,119988,0,119988
2022-07-24T01:32:42,0,119988,0,119988
2022-07-24T01:41:38,0,119988,0,119988
2022-07-24T01:50:45,0,119988,0,119988
2022-07-24T01:59:42,0,119988,0,119988
2022-07-24T02:08:39,0,119988,0,119988
2022-07-24T02:17:35,0,119988,0,119988
2022-07-24T02:26:37,0,119988,0,119988
2022-07-24T02:35:40,0,119988,0,119988
2022-07-24T02:44:40,0,119988,0,119988
2022-07-24T02:53:59,0,119988,0,119988
2022-07-24T03:02:57,0,119988,0,119988
2022-07-24T03:11:58,0,119988,0,119988
2022-07-24T03:20:58,0,119988,0,119988
2022-07-24T03:29:57,0,119988,0,119988
2022-07-24T03:38:57,0,119988,0,119988
2022-07-24T03:47:56,0,119988,0,119988
2022-07-24T03:56:54,0,119988,0,119988
2022-07-24T04:05:53,0,119988,0,119988
2022-07-24T04:21:20,0,119988,0,119988
2022-07-24T04:30:43,0,119988,0,119988
2022-07-24T04:39:43,0,119988,0,119988
2022-07-24T04:48:43,0,119988,0,119988
2022-07-24T04:57:43,0,119988,0,119988
2022-07-24T05:06:44,0,119988,0,119988
2022-07-24T05:15:44,0,119988,0,119988
2022-07-24T05:24:43,0,119988,0,119988
2022-07-24T05:33:44,0,119988,0,119988
2022-07-24T05:42:43,0,119988,0,119988
2022-07-24T05:51:42,0,119988,0,119988
2022-07-24T06:00:40,0,119988,0,119988
2022-07-24T06:09:40,0,119988,0,119988
2022-07-24T06:18:38,0,119988,0,119988
2022-07-24T06:27:37,0,119988,0,119988
2022-07-24T06:36:38,0,119988,0,119988
2022-07-24T06:45:36,0,119988,0,119988
2022-07-24T06:54:32,0,119988,0,119988
2022-07-24T07:03:29,0,119988,0,119988
2022-07-24T07:12:25,0,119988,0,119988
2022-07-24T07:21:22,0,119988,0,119988
2022-07-24T07:30:18,0,119988,0,119988
2022-07-24T07:39:15,0,119988,0,119988
2022-07-24T07:48:11,0,119988,0,119988
2022-07-24T07:57:07,0,119988,0,119988
2022-07-24T08:06:03,0,119988,0,119988
2022-07-24T08:15:00,0,119988,0,119988
2022-07-24T08:23:57,0,119988,0,119988
2022-07-24T08:32:56,0,119988,0,119988
2022-07-24T08:41:52,0,119988,0,119988
2022-07-24T08:50:50,0,119988,0,119988
2022-07-24T08:59:47,0,119988,0,119988
2022-07-24T09:08:44,0,119988,0,119988
2022-07-24T09:17:41,0,119988,0,119988
2022-07-24T09:26:37,0,119988,0,119988
2022-07-24T09:35:33,0,119988,0,119988
2022-07-24T09:44:34,0,119988,0,119988
2022-07-24T09:53:31,0,119988,0,119988
2022-07-24T10:02:29,0,119988,0,119988
2022-07-24T10:11:27,0,119988,0,119988
2022-07-24T10:20:24,0,119988,0,119988
2022-07-24T10:29:22,0,119988,0,119988
2022-07-24T10:38:19,0,119988,0,119988
2022-07-24T10:47:16,0,119988,0,119988
2022-07-24T10:56:13,0,119988,0,119988
2022-07-24T11:05:19,0,119988,0,119988
2022-07-24T11:14:16,0,119988,0,119988
2022-07-24T11:23:13,0,119988,0,119988
2022-07-24T11:32:10,0,119988,0,119988
2022-07-24T11:41:08,0,119988,0,119988
2022-07-24T11:50:05,0,119988,0,119988
2022-07-24T11:59:02,0,119988,0,119988
2022-07-24T12:07:59,0,119988,0,119988
2022-07-24T12:16:56,0,119988,0,119988
2022-07-24T12:25:53,0,119988,0,119988
2022-07-24T12:34:49,0,119988,0,119988
2022-07-24T12:43:46,0,119988,0,119988
2022-07-24T12:52:43,0,119988,0,119988
2022-07-24T13:01:40,0,119988,0,119988
2022-07-24T13:10:36,0,119988,0,119988
2022-07-24T13:19:33,0,119988,0,119988
2022-07-24T13:28:29,0,119988,0,119988
2022-07-24T13:37:26,0,119988,0,119988
2022-07-24T13:46:23,0,119988,0,119988
2022-07-24T13:55:20,0,119988,0,119988
2022-07-24T14:04:16,0,119988,0,119988
2022-07-24T14:13:25,0,119988,0,119988
2022-07-24T14:22:21,0,119988,0,119988
2022-07-24T14:31:18,0,119988,0,119988
2022-07-24T14:40:14,0,119988,0,119988
2022-07-24T14:49:11,0,119988,0,119988
2022-07-24T14:58:07,0,119988,0,119988
2022-07-24T15:07:04,0,119988,0,119988
2022-07-24T15:16:00,0,119988,0,119988
2022-07-24T15:24:57,0,119988,0,119988
2022-07-24T15:33:54,0,119988,0,119988
2022-07-24T15:42:50,0,119988,0,119988
2022-07-24T15:51:47,0,119988,0,119988
2022-07-24T16:00:43,0,119988,0,119988
2022-07-24T16:09:40,0,119988,0,119988
2022-07-24T16:18:37,0,119988,0,119988
2022-07-24T16:27:34,0,119988,0,119988
2022-07-24T16:36:31,0,119988,0,119988
2022-07-24T16:45:27,0,119988,0,119988
2022-07-24T16:54:24,0,119988,0,119988
2022-07-24T17:03:20,0,119988,0,119988
2022-07-24T17:12:17,0,119988,0,119988
2022-07-24T17:21:24,0,119988,0,119988
2022-07-24T17:30:20,0,119988,0,119988
2022-07-24T17:39:16,0,119988,0,119988
2022-07-24T17:48:13,0,119988,0,119988
2022-07-24T17:57:09,0,119988,0,119988
2022-07-24T18:06:06,0,119988,0,119988
2022-07-24T18:15:02,0,119988,0,119988
2022-07-24T18:23:59,0,119988,0,119988
2022-07-24T18:32:56,0,119988,0,119988
2022-07-24T18:41:52,0,119988,0,119988
2022-07-24T18:50:50,0,119988,0,119988
2022-07-24T18:59:46,0,119988,0,119988
2022-07-24T19:08:44,0,119988,0,119988
2022-07-24T19:17:40,0,119988,0,119988
2022-07-24T19:26:37,0,119988,0,119988
2022-07-24T19:35:34,0,119988,0,119988
2022-07-24T19:44:31,0,119988,0,119988
2022-07-24T19:53:28,0,119988,0,119988
2022-07-24T20:02:25,0,119988,0,119988
2022-07-24T20:11:22,0,119988,0,119988
2022-07-24T20:20:18,0,119988,0,119988
2022-07-24T20:29:25,0,119988,0,119988
2022-07-24T20:38:22,0,119988,0,119988
2022-07-24T20:47:19,0,119988,0,119988
2022-07-24T20:56:17,0,119988,0,119988
2022-07-24T21:05:14,0,119988,0,119988
2022-07-24T21:14:10,0,119988,0,119988
2022-07-24T21:23:07,0,119988,0,119988
2022-07-24T21:32:04,0,119988,0,119988
2022-07-24T21:41:01,0,119988,0,119988
2022-07-24T21:49:59,0,119988,0,119988
2022-07-24T21:58:56,0,119988,0,119988
2022-07-24T22:07:53,0,119988,0,119988
2022-07-24T22:16:50,0,119988,0,119988
2022-07-24T22:25:47,0,119988,0,119988
2022-07-24T22:34:45,0,119988,0,119988
2022-07-24T22:43:42,0,119988,0,119988
2022-07-24T22:52:38,0,119988,0,119988
2022-07-24T23:01:47,0,119988,0,119988
2022-07-24T23:10:46,0,119988,0,119988
2022-07-24T23:19:43,0,119988,0,119988
2022-07-24T23:28:42,0,119988,0,119988
2022-07-24T23:37:38,0,119988,0,119988
2022-07-24T23:46:35,0,119988,0,119988
2022-07-24T23:55:31,0,119988,0,119988
2022-07-25T00:04:29,0,119988,0,119988
2022-07-25T00:13:29,0,119988,0,119988
2022-07-25T00:22:33,0,119988,0,119988
2022-07-25T00:31:34,0,119988,0,119988
2022-07-25T00:40:42,0,119988,0,119988
2022-07-25T00:49:43,0,119988,0,119988
2022-07-25T00:58:41,0,119988,0,119988
2022-07-25T01:07:36,0,119988,0,119988
2022-07-25T01:16:34,0,119988,0,119988
2022-07-25T01:25:30,0,119988,0,119988
2022-07-25T01:34:27,0,119988,0,119988
2022-07-25T01:43:22,0,119988,0,119988
2022-07-25T01:52:17,0,119988,0,119988
2022-07-25T02:01:14,0,119988,0,119988
2022-07-25T02:10:11,0,119988,0,119988
2022-07-25T02:19:07,0,119988,0,119988
2022-07-25T02:28:02,0,119988,0,119988
2022-07-25T02:36:58,0,119988,0,119988
2022-07-25T02:45:53,0,119988,0,119988
2022-07-25T02:54:47,0,119988,0,119988
2022-07-25T03:03:41,0,119988,0,119988
2022-07-25T03:12:36,0,119988,0,119988
2022-07-25T03:21:31,0,119988,0,119988
2022-07-25T03:30:25,0,119988,0,119988
2022-07-25T03:39:20,0,119988,0,119988
2022-07-25T03:48:18,0,119988,0,119988
2022-07-25T03:57:15,0,119988,0,119988
2022-07-25T04:17:44,0,119988,0,119988
2022-07-25T04:28:00,0,119988,0,119988
2022-07-25T04:37:17,0,119988,0,119988
2022-07-25T04:46:18,0,119988,0,119988
2022-07-25T04:55:17,0,119988,0,119988
2022-07-25T05:04:20,0,119988,0,119988
2022-07-25T05:13:21,0,119988,0,119988
2022-07-25T05:22:20,0,119988,0,119988
2022-07-25T05:31:20,0,119988,0,119988
2022-07-25T05:40:20,0,119988,0,119988
2022-07-25T05:49:17,0,119988,0,119988
2022-07-25T05:58:15,0,119988,0,119988
2022-07-25T06:07:13,0,119988,0,119988
2022-07-25T06:16:11,0,119988,0,119988
2022-07-25T06:25:11,0,119988,0,119988
2022-07-25T06:34:09,0,119988,0,119988
2022-07-25T06:43:06,0,119988,0,119988
2022-07-25T06:52:04,0,119988,0,119988
2022-07-25T07:01:01,0,119988,0,119988
2022-07-25T07:09:58,0,119988,0,119988
2022-07-25T07:18:55,0,119988,0,119988
2022-07-25T07:27:53,0,119988,0,119988
2022-07-25T07:36:51,0,119988,0,119988
2022-07-25T07:45:48,0,119988,0,119988
2022-07-25T07:54:48,0,119988,0,119988
2022-07-25T08:03:46,0,119988,0,119988
2022-07-25T08:12:46,0,119988,0,119988
2022-07-25T08:21:49,0,119988,0,119988
2022-07-25T08:30:52,0,119988,0,119988
2022-07-25T08:39:50,0,119988,0,119988
2022-07-25T08:48:47,0,119988,0,119988
2022-07-25T08:57:45,0,119988,0,119988
2022-07-25T09:06:44,0,119988,0,119988
2022-07-25T09:15:42,0,119988,0,119988
2022-07-25T09:24:40,0,119988,0,119988
2022-07-25T09:33:38,0,119988,0,119988
2022-07-25T09:43:02,0,119988,0,119988
2022-07-25T09:52:00,0,119988,0,119988
2022-07-25T10:00:59,0,119988,0,119988
2022-07-25T10:09:57,0,119988,0,119988
2022-07-25T10:18:56,0,119988,0,119988
2022-07-25T10:27:54,0,119988,0,119988
2022-07-25T10:36:52,0,119988,0,119988
2022-07-25T10:45:50,0,119988,0,119988
2022-07-25T10:54:50,0,119988,0,119988
2022-07-25T11:03:49,0,119988,0,119988
2022-07-25T11:12:48,0,119988,0,119988
2022-07-25T11:21:46,0,119988,0,119988
2022-07-25T11:30:45,0,119988,0,119988
2022-07-25T11:39:43,0,119988,0,119988
2022-07-25T11:48:53,0,119988,0,119988
2022-07-25T11:57:52,0,119988,0,119988
2022-07-25T12:06:51,0,119988,0,119988
2022-07-25T12:15:49,0,119988,0,119988
2022-07-25T12:24:47,0,119988,0,119988
2022-07-25T12:33:45,0,119988,0,119988
2022-07-25T12:42:43,0,119988,0,119988
2022-07-25T12:51:41,0,119988,0,119988
2022-07-25T13:00:39,0,119988,0,119988
2022-07-25T13:09:38,0,119988,0,119988
2022-07-25T13:18:36,0,119988,0,119988
2022-07-25T13:27:35,0,119988,0,119988
2022-07-25T13:36:35,0,119988,0,119988
2022-07-25T13:45:44,0,119988,0,119988
2022-07-25T13:54:43,0,119988,0,119988
2022-07-25T14:03:43,0,119988,0,119988
2022-07-25T14:12:43,0,119988,0,119988
2022-07-25T14:21:42,0,119988,0,119988
2022-07-25T14:30:41,0,119988,0,119988
2022-07-25T14:39:41,0,119988,0,119988
2022-07-25T14:48:40,0,119988,0,119988
2022-07-25T14:57:39,0,119988,0,119988
2022-07-25T15:06:38,0,119988,0,119988
2022-07-25T15:15:36,0,119988,0,119988
2022-07-25T15:24:34,0,119988,0,119988
2022-07-25T15:33:33,0,119988,0,119988
2022-07-25T15:42:33,0,119988,0,119988
2022-07-25T15:51:42,0,119988,0,119988
2022-07-25T16:00:40,0,119988,0,119988
2022-07-25T16:09:39,0,119988,0,119988
2022-07-25T16:18:39,0,119988,0,119988
2022-07-25T16:27:38,0,119988,0,119988
2022-07-25T16:36:36,0,119988,0,119988
2022-07-25T16:45:33,0,119988,0,119988
2022-07-25T16:54:31,0,119988,0,119988
2022-07-25T17:03:30,0,119988,0,119988
2022-07-25T17:12:28,0,119988,0,119988
2022-07-25T17:21:26,0,119988,0,119988
2022-07-25T17:30:23,0,119988,0,119988
2022-07-25T17:39:21,0,119988,0,119988
2022-07-25T17:48:18,0,119988,0,119988
2022-07-25T17:57:15,0,119988,0,119988
2022-07-25T18:06:32,0,119988,0,119988
2022-07-25T18:15:29,0,119988,0,119988
2022-07-25T18:24:26,0,119988,0,119988
2022-07-25T18:33:24,0,119988,0,119988
2022-07-25T18:42:21,0,119988,0,119988
2022-07-25T18:51:18,0,119988,0,119988
2022-07-25T19:00:16,0,119988,0,119988
2022-07-25T19:09:15,0,119988,0,119988
2022-07-25T19:18:12,0,119988,0,119988
2022-07-25T19:27:11,0,119988,0,119988
2022-07-25T19:36:08,0,119988,0,119988
2022-07-25T19:45:05,0,119988,0,119988
2022-07-25T19:54:02,0,119988,0,119988
2022-07-25T20:03:10,0,119988,0,119988
2022-07-25T20:12:07,0,119988,0,119988
2022-07-25T20:21:04,0,119988,0,119988
2022-07-25T20:30:01,0,119988,0,119988
2022-07-25T20:38:58,0,119988,0,119988
2022-07-25T20:47:55,0,119988,0,119988
2022-07-25T20:56:52,0,119988,0,119988
2022-07-25T21:05:49,0,119988,0,119988
2022-07-25T21:14:46,0,119988,0,119988
2022-07-25T21:23:43,0,119988,0,119988
2022-07-25T21:32:41,0,119988,0,119988
2022-07-25T21:41:38,0,119988,0,119988
2022-07-25T21:50:35,0,119988,0,119988
2022-07-25T21:59:32,0,119988,0,119988
2022-07-25T22:08:30,0,119988,0,119988
2022-07-25T22:17:27,0,119988,0,119988
2022-07-25T22:26:24,0,119988,0,119988
2022-07-25T22:35:21,0,119988,0,119988
2022-07-25T22:44:30,0,119988,0,119988
2022-07-25T22:53:27,0,119988,0,119988
2022-07-25T23:02:26,0,119988,0,119988
2022-07-25T23:11:25,0,119988,0,119988
2022-07-25T23:20:23,0,119988,0,119988
2022-07-25T23:29:20,0,119988,0,119988
2022-07-25T23:38:17,0,119988,0,119988
2022-07-25T23:47:14,0,119988,0,119988
2022-07-25T23:56:10,0,119988,0,119988
2022-07-26T00:05:08,0,119988,0,119988
2022-07-26T00:14:07,0,119988,0,119988
2022-07-26T00:23:06,0,119988,0,119988
2022-07-26T00:32:05,0,119988,0,119988
2022-07-26T00:41:04,0,119988,0,119988
2022-07-26T00:50:05,0,119988,0,119988
2022-07-26T00:59:04,0,119988,0,119988
2022-07-26T01:08:30,0,119988,0,119988
2022-07-26T01:17:29,0,119988,0,119988
2022-07-26T01:26:28,0,119988,0,119988
2022-07-26T01:35:27,0,119988,0,119988
2022-07-26T01:44:25,0,119988,0,119988
2022-07-26T01:53:24,0,119988,0,119988
2022-07-26T02:02:23,0,119988,0,119988
2022-07-26T02:11:21,0,119988,0,119988
2022-07-26T02:20:19,0,119988,0,119988
2022-07-26T02:29:17,0,119988,0,119988
2022-07-26T02:38:14,0,119988,0,119988
2022-07-26T02:47:10,0,119988,0,119988
2022-07-26T02:56:07,0,119988,0,119988
2022-07-26T03:05:03,0,119988,0,119988
2022-07-26T03:13:59,0,119988,0,119988
2022-07-26T03:22:55,0,119988,0,119988
2022-07-26T03:31:51,0,119988,0,119988
2022-07-26T03:40:48,0,119988,0,119988
2022-07-26T03:49:46,0,119988,0,119988
2022-07-26T04:01:10,0,119988,0,119988
2022-07-26T04:10:10,0,119988,0,119988
2022-07-26T04:29:16,0,119988,0,119988
2022-07-26T04:38:40,0,119988,0,119988
2022-07-26T04:47:42,0,119988,0,119988
2022-07-26T04:56:56,0,119988,0,119988
2022-07-26T05:05:56,0,119988,0,119988
2022-07-26T05:14:57,0,119988,0,119988
2022-07-26T05:23:56,0,119988,0,119988
2022-07-26T05:32:59,0,119988,0,119988
2022-07-26T05:41:58,0,119988,0,119988
2022-07-26T05:50:57,0,119988,0,119988
2022-07-26T05:59:56,0,119988,0,119988
2022-07-26T06:08:59,0,119988,0,119988
2022-07-26T06:17:58,0,119988,0,119988
2022-07-26T06:26:57,0,119988,0,119988
2022-07-26T06:35:56,0,119988,0,119988
2022-07-26T06:44:56,0,119988,0,119988
2022-07-26T06:53:57,0,119988,0,119988
2022-07-26T07:02:58,0,119988,0,119988
2022-07-26T07:11:58,0,119988,0,119988
2022-07-26T07:20:58,0,119988,0,119988
2022-07-26T07:29:57,0,119988,0,119988
2022-07-26T07:38:56,0,119988,0,119988
2022-07-26T07:47:55,0,119988,0,119988
2022-07-26T07:56:55,0,119988,0,119988
2022-07-26T08:05:54,0,119988,0,119988
2022-07-26T08:14:54,0,119988,0,119988
2022-07-26T08:23:54,0,119988,0,119988
2022-07-26T08:32:54,0,119988,0,119988
2022-07-26T08:41:53,0,119988,0,119988
2022-07-26T08:50:51,0,119988,0,119988
2022-07-26T08:59:49,0,119988,0,119988
2022-07-26T09:08:47,0,119988,0,119988
2022-07-26T09:17:46,0,119988,0,119988
2022-07-26T09:26:44,0,119988,0,119988
2022-07-26T09:36:09,0,119988,0,119988
2022-07-26T09:45:07,0,119988,0,119988
2022-07-26T09:54:06,0,119988,0,119988
2022-07-26T10:03:04,0,119988,0,119988
2022-07-26T10:12:02,0,119988,0,119988
2022-07-26T10:21:01,0,119988,0,119988
2022-07-26T10:29:59,0,119988,0,119988
2022-07-26T10:38:57,0,119988,0,119988
2022-07-26T10:47:56,0,119988,0,119988
2022-07-26T10:56:55,0,119988,0,119988
2022-07-26T11:05:54,0,119988,0,119988
2022-07-26T11:14:53,0,119988,0,119988
2022-07-26T11:23:51,0,119988,0,119988
2022-07-26T11:32:50,0,119988,0,119988
2022-07-26T11:41:49,0,119988,0,119988
2022-07-26T11:50:48,0,119988,0,119988
2022-07-26T11:59:46,0,119988,0,119988
2022-07-26T12:08:44,0,119988,0,119988
2022-07-26T12:17:43,0,119988,0,119988
2022-07-26T12:26:53,0,119988,0,119988
2022-07-26T12:35:51,0,119988,0,119988
2022-07-26T12:44:49,0,119988,0,119988
2022-07-26T12:53:47,0,119988,0,119988
2022-07-26T13:02:45,0,119988,0,119988
2022-07-26T13:11:43,0,119988,0,119988
2022-07-26T13:20:42,0,119988,0,119988
2022-07-26T13:29:41,0,119988,0,119988
2022-07-26T13:38:39,0,119988,0,119988
2022-07-26T13:47:38,0,119988,0,119988
2022-07-26T13:57:04,0,119988,0,119988
2022-07-26T14:06:02,0,119988,0,119988
2022-07-26T14:15:01,0,119988,0,119988
2022-07-26T14:23:59,0,119988,0,119988
2022-07-26T14:32:58,0,119988,0,119988
2022-07-26T14:41:56,0,119988,0,119988
2022-07-26T14:50:54,0,119988,0,119988
2022-07-26T14:59:52,0,119988,0,119988
2022-07-26T15:08:51,0,119988,0,119988
2022-07-26T15:17:49,0,119988,0,119988
2022-07-26T15:26:47,0,119988,0,119988
2022-07-26T15:35:46,0,119988,0,119988
2022-07-26T15:44:45,0,119988,0,119988
2022-07-26T15:53:55,0,119988,0,119988
2022-07-26T16:02:54,0,119988,0,119988
2022-07-26T16:11:51,0,119988,0,119988
2022-07-26T16:20:49,0,119988,0,119988
2022-07-26T16:29:47,0,119988,0,119988
2022-07-26T16:38:45,0,119988,0,119988
2022-07-26T16:47:43,0,119988,0,119988
2022-07-26T16:56:41,0,119988,0,119988
2022-07-26T17:05:38,0,119988,0,119988
2022-07-26T17:14:36,0,119988,0,119988
2022-07-26T17:23:34,0,119988,0,119988
2022-07-26T17:32:50,0,119988,0,119988
2022-07-26T17:41:48,0,119988,0,119988
2022-07-26T17:50:45,0,119988,0,119988
2022-07-26T17:59:42,0,119988,0,119988
2022-07-26T18:08:39,0,119988,0,119988
2022-07-26T18:17:37,0,119988,0,119988
2022-07-26T18:26:34,0,119988,0,119988
2022-07-26T18:35:31,0,119988,0,119988
2022-07-26T18:44:29,0,119988,0,119988
2022-07-26T18:53:26,0,119988,0,119988
2022-07-26T19:02:24,0,119988,0,119988
2022-07-26T19:11:21,0,119988,0,119988
2022-07-26T19:20:19,0,119988,0,119988
2022-07-26T19:29:17,0,119988,0,119988
2022-07-26T19:38:14,0,119988,0,119988
2022-07-26T19:47:21,0,119988,0,119988
2022-07-26T19:56:18,0,119988,0,119988
2022-07-26T20:05:15,0,119988,0,119988
2022-07-26T20:14:13,0,119988,0,119988
2022-07-26T20:23:10,0,119988,0,119988
2022-07-26T20:32:07,0,119988,0,119988
2022-07-26T20:41:04,0,119988,0,119988
2022-07-26T20:50:01,0,119988,0,119988
2022-07-26T20:58:57,0,119988,0,119988
2022-07-26T21:07:55,0,119988,0,119988
2022-07-26T21:16:52,0,119988,0,119988
2022-07-26T21:25:49,0,119988,0,119988
2022-07-26T21:34:46,0,119988,0,119988
2022-07-26T21:43:43,0,119988,0,119988
2022-07-26T21:52:40,0,119988,0,119988
2022-07-26T22:01:37,0,119988,0,119988
2022-07-26T22:10:55,0,119988,0,119988
2022-07-26T22:19:52,0,119988,0,119988
2022-07-26T22:28:49,0,119988,0,119988
2022-07-26T22:37:45,0,119988,0,119988
2022-07-26T22:46:46,0,119988,0,119988
2022-07-26T22:55:42,0,119988,0,119988
2022-07-26T23:04:39,0,119988,0,119988
2022-07-26T23:13:37,0,119988,0,119988
2022-07-26T23:22:34,0,119988,0,119988
2022-07-26T23:31:31,0,119988,0,119988
2022-07-26T23:40:29,0,119988,0,119988
2022-07-26T23:49:26,0,119988,0,119988
2022-07-26T23:58:22,0,119988,0,119988
2022-07-27T00:07:20,0,119988,0,119988
2022-07-27T00:16:20,0,119988,0,119988
2022-07-27T00:25:18,0,119988,0,119988
2022-07-27T00:34:17,0,119988,0,119988
2022-07-27T00:43:16,0,119988,0,119988
2022-07-27T00:52:28,0,119988,0,119988
2022-07-27T01:01:28,0,119988,0,119988
2022-07-27T01:10:27,0,119988,0,119988
2022-07-27T01:19:26,0,119988,0,119988
2022-07-27T01:28:27,0,119988,0,119988
2022-07-27T01:37:26,0,119988,0,119988
2022-07-27T01:46:25,0,119988,0,119988
2022-07-27T01:55:25,0,119988,0,119988
2022-07-27T02:04:23,0,119988,0,119988
2022-07-27T02:13:21,0,119988,0,119988
2022-07-27T02:22:29,0,119988,0,119988
2022-07-27T02:31:28,0,119988,0,119988
2022-07-27T02:40:27,0,119988,0,119988
2022-07-27T02:49:26,0,119988,0,119988
2022-07-27T02:58:24,0,119988,0,119988
2022-07-27T03:07:21,0,119988,0,119988
2022-07-27T03:16:18,0,119988,0,119988
2022-07-27T03:25:15,0,119988,0,119988
2022-07-27T03:34:13,0,119988,0,119988
2022-07-27T03:43:11,0,119988,0,119988
2022-07-27T03:52:10,0,119988,0,119988
2022-07-27T04:01:08,0,119988,0,119988
2022-07-27T04:19:41,0,119988,0,119988
2022-07-27T04:29:04,0,119988,0,119988
2022-07-27T04:38:05,0,119988,0,119988
2022-07-27T04:47:05,0,119988,0,119988
2022-07-27T04:56:04,0,119988,0,119988
2022-07-27T05:05:04,0,119988,0,119988
2022-07-27T05:14:03,0,119988,0,119988
2022-07-27T05:23:02,0,119988,0,119988
2022-07-27T05:33:23,0,119988,0,119988
2022-07-27T05:42:40,0,119988,0,119988
2022-07-27T05:51:40,0,119988,0,119988
2022-07-27T06:00:40,0,119988,0,119988
2022-07-27T06:09:39,0,119988,0,119988
2022-07-27T06:18:37,0,119988,0,119988
2022-07-27T06:27:34,0,119988,0,119988
2022-07-27T06:36:31,0,119988,0,119988
2022-07-27T08:22:39,0,119988,0,119988
2022-07-27T08:32:08,0,119988,0,119988
2022-07-27T08:41:06,0,119988,0,119988
2022-07-27T08:50:05,0,119988,0,119988
2022-07-27T08:59:03,0,119988,0,119988
2022-07-27T09:08:02,0,119988,0,119988
2022-07-27T09:17:00,0,119988,0,119988
2022-07-27T09:25:59,0,119988,0,119988
2022-07-27T09:34:56,0,119988,0,119988
2022-07-27T09:43:55,0,119988,0,119988
2022-07-27T09:52:54,0,119988,0,119988
2022-07-27T10:01:53,0,119988,0,119988
2022-07-27T10:10:52,0,119988,0,119988
2022-07-27T10:19:51,0,119988,0,119988
2022-07-27T10:28:49,0,119988,0,119988
2022-07-27T10:37:48,0,119988,0,119988
2022-07-27T10:46:46,0,119988,0,119988
2022-07-27T10:55:45,0,119988,0,119988
2022-07-27T11:04:44,0,119988,0,119988
2022-07-27T11:13:42,0,119988,0,119988
2022-07-27T11:22:51,0,119988,0,119988
2022-07-27T11:31:50,0,119988,0,119988
2022-07-27T11:40:48,0,119988,0,119988
2022-07-27T11:49:47,0,119988,0,119988
2022-07-27T11:58:44,0,119988,0,119988
2022-07-27T12:07:43,0,119988,0,119988
2022-07-27T12:16:41,0,119988,0,119988
2022-07-27T12:25:39,0,119988,0,119988
2022-07-27T12:34:37,0,119988,0,119988
2022-07-27T12:43:35,0,119988,0,119988
2022-07-27T12:52:33,0,119988,0,119988
2022-07-27T13:01:32,0,119988,0,119988
2022-07-27T13:10:30,0,119988,0,119988
2022-07-27T13:19:29,0,119988,0,119988
2022-07-27T13:28:27,0,119988,0,119988
2022-07-27T13:37:25,0,119988,0,119988
2022-07-27T13:46:24,0,119988,0,119988
2022-07-27T13:55:34,0,119988,0,119988
2022-07-27T14:04:32,0,119988,0,119988
2022-07-27T14:13:31,0,119988,0,119988
2022-07-27T14:22:30,0,119988,0,119988
2022-07-27T14:31:28,0,119988,0,119988
2022-07-27T14:40:26,0,119988,0,119988
2022-07-27T14:49:25,0,119988,0,119988
2022-07-27T14:58:23,0,119988,0,119988
2022-07-27T15:07:21,0,119988,0,119988
2022-07-27T15:16:19,0,119988,0,119988
2022-07-27T15:25:17,0,119988,0,119988
2022-07-27T15:34:14,0,119988,0,119988
2022-07-27T15:43:13,0,119988,0,119988
2022-07-27T15:52:11,0,119988,0,119988
2022-07-27T16:01:09,0,119988,0,119988
2022-07-27T16:10:20,0,119988,0,119988
2022-07-27T16:19:18,0,119988,0,119988
2022-07-27T16:28:16,0,119988,0,119988
2022-07-27T16:37:13,0,119988,0,119988
2022-07-27T16:46:11,0,119988,0,119988
2022-07-27T16:55:09,0,119988,0,119988
2022-07-27T17:04:06,0,119988,0,119988
2022-07-27T17:13:05,0,119988,0,119988
2022-07-27T17:22:02,0,119988,0,119988
2022-07-27T17:30:59,0,119988,0,119988
2022-07-27T17:39:56,0,119988,0,119988
2022-07-27T17:48:53,0,119988,0,119988
2022-07-27T17:57:50,0,119988,0,119988
2022-07-27T18:06:58,0,119988,0,119988
2022-07-27T18:15:56,0,119988,0,119988
2022-07-27T18:24:54,0,119988,0,119988
2022-07-27T18:33:51,0,119988,0,119988
2022-07-27T18:42:48,0,119988,0,119988
2022-07-27T18:51:45,0,119988,0,119988
2022-07-27T19:00:42,0,119988,0,119988
2022-07-27T19:09:40,0,119988,0,119988
2022-07-27T19:18:37,0,119988,0,119988
2022-07-27T19:27:35,0,119988,0,119988
2022-07-27T19:36:32,0,119988,0,119988
2022-07-27T19:45:29,0,119988,0,119988
2022-07-27T19:54:26,0,119988,0,119988
2022-07-27T20:03:23,0,119988,0,119988
2022-07-27T20:12:20,0,119988,0,119988
2022-07-27T20:21:17,0,119988,0,119988
2022-07-27T20:30:14,0,119988,0,119988
2022-07-27T20:39:12,0,119988,0,119988
2022-07-27T20:48:09,0,119988,0,119988
2022-07-27T20:57:16,0,119988,0,119988
2022-07-27T21:06:13,0,119988,0,119988
2022-07-27T21:15:11,0,119988,0,119988
2022-07-27T21:24:08,0,119988,0,119988
2022-07-27T21:33:06,0,119988,0,119988
2022-07-27T21:42:04,0,119988,0,119988
2022-07-27T21:51:02,0,119988,0,119988
2022-07-27T22:00:00,0,119988,0,119988
2022-07-27T22:08:57,0,119988,0,119988
2022-07-27T22:17:54,0,119988,0,119988
2022-07-27T22:26:51,0,119988,0,119988
2022-07-27T22:35:48,0,119988,0,119988
2022-07-27T22:44:45,0,119988,0,119988
2022-07-27T22:53:42,0,119988,0,119988
2022-07-27T23:02:41,0,119988,0,119988
2022-07-27T23:11:38,0,119988,0,119988
2022-07-27T23:20:36,0,119988,0,119988
2022-07-27T23:29:33,0,119988,0,119988
2022-07-27T23:38:30,0,119988,0,119988
2022-07-27T23:47:27,0,119988,0,119988
2022-07-27T23:56:25,0,119988,0,119988
2022-07-28T00:05:22,0,119988,0,119988
2022-07-28T00:14:22,0,119988,0,119988
2022-07-28T00:23:21,0,119988,0,119988
2022-07-28T00:32:18,0,119988,0,119988
2022-07-28T00:41:49,0,119988,0,119988
2022-07-28T00:50:50,0,119988,0,119988
2022-07-28T00:59:49,0,119988,0,119988
2022-07-28T01:08:48,0,119988,0,119988
2022-07-28T01:17:47,0,119988,0,119988
2022-07-28T01:26:45,0,119988,0,119988
2022-07-28T01:35:44,0,119988,0,119988
2022-07-28T01:44:44,0,119988,0,119988
2022-07-28T01:53:43,0,119988,0,119988
2022-07-28T02:02:42,0,119988,0,119988
2022-07-28T02:11:40,0,119988,0,119988
2022-07-28T02:20:37,0,119988,0,119988
2022-07-28T02:29:34,0,119988,0,119988
2022-07-28T02:38:31,0,119988,0,119988
2022-07-28T02:47:28,0,119988,0,119988
2022-07-28T02:56:24,0,119988,0,119988
2022-07-28T03:05:20,0,119988,0,119988
2022-07-28T03:14:16,0,119988,0,119988
2022-07-28T03:23:13,0,119988,0,119988
2022-07-28T03:32:09,0,119988,0,119988
2022-07-28T03:41:07,0,119988,0,119988
2022-07-28T03:50:05,0,119988,0,119988
2022-07-28T03:59:03,0,119988,0,119988
2022-07-28T04:08:03,0,119988,0,119988
2022-07-28T04:28:22,0,119988,0,119988
2022-07-28T04:37:45,0,119988,0,119988
2022-07-28T04:46:46,0,119988,0,119988
2022-07-28T04:55:46,0,119988,0,119988
2022-07-28T05:04:48,0,119988,0,119988
2022-07-28T05:13:49,0,119988,0,119988
2022-07-28T05:22:48,0,119988,0,119988
2022-07-28T05:31:48,0,119988,0,119988
2022-07-28T05:40:47,0,119988,0,119988
2022-07-28T05:49:47,0,119988,0,119988
2022-07-28T05:58:49,0,119988,0,119988
2022-07-28T06:07:48,0,119988,0,119988
2022-07-28T06:16:48,0,119988,0,119988
2022-07-28T06:25:46,0,119988,0,119988
2022-07-28T06:34:45,0,119988,0,119988
2022-07-28T06:43:43,0,119988,0,119988
2022-07-28T06:52:41,0,119988,0,119988
2022-07-28T07:01:44,0,119988,0,119988
2022-07-28T07:10:44,0,119988,0,119988
2022-07-28T07:19:42,0,119988,0,119988
2022-07-28T07:28:41,0,119988,0,119988
2022-07-28T07:37:40,0,119988,0,119988
2022-07-28T07:46:39,0,119988,0,119988
2022-07-28T07:55:38,0,119988,0,119988
2022-07-28T08:04:40,0,119988,0,119988
2022-07-28T08:13:39,0,119988,0,119988
2022-07-28T08:22:38,0,119988,0,119988
2022-07-28T08:31:37,0,119988,0,119988
2022-07-28T08:40:35,0,119988,0,119988
2022-07-28T08:49:33,0,119988,0,119988
2022-07-28T08:58:31,0,119988,0,119988
2022-07-28T09:07:29,0,119988,0,119988
2022-07-28T09:16:27,0,119988,0,119988
2022-07-28T09:25:27,0,119988,0,119988
2022-07-28T09:34:27,0,119988,0,119988
2022-07-28T09:43:26,0,119988,0,119988
2022-07-28T09:52:35,0,119988,0,119988
2022-07-28T10:01:39,0,119988,0,119988
2022-07-28T10:10:44,0,119988,0,119988
2022-07-28T10:19:49,0,119988,0,119988
2022-07-28T10:28:53,0,119988,0,119988
2022-07-28T10:37:58,0,119988,0,119988
2022-07-28T10:47:04,0,119988,0,119988
2022-07-28T10:56:09,0,119988,0,119988
2022-07-28T11:05:14,0,119988,0,119988
2022-07-28T11:14:19,0,119988,0,119988
2022-07-28T11:23:24,0,119988,0,119988
2022-07-28T11:32:26,0,119988,0,119988
2022-07-28T11:41:39,0,119988,0,119988
2022-07-28T11:50:41,0,119988,0,119988
2022-07-28T11:59:39,0,119988,0,119988
2022-07-28T12:08:37,0,119988,0,119988
2022-07-28T12:17:35,0,119988,0,119988
2022-07-28T12:26:32,0,119988,0,119988
2022-07-28T12:35:30,0,119988,0,119988
2022-07-28T12:44:27,0,119988,0,119988
2022-07-28T12:53:25,0,119988,0,119988
2022-07-28T13:02:23,0,119988,0,119988
2022-07-28T13:11:21,0,119988,0,119988
2022-07-28T13:20:19,0,119988,0,119988
2022-07-28T13:29:17,0,119988,0,119988
2022-07-28T13:38:15,0,119988,0,119988
2022-07-28T13:47:14,0,119988,0,119988
2022-07-28T13:56:12,0,119988,0,119988
2022-07-28T14:05:12,0,119988,0,119988
2022-07-28T14:14:10,0,119988,0,119988
2022-07-28T14:23:08,0,119988,0,119988
2022-07-28T14:32:07,0,119988,0,119988
2022-07-28T14:41:16,0,119988,0,119988
2022-07-28T14:50:15,0,119988,0,119988
2022-07-28T14:59:14,0,119988,0,119988
2022-07-28T15:08:12,0,119988,0,119988
2022-07-28T15:17:11,0,119988,0,119988
2022-07-28T15:26:09,0,119988,0,119988
2022-07-28T15:35:07,0,119988,0,119988
2022-07-28T15:44:05,0,119988,0,119988
2022-07-28T15:53:03,0,119988,0,119988
2022-07-28T16:02:02,0,119988,0,119988
2022-07-28T16:11:00,0,119988,0,119988
2022-07-28T16:19:58,0,119988,0,119988
2022-07-28T16:28:55,0,119988,0,119988
2022-07-28T16:38:06,0,119988,0,119988
2022-07-28T16:47:03,0,119988,0,119988
2022-07-28T16:56:01,0,119988,0,119988
2022-07-28T17:04:59,0,119988,0,119988
2022-07-28T17:13:58,0,119988,0,119988
2022-07-28T17:22:55,0,119988,0,119988
2022-07-28T17:31:53,0,119988,0,119988
2022-07-28T17:40:50,0,119988,0,119988
2022-07-28T17:49:48,0,119988,0,119988
2022-07-28T17:58:46,0,119988,0,119988
2022-07-28T18:07:44,0,119988,0,119988
2022-07-28T18:16:42,0,119988,0,119988
2022-07-28T18:25:39,0,119988,0,119988
2022-07-28T18:34:37,0,119988,0,119988
2022-07-28T18:43:35,0,119988,0,119988
2022-07-28T18:52:32,0,119988,0,119988
2022-07-28T19:01:30,0,119988,0,119988
2022-07-28T19:10:28,0,119988,0,119988
2022-07-28T19:19:37,0,119988,0,119988
2022-07-28T19:28:35,0,119988,0,119988
2022-07-28T19:37:32,0,119988,0,119988
2022-07-28T19:46:29,0,119988,0,119988
2022-07-28T19:55:26,0,119988,0,119988
2022-07-28T20:04:23,0,119988,0,119988
2022-07-28T20:13:21,0,119988,0,119988
2022-07-28T20:22:18,0,119988,0,119988
2022-07-28T20:31:14,0,119988,0,119988
2022-07-28T20:40:12,0,119988,0,119988
2022-07-28T20:49:18,0,119988,0,119988
2022-07-28T20:58:27,0,119988,0,119988
2022-07-28T21:07:34,0,119988,0,119988
2022-07-28T21:16:41,0,119988,0,119988
2022-07-28T21:25:51,0,119988,0,119988
2022-07-28T21:35:06,0,119988,0,119988
2022-07-28T21:44:17,0,119988,0,119988
2022-07-28T21:53:30,0,119988,0,119988
2022-07-28T22:02:40,0,119988,0,119988
2022-07-28T22:12:02,0,119988,0,119988
2022-07-28T22:21:15,0,119988,0,119988
2022-07-28T22:30:24,0,119988,0,119988
2022-07-28T22:39:31,0,119988,0,119988
2022-07-28T22:48:40,0,119988,0,119988
2022-07-28T22:57:48,0,119988,0,119988
2022-07-28T23:06:58,0,119988,0,119988
2022-07-28T23:16:07,0,119988,0,119988
2022-07-28T23:25:16,0,119988,0,119988
2022-07-28T23:34:18,0,119988,0,119988
2022-07-28T23:43:21,0,119988,0,119988
2022-07-28T23:52:21,0,119988,0,119988
2022-07-29T00:01:21,0,119988,0,119988
2022-07-29T00:10:18,0,119988,0,119988
2022-07-29T00:19:21,0,119988,0,119988
2022-07-29T00:28:19,0,119988,0,119988
2022-07-29T00:37:19,0,119988,0,119988
2022-07-29T00:46:31,0,119988,0,119988
2022-07-29T00:55:32,0,119988,0,119988
2022-07-29T01:04:31,0,119988,0,119988
2022-07-29T01:13:31,0,119988,0,119988
2022-07-29T01:22:31,0,119988,0,119988
2022-07-29T01:31:32,0,119988,0,119988
2022-07-29T01:40:30,0,119988,0,119988
2022-07-29T01:49:29,0,119988,0,119988
2022-07-29T01:58:28,0,119988,0,119988
2022-07-29T02:07:27,0,119988,0,119988
2022-07-29T02:16:26,0,119988,0,119988
2022-07-29T02:25:24,0,119988,0,119988
2022-07-29T02:34:23,0,119988,0,119988
2022-07-29T02:43:21,0,119988,0,119988
2022-07-29T02:52:22,0,119988,0,119988
2022-07-29T03:01:22,0,119988,0,119988
2022-07-29T03:10:28,0,119988,0,119988
2022-07-29T03:19:26,0,119988,0,119988
2022-07-29T03:28:24,0,119988,0,119988
2022-07-29T03:37:23,0,119988,0,119988
2022-07-29T03:46:24,0,119988,0,119988
2022-07-29T03:55:23,0,119988,0,119988
2022-07-29T04:04:22,0,119988,0,119988
2022-07-29T04:21:26,0,119988,0,119988
2022-07-29T04:30:51,0,119988,0,119988
2022-07-29T04:39:51,0,119988,0,119988
2022-07-29T04:48:51,0,119988,0,119988
2022-07-29T04:57:51,0,119988,0,119988
2022-07-29T05:06:51,0,119988,0,119988
2022-07-29T05:15:52,0,119988,0,119988
2022-07-29T05:24:52,0,119988,0,119988
2022-07-29T05:33:53,0,119988,0,119988
2022-07-29T05:42:52,0,119988,0,119988
2022-07-29T05:51:51,0,119988,0,119988
2022-07-29T06:00:50,0,119988,0,119988
2022-07-29T06:09:49,0,119988,0,119988
2022-07-29T06:18:47,0,119988,0,119988
2022-07-29T06:27:46,0,119988,0,119988
2022-07-29T06:36:45,0,119988,0,119988
2022-07-29T06:45:44,0,119988,0,119988
2022-07-29T06:54:41,0,119988,0,119988
2022-07-29T07:03:39,0,119988,0,119988
2022-07-29T07:12:37,0,119988,0,119988
2022-07-29T07:21:35,0,119988,0,119988
2022-07-29T07:30:33,0,119988,0,119988
2022-07-29T07:39:30,0,119988,0,119988
2022-07-29T07:48:28,0,119988,0,119988
2022-07-29T07:57:25,0,119988,0,119988
2022-07-29T08:06:23,0,119988,0,119988
2022-07-29T08:15:20,0,119988,0,119988
2022-07-29T08:24:18,0,119988,0,119988
2022-07-29T08:33:16,0,119988,0,119988
2022-07-29T08:42:13,0,119988,0,119988
2022-07-29T08:51:11,0,119988,0,119988
2022-07-29T09:00:09,0,119988,0,119988
2022-07-29T09:09:15,0,119988,0,119988
2022-07-29T09:18:13,0,119988,0,119988
2022-07-29T09:27:11,0,119988,0,119988
2022-07-29T09:36:09,0,119988,0,119988
2022-07-29T09:45:07,0,119988,0,119988
2022-07-29T09:54:05,0,119988,0,119988
2022-07-29T10:03:05,0,119988,0,119988
2022-07-29T10:12:03,0,119988,0,119988
2022-07-29T10:21:01,0,119988,0,119988
2022-07-29T10:30:00,0,119988,0,119988
2022-07-29T10:38:58,0,119988,0,119988
2022-07-29T10:47:56,0,119988,0,119988
2022-07-29T10:56:54,0,119988,0,119988
2022-07-29T11:05:54,0,119988,0,119988
2022-07-29T11:14:52,0,119988,0,119988
2022-07-29T11:23:50,0,119988,0,119988
2022-07-29T11:33:01,0,119988,0,119988
2022-07-29T11:42:00,0,119988,0,119988
2022-07-29T11:50:58,0,119988,0,119988
2022-07-29T11:59:57,0,119988,0,119988
2022-07-29T12:08:55,0,119988,0,119988
2022-07-29T12:17:53,0,119988,0,119988
2022-07-29T12:26:51,0,119988,0,119988
2022-07-29T12:35:49,0,119988,0,119988
2022-07-29T12:44:47,0,119988,0,119988
2022-07-29T12:53:45,0,119988,0,119988
2022-07-29T13:02:43,0,119988,0,119988
2022-07-29T13:11:42,0,119988,0,119988
2022-07-29T13:20:40,0,119988,0,119988
2022-07-29T13:29:49,0,119988,0,119988
2022-07-29T13:38:47,0,119988,0,119988
2022-07-29T13:47:46,0,119988,0,119988
2022-07-29T13:56:45,0,119988,0,119988
2022-07-29T14:05:43,0,119988,0,119988
2022-07-29T14:14:43,0,119988,0,119988
2022-07-29T14:23:42,0,119988,0,119988
2022-07-29T14:32:42,0,119988,0,119988
2022-07-29T14:41:41,0,119988,0,119988
2022-07-29T14:50:41,0,119988,0,119988
2022-07-29T14:59:40,0,119988,0,119988
2022-07-29T15:08:40,0,119988,0,119988
2022-07-29T15:17:42,0,119988,0,119988
2022-07-29T15:26:41,0,119988,0,119988
2022-07-29T15:35:41,0,119988,0,119988
2022-07-29T15:44:52,0,119988,0,119988
2022-07-29T15:53:52,0,119988,0,119988
2022-07-29T16:02:52,0,119988,0,119988
2022-07-29T16:11:52,0,119988,0,119988
2022-07-29T16:20:53,0,119988,0,119988
2022-07-29T16:29:53,0,119988,0,119988
2022-07-29T16:38:53,0,119988,0,119988
2022-07-29T16:47:53,0,119988,0,119988
2022-07-29T16:56:53,0,119988,0,119988
2022-07-29T17:05:53,0,119988,0,119988
2022-07-29T17:14:53,0,119988,0,119988
2022-07-29T17:24:03,0,119988,0,119988
2022-07-29T17:33:03,0,119988,0,119988
2022-07-29T17:42:02,0,119988,0,119988
2022-07-29T17:51:02,0,119988,0,119988
2022-07-29T18:00:02,0,119988,0,119988
2022-07-29T18:09:03,0,119988,0,119988
2022-07-29T18:18:03,0,119988,0,119988
2022-07-29T18:27:02,0,119988,0,119988
2022-07-29T18:36:01,0,119988,0,119988
2022-07-29T18:45:01,0,119988,0,119988
2022-07-29T18:54:01,0,119988,0,119988
2022-07-29T19:03:00,0,119988,0,119988
2022-07-29T19:12:00,0,119988,0,119988
2022-07-29T19:20:59,0,119988,0,119988
2022-07-29T19:29:59,0,119988,0,119988
2022-07-29T19:38:59,0,119988,0,119988
2022-07-29T19:48:09,0,119988,0,119988
2022-07-29T19:57:08,0,119988,0,119988
2022-07-29T20:06:07,0,119988,0,119988
2022-07-29T20:15:09,0,119988,0,119988
2022-07-29T20:24:08,0,119988,0,119988
2022-07-29T20:33:07,0,119988,0,119988
2022-07-29T20:42:06,0,119988,0,119988
2022-07-29T20:51:05,0,119988,0,119988
2022-07-29T21:00:04,0,119988,0,119988
2022-07-29T21:09:03,0,119988,0,119988
2022-07-29T21:18:02,0,119988,0,119988
